{"textures":{"4":"modelengine:entity/mega_warden"},"elements":[{"from":[8.0,1.1428566,7.285714],"to":[10.857143,8.0,8.428572],"rotation":{"angle":0.0,"axis":"y","origin":[9.142858,6.857143,6.714286]},"faces":{"east":{"uv":[6.6895,7.752,6.8105,8.498],"rotation":0,"texture":"#4","tintindex":0},"south":{"uv":[6.9395,7.627,7.248,8.373],"rotation":0,"texture":"#4","tintindex":0},"north":{"uv":[4.3145,4.9395,4.623,5.6855],"rotation":0,"texture":"#4","tintindex":0},"west":{"uv":[6.8145,7.752,6.9355,8.498],"rotation":0,"texture":"#4","tintindex":0},"up":{"uv":[3.748,2.623,3.4395,2.502],"rotation":0,"texture":"#4","tintindex":0},"down":{"uv":[4.0605,2.502,3.752,2.623],"rotation":0,"texture":"#4","tintindex":0}}}],"display":{"head":{"translation":[0.0,-6.4,0.0],"scale":[4.0,4.0,4.0]}}}