{"textures":{"0":"modelengine:entity/mso_overlord_soulfire","1":"modelengine:entity/mso_overlord_soulfire_e"},"elements":[{"name":"cube","from":[7.388,6.788,7.388],"to":[8.612,8.012,8.612],"rotation":{"angle":0.0,"axis":"x","origin":[8.0,7.4,8.0]},"faces":{"down":{"uv":[1.0,11.875,0.75,12.125],"rotation":0,"texture":"#0","tintindex":0},"east":{"uv":[0.25,11.875,0.5,12.125],"rotation":0,"texture":"#0","tintindex":0},"north":{"uv":[11.875,0.0,12.125,0.25],"rotation":0,"texture":"#0","tintindex":0},"south":{"uv":[11.875,0.25,12.125,0.5],"rotation":0,"texture":"#0","tintindex":0},"up":{"uv":[12.125,0.75,11.875,0.5],"rotation":0,"texture":"#0","tintindex":0},"west":{"uv":[0.5,11.875,0.75,12.125],"rotation":0,"texture":"#0","tintindex":0}}}],"display":{"head":{"translation":[0.0,-6.4,0.0],"rotation":[0.0,0.0,0.0],"scale":[3.8095,3.8095,3.8095]}}}