{"textures":{"0":"modelengine:entity/mso_overlord_soulfire","1":"modelengine:entity/mso_overlord_soulfire_e"},"elements":[{"name":"cube","from":[7.388,6.788,7.388],"to":[8.612,8.012,8.612],"rotation":{"angle":0.0,"axis":"x","origin":[8.0,7.4,8.0]},"faces":{"down":{"uv":[7.75,11.375,7.5,11.625],"rotation":0,"texture":"#0","tintindex":0},"east":{"uv":[2.5,11.125,2.75,11.375],"rotation":0,"texture":"#0","tintindex":0},"north":{"uv":[1.5,10.75,1.75,11.0],"rotation":0,"texture":"#0","tintindex":0},"south":{"uv":[7.5,11.125,7.75,11.375],"rotation":0,"texture":"#0","tintindex":0},"up":{"uv":[6.5,11.625,6.25,11.375],"rotation":0,"texture":"#0","tintindex":0},"west":{"uv":[2.5,11.375,2.75,11.625],"rotation":0,"texture":"#0","tintindex":0}}}],"display":{"head":{"translation":[0.0,-6.4,0.0],"rotation":[0.0,0.0,0.0],"scale":[3.8095,3.8095,3.8095]}}}