{"textures":{"0":"modelengine:entity/mso_overlord_soulfire","1":"modelengine:entity/mso_overlord_soulfire_e"},"elements":[{"name":"cube","from":[7.394,6.7939997,7.394],"to":[8.606,8.0060005,8.606],"rotation":{"angle":0.0,"axis":"x","origin":[8.0,7.4,8.0]},"faces":{"down":{"uv":[12.0,7.875,11.75,8.125],"rotation":0,"texture":"#0","tintindex":0},"east":{"uv":[6.375,11.75,6.625,12.0],"rotation":0,"texture":"#0","tintindex":0},"north":{"uv":[5.375,11.75,5.625,12.0],"rotation":0,"texture":"#0","tintindex":0},"south":{"uv":[6.625,11.75,6.875,12.0],"rotation":0,"texture":"#0","tintindex":0},"up":{"uv":[7.375,12.0,7.125,11.75],"rotation":0,"texture":"#0","tintindex":0},"west":{"uv":[6.875,11.75,7.125,12.0],"rotation":0,"texture":"#0","tintindex":0}}}],"display":{"head":{"translation":[0.0,-6.4,0.0],"rotation":[0.0,0.0,0.0],"scale":[3.8095,3.8095,3.8095]}}}