{"textures":{"0":"modelengine:entity/mso_overlord_soulfire","1":"modelengine:entity/mso_overlord_soulfire_e"},"elements":[{"name":"cube","from":[5.6,6.9125,6.2],"to":[10.4,9.3125,9.8],"rotation":{"angle":0.0,"axis":"x","origin":[3.1999998,-8.687501,1.9999998]},"faces":{"down":{"uv":[2.875,8.0,1.875,8.75],"rotation":0,"texture":"#0","tintindex":0},"east":{"uv":[9.875,3.75,10.625,4.25],"rotation":0,"texture":"#0","tintindex":0},"north":{"uv":[5.375,9.0,6.375,9.5],"rotation":0,"texture":"#0","tintindex":0},"south":{"uv":[9.0,6.125,10.0,6.625],"rotation":0,"texture":"#0","tintindex":0},"up":{"uv":[5.625,8.5,4.625,7.75],"rotation":0,"texture":"#0","tintindex":0},"west":{"uv":[1.0,10.0,1.75,10.5],"rotation":0,"texture":"#0","tintindex":0}}}],"display":{"head":{"translation":[0.0,-6.4,0.0],"rotation":[0.0,0.0,0.0],"scale":[3.8095,3.8095,3.8095]}}}