{"textures":{"0":"modelengine:entity/mso_overlord_soulfire","1":"modelengine:entity/mso_overlord_soulfire_e"},"elements":[{"name":"cube","from":[6.74,7.34,6.14],"to":[9.26,8.66,8.06],"rotation":{"angle":0.0,"axis":"x","origin":[11.3,7.4,3.4999998]},"faces":{"down":{"uv":[11.625,7.625,11.125,8.0],"rotation":0,"texture":"#0","tintindex":0},"east":{"uv":[3.375,11.5,3.75,11.75],"rotation":0,"texture":"#0","tintindex":0},"north":{"uv":[2.875,11.5,3.375,11.75],"rotation":0,"texture":"#0","tintindex":0},"south":{"uv":[11.5,2.875,12.0,3.125],"rotation":0,"texture":"#0","tintindex":0},"up":{"uv":[11.625,7.625,11.125,7.25],"rotation":0,"texture":"#0","tintindex":0},"west":{"uv":[5.25,11.5,5.625,11.75],"rotation":0,"texture":"#0","tintindex":0}}}],"display":{"head":{"translation":[0.0,-6.4,0.0],"rotation":[0.0,0.0,0.0],"scale":[3.8095,3.8095,3.8095]}}}