{"textures":{"0":"modelengine:entity/mso_twinkler"},"elements":[{"name":"cube","from":[4.3999996,3.6,3.6124997],"to":[11.6,10.8,8.4125],"rotation":{"angle":0.0,"axis":"x","origin":[6.815,3.6,3.6124997]},"faces":{"down":{"uv":[5.75,2.5,4.25,3.5],"rotation":0,"texture":"#0","tintindex":0},"east":{"uv":[3.75,3.75,4.75,5.25],"rotation":0,"texture":"#0","tintindex":0},"north":{"uv":[0.0,2.0,1.5,3.5],"rotation":0,"texture":"#0","tintindex":0},"south":{"uv":[1.5,2.0,3.0,3.5],"rotation":0,"texture":"#0","tintindex":0},"up":{"uv":[5.75,2.5,4.25,1.5],"rotation":0,"texture":"#0","tintindex":0},"west":{"uv":[4.25,0.0,5.25,1.5],"rotation":0,"texture":"#0","tintindex":0}}}],"display":{"head":{"translation":[0.0,-6.4,0.0],"rotation":[0.0,0.0,0.0],"scale":[3.8095,3.8095,3.8095]}}}