{"textures":{"0":"modelengine:entity/mso_twinkler"},"elements":[{"name":"cube","from":[5.6,5.0,4.6287494],"to":[10.4,9.8,8.22875],"rotation":{"angle":0.0,"axis":"x","origin":[5.615,5.0,1.0287495]},"faces":{"down":{"uv":[5.5,6.0,4.5,6.75],"rotation":0,"texture":"#0","tintindex":0},"east":{"uv":[5.75,3.25,6.5,4.25],"rotation":0,"texture":"#0","tintindex":0},"north":{"uv":[4.75,5.0,5.75,6.0],"rotation":0,"texture":"#0","tintindex":0},"south":{"uv":[5.25,0.0,6.25,1.0],"rotation":0,"texture":"#0","tintindex":0},"up":{"uv":[6.75,6.0,5.75,5.25],"rotation":0,"texture":"#0","tintindex":0},"west":{"uv":[5.75,4.25,6.5,5.25],"rotation":0,"texture":"#0","tintindex":0}}},{"name":"cube","from":[5.6,9.8,4.6287494],"to":[5.6,12.2,8.22875],"rotation":{"angle":0.0,"axis":"x","origin":[5.615,5.0,1.0287495]},"faces":{"down":{"uv":[0.0,0.0,0.0,0.75],"rotation":0,"texture":"#0","tintindex":0},"east":{"uv":[7.0,6.0,7.75,6.5],"rotation":0,"texture":"#0","tintindex":0},"north":{"uv":[0.0,0.0,0.0,0.5],"rotation":0,"texture":"#0","tintindex":0},"south":{"uv":[0.0,0.0,0.0,0.5],"rotation":0,"texture":"#0","tintindex":0},"up":{"uv":[0.0,0.75,0.0,0.0],"rotation":0,"texture":"#0","tintindex":0},"west":{"uv":[7.0,6.5,7.75,7.0],"rotation":0,"texture":"#0","tintindex":0}}},{"name":"cube","from":[10.4,9.8,4.6287494],"to":[10.4,12.2,8.22875],"rotation":{"angle":0.0,"axis":"x","origin":[10.385,5.0,1.0287495]},"faces":{"down":{"uv":[0.0,0.0,0.0,0.75],"rotation":0,"texture":"#0","tintindex":0},"east":{"uv":[7.0,7.0,7.75,7.5],"rotation":0,"texture":"#0","tintindex":0},"north":{"uv":[0.0,0.0,0.0,0.5],"rotation":0,"texture":"#0","tintindex":0},"south":{"uv":[0.0,0.0,0.0,0.5],"rotation":0,"texture":"#0","tintindex":0},"up":{"uv":[0.0,0.75,0.0,0.0],"rotation":0,"texture":"#0","tintindex":0},"west":{"uv":[7.25,4.75,8.0,5.25],"rotation":0,"texture":"#0","tintindex":0}}}],"display":{"head":{"translation":[0.0,-6.4,0.0],"rotation":[0.0,0.0,0.0],"scale":[3.8095,3.8095,3.8095]}}}