{"textures":{"0":"modelengine:entity/mso_twinkler"},"elements":[{"name":"cube","from":[6.2060003,7.106,3.4459996],"to":[9.794001,8.894,8.594],"rotation":{"angle":0.0,"axis":"x","origin":[8.0,8.0,9.02]},"faces":{"down":{"uv":[4.5,5.25,3.75,6.375],"rotation":0,"texture":"#0","tintindex":0},"east":{"uv":[7.0,4.0,8.125,4.375],"rotation":0,"texture":"#0","tintindex":0},"north":{"uv":[7.375,0.5,8.125,0.875],"rotation":0,"texture":"#0","tintindex":0},"south":{"uv":[3.5,7.375,4.25,7.75],"rotation":0,"texture":"#0","tintindex":0},"up":{"uv":[3.75,6.125,3.0,5.0],"rotation":0,"texture":"#0","tintindex":0},"west":{"uv":[7.0,4.375,8.125,4.75],"rotation":0,"texture":"#0","tintindex":0}}},{"name":"cube","from":[6.5,8.9,3.7399995],"to":[9.5,9.5,3.7399995],"rotation":{"angle":0.0,"axis":"x","origin":[5.915,5.8999996,5.3]},"faces":{"down":{"uv":[0.75,0.0,0.0,0.0],"rotation":0,"texture":"#0","tintindex":0},"east":{"uv":[0.0,0.0,0.0,0.125],"rotation":0,"texture":"#0","tintindex":0},"north":{"uv":[7.0,7.625,7.75,7.75],"rotation":0,"texture":"#0","tintindex":0},"south":{"uv":[7.0,7.625,7.75,7.75],"rotation":0,"texture":"#0","tintindex":0},"up":{"uv":[0.75,0.0,0.0,0.0],"rotation":0,"texture":"#0","tintindex":0},"west":{"uv":[0.0,0.0,0.0,0.125],"rotation":0,"texture":"#0","tintindex":0}}},{"name":"cube","from":[6.5,8.9,3.7399995],"to":[6.5,9.5,8.9],"rotation":{"angle":0.0,"axis":"x","origin":[5.915,5.8999996,5.3]},"faces":{"down":{"uv":[0.0,0.0,0.0,1.125],"rotation":0,"texture":"#0","tintindex":0},"east":{"uv":[7.5,3.875,8.625,4.0],"rotation":0,"texture":"#0","tintindex":0},"north":{"uv":[0.0,0.0,0.0,0.125],"rotation":0,"texture":"#0","tintindex":0},"south":{"uv":[0.0,0.0,0.0,0.125],"rotation":0,"texture":"#0","tintindex":0},"up":{"uv":[0.0,1.125,0.0,0.0],"rotation":0,"texture":"#0","tintindex":0},"west":{"uv":[7.25,5.875,8.375,6.0],"rotation":0,"texture":"#0","tintindex":0}}},{"name":"cube","from":[9.5,8.9,3.7399995],"to":[9.5,9.5,8.9],"rotation":{"angle":0.0,"axis":"x","origin":[5.315,5.8999996,5.3]},"faces":{"down":{"uv":[0.0,0.0,0.0,1.125],"rotation":0,"texture":"#0","tintindex":0},"east":{"uv":[7.5,3.875,8.625,4.0],"rotation":0,"texture":"#0","tintindex":0},"north":{"uv":[0.0,0.0,0.0,0.125],"rotation":0,"texture":"#0","tintindex":0},"south":{"uv":[0.0,0.0,0.0,0.125],"rotation":0,"texture":"#0","tintindex":0},"up":{"uv":[0.0,1.125,0.0,0.0],"rotation":0,"texture":"#0","tintindex":0},"west":{"uv":[7.25,5.875,8.375,6.0],"rotation":0,"texture":"#0","tintindex":0}}}],"display":{"head":{"translation":[0.0,-6.4,0.0],"rotation":[0.0,0.0,0.0],"scale":[3.8095,3.8095,3.8095]}}}