{"textures":{"0":"modelengine:entity/mso_twinkler"},"elements":[{"name":"cube","from":[6.8,3.7999997,6.8],"to":[9.2,8.6,9.2],"rotation":{"angle":0.0,"axis":"x","origin":[8.0,8.0,8.0]},"faces":{"down":{"uv":[7.0,7.5,6.5,8.0],"rotation":0,"texture":"#0","tintindex":0},"east":{"uv":[6.75,5.0,7.25,6.0],"rotation":0,"texture":"#0","tintindex":0},"north":{"uv":[5.0,6.75,5.5,7.75],"rotation":0,"texture":"#0","tintindex":0},"south":{"uv":[7.0,1.0,7.5,2.0],"rotation":0,"texture":"#0","tintindex":0},"up":{"uv":[6.5,8.0,6.0,7.5],"rotation":0,"texture":"#0","tintindex":0},"west":{"uv":[7.0,3.0,7.5,4.0],"rotation":0,"texture":"#0","tintindex":0}}}],"display":{"head":{"translation":[0.0,-6.4,0.0],"rotation":[0.0,0.0,0.0],"scale":[3.8095,3.8095,3.8095]}}}