{"textures":{"0":"modelengine:entity/mso_twinkler"},"elements":[{"name":"left_backleg","from":[6.8,3.7999997,6.8],"to":[9.2,8.6,9.2],"rotation":{"angle":0.0,"axis":"x","origin":[8.0,8.0,8.0]},"faces":{"down":{"uv":[8.0,0.875,7.5,1.375],"rotation":0,"texture":"#0","tintindex":0},"east":{"uv":[4.0,6.375,4.5,7.375],"rotation":0,"texture":"#0","tintindex":0},"north":{"uv":[3.5,6.375,4.0,7.375],"rotation":0,"texture":"#0","tintindex":0},"south":{"uv":[6.5,1.0,7.0,2.0],"rotation":0,"texture":"#0","tintindex":0},"up":{"uv":[5.75,1.5,5.25,1.0],"rotation":0,"texture":"#0","tintindex":0},"west":{"uv":[2.0,6.5,2.5,7.5],"rotation":0,"texture":"#0","tintindex":0}}}],"display":{"head":{"translation":[0.0,-6.4,0.0],"rotation":[0.0,0.0,0.0],"scale":[3.8095,3.8095,3.8095]}}}