{"textures":{"0":"modelengine:entity/mso_twinkler"},"elements":[{"name":"cube","from":[4.9849997,4.7149997,7.28],"to":[10.985001,10.715,13.28],"rotation":{"angle":0.0,"axis":"x","origin":[6.2,4.7149997,3.6799998]},"faces":{"down":{"uv":[3.75,3.75,2.5,5.0],"rotation":0,"texture":"#0","tintindex":0},"east":{"uv":[3.0,1.25,4.25,2.5],"rotation":0,"texture":"#0","tintindex":0},"north":{"uv":[3.0,0.0,4.25,1.25],"rotation":0,"texture":"#0","tintindex":0},"south":{"uv":[3.0,2.5,4.25,3.75],"rotation":0,"texture":"#0","tintindex":0},"up":{"uv":[2.5,4.75,1.25,3.5],"rotation":0,"texture":"#0","tintindex":0},"west":{"uv":[0.0,3.5,1.25,4.75],"rotation":0,"texture":"#0","tintindex":0}}}],"display":{"head":{"translation":[0.0,-6.4,0.0],"rotation":[0.0,0.0,0.0],"scale":[3.8095,3.8095,3.8095]}}}