{"textures":{"0":"modelengine:entity/mso_twinkler"},"elements":[{"name":"cube","from":[7.985,6.8599997,2.5099995],"to":[7.985,16.34,9.59],"rotation":{"angle":22.5,"axis":"x","origin":[8.0,3.1999998,6.05]},"faces":{"down":{"uv":[0.0,0.0,0.0,1.5],"rotation":0,"texture":"#0","tintindex":0},"east":{"uv":[0.0,0.0,1.5,2.0],"rotation":0,"texture":"#0","tintindex":0},"north":{"uv":[0.0,0.0,0.0,2.0],"rotation":0,"texture":"#0","tintindex":0},"south":{"uv":[0.0,0.0,0.0,2.0],"rotation":0,"texture":"#0","tintindex":0},"up":{"uv":[0.0,1.5,0.0,0.0],"rotation":0,"texture":"#0","tintindex":0},"west":{"uv":[1.5,0.0,3.0,2.0],"rotation":0,"texture":"#0","tintindex":0}}}],"display":{"head":{"translation":[0.0,-6.4,0.0],"rotation":[0.0,0.0,0.0],"scale":[3.8095,3.8095,3.8095]}}}