{"textures":{"0":"modelengine:entity/ecnpcs_demon_mage"},"elements":[{"from":[6.5714283,6.5714283,7.428571],"to":[9.428572,10.0,8.571428],"rotation":{"angle":0.0,"axis":"y","origin":[8.857143,11.714286,9.142858]},"faces":{"east":{"uv":[11.875,9.25,12.0,10.0],"rotation":0,"texture":"#0","tintindex":0},"south":{"uv":[8.5625,7.875,8.875,8.625],"rotation":0,"texture":"#0","tintindex":0},"north":{"uv":[11.6875,7.75,12.0,8.5],"rotation":0,"texture":"#0","tintindex":0},"west":{"uv":[12.0,9.25,12.125,10.0],"rotation":0,"texture":"#0","tintindex":0},"up":{"uv":[13.0625,5.375,12.75,5.125],"rotation":0,"texture":"#0","tintindex":0},"down":{"uv":[13.0625,5.375,12.75,5.625],"rotation":0,"texture":"#0","tintindex":0}}}],"display":{"head":{"translation":[0.0,-6.4,0.0],"scale":[4.0,4.0,4.0]}}}