{"textures":{"0":"modelengine:entity/ecnpcs_demon_mage"},"elements":[{"from":[6.5714283,3.6760974,6.542653],"to":[9.428572,8.247526,8.828367],"rotation":{"angle":22.5,"axis":"x","origin":[8.285714,5.3332405,8.6569395]},"faces":{"east":{"uv":[11.0625,7.25,11.3125,8.25],"rotation":0,"texture":"#0","tintindex":0},"south":{"uv":[9.5625,6.25,9.875,7.25],"rotation":0,"texture":"#0","tintindex":0},"north":{"uv":[9.25,6.25,9.5625,7.25],"rotation":0,"texture":"#0","tintindex":0},"west":{"uv":[8.3125,7.375,8.5625,8.375],"rotation":0,"texture":"#0","tintindex":0},"up":{"uv":[12.5625,5.125,12.25,4.625],"rotation":0,"texture":"#0","tintindex":0},"down":{"uv":[12.625,0.5,12.3125,1.0],"rotation":0,"texture":"#0","tintindex":0}}}],"display":{"head":{"translation":[0.0,-6.4,0.0],"scale":[4.0,4.0,4.0]}}}