{
	"credit": "Made with Blockbench",
	"texture_size": [32, 32],
	"textures": {
		"0": "item/axe/animation-1",
		"1": "item/axe/texture",
		"particle": "item/axe/animation-1"
	},
	"elements": [
		{
			"from": [7.28, 1.08, 7.3],
			"to": [8.68, 6.68, 8.7],
			"rotation": {"angle": 0, "axis": "y", "origin": [7.98, 8.22, 8]},
			"faces": {
				"north": {"uv": [2.75, 4.516, 2.016, 7.25], "texture": "#0"},
				"east": {"uv": [1.75, 4.516, 1.016, 7.25], "texture": "#0"},
				"south": {"uv": [0.75, 4.516, 0.016, 7.25], "texture": "#0"},
				"west": {"uv": [1.016, 4.516, 1.75, 7.25], "texture": "#0"},
				"up": {"uv": [10.75, 3.016, 10.016, 3.75], "texture": "#0"},
				"down": {"uv": [4.75, 10.75, 4.016, 10.016], "texture": "#0"}
			}
		},
		{
			"from": [7.28, 6.82, 7.3],
			"to": [8.68, 7.94, 8.7],
			"rotation": {"angle": 0, "axis": "y", "origin": [7.98, 8.22, 8]},
			"faces": {
				"north": {"uv": [11.25, 11.016, 10.516, 11.484], "texture": "#0"},
				"east": {"uv": [11.75, 10.016, 11.016, 10.484], "texture": "#0"},
				"south": {"uv": [10.25, 11.016, 9.516, 11.484], "texture": "#0"},
				"west": {"uv": [11.75, 10.516, 11.016, 10.984], "texture": "#0"},
				"up": {"uv": [10.75, 8.016, 10.016, 8.75], "texture": "#0"},
				"down": {"uv": [9.75, 10.75, 9.016, 10.016], "texture": "#0"}
			}
		},
		{
			"from": [7.14, 8.22, 7.16],
			"to": [8.82, 12.42, 8.84],
			"rotation": {"angle": 0, "axis": "y", "origin": [7.98, 8.22, 8]},
			"faces": {
				"north": {"uv": [8.75, 0.016, 8.016, 1.984], "texture": "#0"},
				"east": {"uv": [8.75, 0.016, 8.016, 1.984], "texture": "#0"},
				"south": {"uv": [8.75, 0.016, 8.016, 1.984], "texture": "#0"},
				"west": {"uv": [8.75, 0.016, 8.016, 1.984], "texture": "#0"},
				"up": {"uv": [0.75, 10.516, 0.016, 11.25], "texture": "#0"},
				"down": {"uv": [1.75, 11.25, 1.016, 10.516], "texture": "#0"}
			}
		},
		{
			"from": [8.045, 8.01807, 0.48755],
			"to": [8.045, 16.41807, 8.43255],
			"rotation": {"angle": 22.5, "axis": "x", "origin": [8.0125, 13.0913, 3.93976]},
			"faces": {
				"north": {"uv": [0.016, 0.016, 0.016, 4.25], "texture": "#1"},
				"east": {"uv": [3.984, 0.016, 0.016, 4.25], "texture": "#1"},
				"south": {"uv": [0.016, 0.016, 0.016, 4.25], "texture": "#1"},
				"west": {"uv": [0.016, 0.016, 3.984, 4.25], "texture": "#1"},
				"up": {"uv": [0.016, 0.016, 0.016, 3.984], "texture": "#1"},
				"down": {"uv": [0.016, 3.984, 0.016, 0.016], "texture": "#1"}
			}
		},
		{
			"from": [8.045, -2.1658, 2.38573],
			"to": [8.045, 4.7222, 8.90063],
			"rotation": {"angle": -22.5, "axis": "x", "origin": [8.045, 10.0982, 11.50618]},
			"faces": {
				"north": {"uv": [0.016, 0.016, 0.016, 4.25], "texture": "#1"},
				"east": {"uv": [12.032, 0, 16, 4.234], "texture": "#1"},
				"south": {"uv": [0.016, 0.016, 0.016, 4.25], "texture": "#1"},
				"west": {"uv": [16, 0, 12.032, 4.234], "texture": "#1"},
				"up": {"uv": [0.016, 3.984, 0.016, 0.016], "texture": "#1"},
				"down": {"uv": [0.016, 0.016, 0.016, 3.984], "texture": "#1"}
			}
		},
		{
			"from": [7, 1.5, 7.02],
			"to": [8.96, 2.34, 8.98],
			"rotation": {"angle": 0, "axis": "y", "origin": [7.98, 8.22, 8]},
			"faces": {
				"north": {"uv": [11.484, 2.016, 10.516, 2.484], "texture": "#0"},
				"east": {"uv": [2.984, 10.516, 2.016, 10.984], "texture": "#0"},
				"south": {"uv": [11.484, 1.516, 10.516, 1.984], "texture": "#0"},
				"west": {"uv": [11.484, 2.516, 10.516, 2.984], "texture": "#0"},
				"up": {"uv": [8.984, 5.516, 8.016, 6.484], "texture": "#0"},
				"down": {"uv": [6.984, 8.984, 6.016, 8.016], "texture": "#0"}
			}
		},
		{
			"from": [7, 6.12, 7.02],
			"to": [8.96, 6.96, 8.98],
			"rotation": {"angle": 0, "axis": "y", "origin": [7.98, 8.22, 8]},
			"faces": {
				"north": {"uv": [2.984, 11.016, 2.016, 11.484], "texture": "#0"},
				"east": {"uv": [5.984, 10.516, 5.016, 10.984], "texture": "#0"},
				"south": {"uv": [3.984, 10.516, 3.016, 10.984], "texture": "#0"},
				"west": {"uv": [3.984, 11.016, 3.016, 11.484], "texture": "#0"},
				"up": {"uv": [8.984, 6.516, 8.016, 7.484], "texture": "#0"},
				"down": {"uv": [8.984, 8.484, 8.016, 7.516], "texture": "#0"}
			}
		},
		{
			"from": [6.86, 7.6, 6.88],
			"to": [9.1, 8.44, 9.12],
			"rotation": {"angle": 0, "axis": "y", "origin": [7.98, 7.78, 8]},
			"faces": {
				"north": {"uv": [4.984, 11.484, 4.016, 11.016], "texture": "#0"},
				"east": {"uv": [11.984, 3.984, 11.016, 3.516], "texture": "#0"},
				"south": {"uv": [11.984, 3.484, 11.016, 3.016], "texture": "#0"},
				"west": {"uv": [11.984, 4.484, 11.016, 4.016], "texture": "#0"},
				"up": {"uv": [8.984, 8.516, 8.016, 9.484], "texture": "#0"},
				"down": {"uv": [7.984, 9.484, 7.016, 8.516], "texture": "#0"}
			}
		},
		{
			"from": [6.72, 11.86, 6.74],
			"to": [9.24, 12.7, 9.26],
			"rotation": {"angle": 0, "axis": "y", "origin": [7.98, 6.82, 8]},
			"faces": {
				"north": {"uv": [11.25, 0.516, 10.016, 0.984], "texture": "#0"},
				"east": {"uv": [11.25, 0.016, 10.016, 0.484], "texture": "#0"},
				"south": {"uv": [8.25, 9.516, 7.016, 9.984], "texture": "#0"},
				"west": {"uv": [11.25, 1.016, 10.016, 1.484], "texture": "#0"},
				"up": {"uv": [5.25, 6.516, 4.016, 7.75], "texture": "#0"},
				"down": {"uv": [6.75, 7.75, 5.516, 6.516], "texture": "#0"}
			}
		},
		{
			"from": [7, 12.42, 7.58],
			"to": [8.96, 15.08, 8.42],
			"rotation": {"angle": 0, "axis": "y", "origin": [7.98, 4.72, 8]},
			"faces": {
				"north": {"uv": [6.984, 6.016, 6.016, 7.25], "texture": "#1"},
				"east": {"uv": [7.484, 7.516, 7.016, 8.75], "texture": "#1"},
				"south": {"uv": [6.984, 4.516, 6.016, 5.75], "texture": "#1"},
				"west": {"uv": [7.016, 7.516, 7.484, 8.75], "texture": "#1"},
				"up": {"uv": [8.984, 0.016, 8.016, 0.484], "texture": "#1"},
				"down": {"uv": [8.984, 0.984, 8.016, 0.516], "texture": "#1"}
			}
		},
		{
			"from": [7.14, 12.71952, 5.14512],
			"to": [8.82, 14.95952, 5.84512],
			"rotation": {"angle": 0, "axis": "y", "origin": [7.98, 13.01196, 5.86437]},
			"faces": {
				"north": {"uv": [4.75, 7.516, 4.016, 8.484], "texture": "#1"},
				"east": {"uv": [3.25, 8.516, 3.016, 9.484], "texture": "#1"},
				"south": {"uv": [3.75, 7.516, 3.016, 8.484], "texture": "#1"},
				"west": {"uv": [3.016, 8.516, 3.25, 9.484], "texture": "#1"},
				"up": {"uv": [9.25, 5.516, 8.516, 5.75], "texture": "#1"},
				"down": {"uv": [6.75, 8.75, 6.016, 8.516], "texture": "#1"}
			}
		},
		{
			"from": [7.42, 8.83788, 3.64121],
			"to": [8.54, 14.59788, 5.32121],
			"rotation": {"angle": 0, "axis": "y", "origin": [7.98, 12.01788, 4.08121]},
			"faces": {
				"north": {"uv": [5.016, 9.016, 7.971, 9.131], "rotation": 270, "texture": "#1"},
				"east": {"uv": [5.016, 9.981, 7.971, 9.016], "rotation": 270, "texture": "#1"},
				"south": {"uv": [5.016, 9.891, 7.971, 9.981], "rotation": 270, "texture": "#1"},
				"west": {"uv": [5.016, 9.016, 7.971, 9.981], "rotation": 270, "texture": "#1"},
				"up": {"uv": [7.926, 9.981, 7.691, 9.016], "rotation": 180, "texture": "#1"},
				"down": {"uv": [5.066, 9.016, 5.201, 9.981], "rotation": 180, "texture": "#1"}
			}
		},
		{
			"from": [7.28, 12.80439, 4.13362],
			"to": [8.68, 14.76439, 8.33362],
			"rotation": {"angle": 0, "axis": "y", "origin": [7.98, 13.01196, 5.86437]},
			"faces": {
				"north": {"uv": [4.134, 4.516, 4.016, 5.484], "texture": "#1"},
				"east": {"uv": [5.984, 4.516, 4.016, 5.484], "texture": "#1"},
				"south": {"uv": [7.75, 6.516, 7.016, 7.484], "texture": "#1"},
				"west": {"uv": [4.016, 4.516, 5.984, 5.484], "texture": "#1"},
				"up": {"uv": [5.98475, 4.516, 4.016, 4.6785], "rotation": 90, "texture": "#1"},
				"down": {"uv": [4.016, 5.4285, 5.98475, 5.316], "rotation": 90, "texture": "#1"}
			}
		},
		{
			"from": [7.14, 0.24, 7.16],
			"to": [8.82, 1.92, 8.84],
			"rotation": {"angle": -45, "axis": "x", "origin": [7.98, 1.08, 8]},
			"faces": {
				"north": {"uv": [6.75, 10.016, 6.016, 10.75], "texture": "#0"},
				"east": {"uv": [10.75, 5.016, 10.016, 5.75], "texture": "#0"},
				"south": {"uv": [10.75, 4.016, 10.016, 4.75], "texture": "#0"},
				"west": {"uv": [10.016, 5.016, 10.75, 5.75], "texture": "#0"},
				"up": {"uv": [7.75, 10.016, 7.016, 10.75], "texture": "#0"},
				"down": {"uv": [10.75, 7.75, 10.016, 7.016], "texture": "#0"}
			}
		},
		{
			"from": [6.86, 11.86, 7.16],
			"to": [9.1, 13.54, 8.84],
			"rotation": {"angle": -45, "axis": "x", "origin": [7.98, 12.7, 8]},
			"faces": {
				"north": {"uv": [9.984, 1.016, 9.016, 1.75], "texture": "#0"},
				"east": {"uv": [10.75, 9.016, 10.016, 9.75], "texture": "#0"},
				"south": {"uv": [9.984, 0.016, 9.016, 0.75], "texture": "#0"},
				"west": {"uv": [10.016, 9.016, 10.75, 9.75], "texture": "#0"},
				"up": {"uv": [9.984, 2.016, 9.016, 2.75], "texture": "#0"},
				"down": {"uv": [9.984, 3.75, 9.016, 3.016], "texture": "#0"}
			}
		},
		{
			"from": [7.06, 12.76, 8.26],
			"to": [7.7, 13.44, 10.94],
			"rotation": {"angle": -45, "axis": "x", "origin": [7.98, 13.2, 7.6]},
			"faces": {
				"north": {"uv": [9.984, 1.016, 9.016, 1.75], "texture": "#0"},
				"east": {"uv": [11.356, 8.016, 10.016, 8.356], "texture": "#0"},
				"south": {"uv": [11.191, 8.016, 11.356, 8.356], "texture": "#0"},
				"west": {"uv": [10.016, 8.016, 11.356, 8.356], "texture": "#0"},
				"up": {"uv": [10.016, 8.016, 11.356, 8.111], "rotation": 90, "texture": "#0"},
				"down": {"uv": [11.356, 8.266, 10.016, 8.361], "rotation": 90, "texture": "#0"}
			}
		},
		{
			"from": [7.06, 16.16825, 10.73581],
			"to": [7.7, 16.84825, 12.41581],
			"rotation": {"angle": 45, "axis": "x", "origin": [7.98, 16.60825, 8.57581]},
			"faces": {
				"north": {"uv": [9.984, 1.016, 9.016, 1.75], "texture": "#0"},
				"east": {"uv": [10.606, 11.766, 9.766, 12.106], "texture": "#0"},
				"south": {"uv": [10.516, 11.766, 10.606, 12.106], "texture": "#0"},
				"west": {"uv": [9.766, 11.766, 10.606, 12.106], "texture": "#0"},
				"up": {"uv": [9.766, 11.766, 10.606, 11.936], "rotation": 90, "texture": "#0"},
				"down": {"uv": [10.606, 12.041, 9.766, 12.111], "rotation": 90, "texture": "#0"}
			}
		},
		{
			"from": [7.06, 12.98828, 9.80558],
			"to": [7.7, 14.06828, 10.48558],
			"rotation": {"angle": 45, "axis": "x", "origin": [7.38, 13.22828, 10.14558]},
			"faces": {
				"north": {"uv": [9.016, 8.516, 9.556, 8.856], "rotation": 90, "texture": "#0"},
				"east": {"uv": [9.016, 8.516, 9.556, 8.856], "rotation": 90, "texture": "#0"},
				"south": {"uv": [9.016, 8.516, 9.556, 8.856], "rotation": 90, "texture": "#0"},
				"west": {"uv": [9.016, 8.516, 9.556, 8.856], "rotation": 90, "texture": "#0"},
				"up": {"uv": [9.984, 1.016, 9.016, 1.75], "rotation": 180, "texture": "#0"},
				"down": {"uv": [9.984, 0.016, 9.016, 0.75], "texture": "#0"}
			}
		},
		{
			"from": [7.06, 10.219, 9.73546],
			"to": [7.7, 13.299, 10.41546],
			"rotation": {"angle": 0, "axis": "y", "origin": [7.38, 12.459, 10.07546]},
			"faces": {
				"north": {"uv": [8.266, 10.606, 9.806, 10.266], "rotation": 90, "texture": "#0"},
				"east": {"uv": [8.266, 10.266, 9.806, 10.606], "rotation": 90, "texture": "#0"},
				"south": {"uv": [8.266, 10.606, 9.806, 10.266], "rotation": 90, "texture": "#0"},
				"west": {"uv": [8.266, 10.266, 9.806, 10.606], "rotation": 90, "texture": "#0"},
				"up": {"uv": [9.984, 1.016, 9.016, 1.75], "rotation": 180, "texture": "#0"},
				"down": {"uv": [9.984, 0.016, 9.016, 0.75], "texture": "#0"}
			}
		},
		{
			"from": [8.3, 12.76, 8.26],
			"to": [8.94, 13.44, 10.94],
			"rotation": {"angle": -45, "axis": "x", "origin": [8.02, 13.2, 7.6]},
			"faces": {
				"north": {"uv": [9.016, 1.016, 9.984, 1.75], "texture": "#0"},
				"east": {"uv": [11.356, 8.016, 10.016, 8.356], "texture": "#0"},
				"south": {"uv": [11.356, 8.016, 11.191, 8.356], "texture": "#0"},
				"west": {"uv": [10.016, 8.016, 11.356, 8.356], "texture": "#0"},
				"up": {"uv": [10.016, 8.111, 11.356, 8.016], "rotation": 90, "texture": "#0"},
				"down": {"uv": [11.356, 8.361, 10.016, 8.266], "rotation": 90, "texture": "#0"}
			}
		},
		{
			"from": [8.3, 16.16825, 10.73581],
			"to": [8.94, 16.84825, 12.41581],
			"rotation": {"angle": 45, "axis": "x", "origin": [8.02, 16.60825, 8.57581]},
			"faces": {
				"north": {"uv": [9.016, 1.016, 9.984, 1.75], "texture": "#0"},
				"east": {"uv": [10.606, 11.766, 9.766, 12.106], "texture": "#0"},
				"south": {"uv": [10.606, 11.766, 10.516, 12.106], "texture": "#0"},
				"west": {"uv": [9.766, 11.766, 10.606, 12.106], "texture": "#0"},
				"up": {"uv": [9.766, 11.936, 10.606, 11.766], "rotation": 90, "texture": "#0"},
				"down": {"uv": [10.606, 12.111, 9.766, 12.041], "rotation": 90, "texture": "#0"}
			}
		},
		{
			"from": [8.3, 12.98828, 9.80558],
			"to": [8.94, 14.06828, 10.48558],
			"rotation": {"angle": 45, "axis": "x", "origin": [8.62, 13.22828, 10.14558]},
			"faces": {
				"north": {"uv": [9.016, 8.856, 9.556, 8.516], "rotation": 90, "texture": "#0"},
				"east": {"uv": [9.016, 8.856, 9.556, 8.516], "rotation": 90, "texture": "#0"},
				"south": {"uv": [9.016, 8.856, 9.556, 8.516], "rotation": 90, "texture": "#0"},
				"west": {"uv": [9.016, 8.856, 9.556, 8.516], "rotation": 90, "texture": "#0"},
				"up": {"uv": [9.016, 1.016, 9.984, 1.75], "rotation": 180, "texture": "#0"},
				"down": {"uv": [9.016, 0.016, 9.984, 0.75], "texture": "#0"}
			}
		},
		{
			"from": [8.3, 10.219, 9.73546],
			"to": [8.94, 13.299, 10.41546],
			"rotation": {"angle": 0, "axis": "y", "origin": [8.62, 12.459, 10.07546]},
			"faces": {
				"north": {"uv": [8.266, 10.266, 9.806, 10.606], "rotation": 90, "texture": "#0"},
				"east": {"uv": [8.266, 10.606, 9.806, 10.266], "rotation": 90, "texture": "#0"},
				"south": {"uv": [8.266, 10.266, 9.806, 10.606], "rotation": 90, "texture": "#0"},
				"west": {"uv": [8.266, 10.606, 9.806, 10.266], "rotation": 90, "texture": "#0"},
				"up": {"uv": [9.016, 1.016, 9.984, 1.75], "rotation": 180, "texture": "#0"},
				"down": {"uv": [9.016, 0.016, 9.984, 0.75], "texture": "#0"}
			}
		}
	],
	"gui_light": "front",
	"display": {
		"thirdperson_righthand": {
			"translation": [0, 2, 1.75],
			"scale": [1.08, 1.08, 1.08]
		},
		"thirdperson_lefthand": {
			"translation": [0, 2, 1.75],
			"scale": [1.08, 1.08, 1.08]
		},
		"firstperson_righthand": {
			"translation": [3.5, 7.25, 0]
		},
		"firstperson_lefthand": {
			"translation": [3.5, 7.25, 0]
		},
		"ground": {
			"rotation": [0, 0, 35],
			"scale": [0.5, 0.5, 0.5]
		},
		"gui": {
			"rotation": [90, 43, -85],
			"translation": [0, -1, 0],
			"scale": [0.96, 0.96, 0.96]
		},
		"fixed": {
			"rotation": [0, -88, 0],
			"translation": [0, 0.75, -3.25],
			"scale": [1.73, 1.73, 1.73]
		}
	}
}