{"parent":"minecraft:item/generated","textures":{"layer0":"minecraft:item/leather_horse_armor"},"overrides":[{"predicate":{"custom_model_data":1},"model":"modelengine:ec_demon_archer/body"},{"predicate":{"custom_model_data":2},"model":"modelengine:ec_demon_archer/head"},{"predicate":{"custom_model_data":3},"model":"modelengine:ec_demon_archer/bone"},{"predicate":{"custom_model_data":4},"model":"modelengine:ec_demon_archer/bone3"},{"predicate":{"custom_model_data":5},"model":"modelengine:ec_demon_archer/bone2"},{"predicate":{"custom_model_data":6},"model":"modelengine:ec_demon_archer/rightleg"},{"predicate":{"custom_model_data":7},"model":"modelengine:ec_demon_archer/bone6"},{"predicate":{"custom_model_data":8},"model":"modelengine:ec_demon_archer/leftleg"},{"predicate":{"custom_model_data":9},"model":"modelengine:ec_demon_archer/bone7"},{"predicate":{"custom_model_data":10},"model":"modelengine:ec_demon_archer/leftarm"},{"predicate":{"custom_model_data":11},"model":"modelengine:ec_demon_archer/bone5"},{"predicate":{"custom_model_data":12},"model":"modelengine:ec_demon_archer/crossbow"},{"predicate":{"custom_model_data":13},"model":"modelengine:ec_demon_archer/bone8"},{"predicate":{"custom_model_data":14},"model":"modelengine:ec_demon_archer/bone10"},{"predicate":{"custom_model_data":15},"model":"modelengine:ec_demon_archer/bone9"},{"predicate":{"custom_model_data":16},"model":"modelengine:ec_demon_archer/rightarm"},{"predicate":{"custom_model_data":17},"model":"modelengine:ec_demon_archer/bone4"},{"predicate":{"custom_model_data":18},"model":"modelengine:ec_demon_lord/body"},{"predicate":{"custom_model_data":19},"model":"modelengine:ec_demon_lord/bone14"},{"predicate":{"custom_model_data":20},"model":"modelengine:ec_demon_lord/head"},{"predicate":{"custom_model_data":21},"model":"modelengine:ec_demon_lord/bone"},{"predicate":{"custom_model_data":22},"model":"modelengine:ec_demon_lord/bone3"},{"predicate":{"custom_model_data":23},"model":"modelengine:ec_demon_lord/bone2"},{"predicate":{"custom_model_data":24},"model":"modelengine:ec_demon_lord/bone4"},{"predicate":{"custom_model_data":25},"model":"modelengine:ec_demon_lord/bone6"},{"predicate":{"custom_model_data":26},"model":"modelengine:ec_demon_lord/bone5"},{"predicate":{"custom_model_data":27},"model":"modelengine:ec_demon_lord/bone15"},{"predicate":{"custom_model_data":28},"model":"modelengine:ec_demon_lord/bone16"},{"predicate":{"custom_model_data":29},"model":"modelengine:ec_demon_lord/bone9"},{"predicate":{"custom_model_data":30},"model":"modelengine:ec_demon_lord/rightleg"},{"predicate":{"custom_model_data":31},"model":"modelengine:ec_demon_lord/bone10"},{"predicate":{"custom_model_data":32},"model":"modelengine:ec_demon_lord/bone11"},{"predicate":{"custom_model_data":33},"model":"modelengine:ec_demon_lord/leftleg"},{"predicate":{"custom_model_data":34},"model":"modelengine:ec_demon_lord/bone12"},{"predicate":{"custom_model_data":35},"model":"modelengine:ec_demon_lord/bone13"},{"predicate":{"custom_model_data":36},"model":"modelengine:ec_demon_lord/rightarm"},{"predicate":{"custom_model_data":37},"model":"modelengine:ec_demon_lord/weapon"},{"predicate":{"custom_model_data":38},"model":"modelengine:ec_demon_lord/bone7"},{"predicate":{"custom_model_data":39},"model":"modelengine:ec_demon_lord/leftarm"},{"predicate":{"custom_model_data":40},"model":"modelengine:ec_demon_lord/bone8"},{"predicate":{"custom_model_data":41},"model":"modelengine:ec_demon_mage/body"},{"predicate":{"custom_model_data":42},"model":"modelengine:ec_demon_mage/bone9"},{"predicate":{"custom_model_data":43},"model":"modelengine:ec_demon_mage/head"},{"predicate":{"custom_model_data":44},"model":"modelengine:ec_demon_mage/bone"},{"predicate":{"custom_model_data":45},"model":"modelengine:ec_demon_mage/bone3"},{"predicate":{"custom_model_data":46},"model":"modelengine:ec_demon_mage/rightleg"},{"predicate":{"custom_model_data":47},"model":"modelengine:ec_demon_mage/bone7"},{"predicate":{"custom_model_data":48},"model":"modelengine:ec_demon_mage/leftleg"},{"predicate":{"custom_model_data":49},"model":"modelengine:ec_demon_mage/bone8"},{"predicate":{"custom_model_data":50},"model":"modelengine:ec_demon_mage/leftarm"},{"predicate":{"custom_model_data":51},"model":"modelengine:ec_demon_mage/bone6"},{"predicate":{"custom_model_data":52},"model":"modelengine:ec_demon_mage/bone4"},{"predicate":{"custom_model_data":53},"model":"modelengine:ec_demon_mage/rightarm"},{"predicate":{"custom_model_data":54},"model":"modelengine:ec_demon_mage/bone5"},{"predicate":{"custom_model_data":55},"model":"modelengine:ec_demon_warrior/bone9"},{"predicate":{"custom_model_data":56},"model":"modelengine:ec_demon_warrior/head"},{"predicate":{"custom_model_data":57},"model":"modelengine:ec_demon_warrior/bone"},{"predicate":{"custom_model_data":58},"model":"modelengine:ec_demon_warrior/bone3"},{"predicate":{"custom_model_data":59},"model":"modelengine:ec_demon_warrior/bone2"},{"predicate":{"custom_model_data":60},"model":"modelengine:ec_demon_warrior/rightarm"},{"predicate":{"custom_model_data":61},"model":"modelengine:ec_demon_warrior/bone6"},{"predicate":{"custom_model_data":62},"model":"modelengine:ec_demon_warrior/bone5"},{"predicate":{"custom_model_data":63},"model":"modelengine:ec_demon_warrior/leftarm"},{"predicate":{"custom_model_data":64},"model":"modelengine:ec_demon_warrior/bone4"},{"predicate":{"custom_model_data":65},"model":"modelengine:ec_demon_warrior/body"},{"predicate":{"custom_model_data":66},"model":"modelengine:ec_demon_warrior/rightleg"},{"predicate":{"custom_model_data":67},"model":"modelengine:ec_demon_warrior/bone7"},{"predicate":{"custom_model_data":68},"model":"modelengine:ec_demon_warrior/leftleg"},{"predicate":{"custom_model_data":69},"model":"modelengine:ec_demon_warrior/bone8"},{"predicate":{"custom_model_data":70},"model":"modelengine:kur/kur_body"},{"predicate":{"custom_model_data":71},"model":"modelengine:kur/kur_rightleg"},{"predicate":{"custom_model_data":72},"model":"modelengine:kur/kur_rightfoot"},{"predicate":{"custom_model_data":73},"model":"modelengine:kur/kur_rightarm"},{"predicate":{"custom_model_data":74},"model":"modelengine:kur/kur_righthand"},{"predicate":{"custom_model_data":75},"model":"modelengine:kur/kur_righthandhand"},{"predicate":{"custom_model_data":76},"model":"modelengine:kur/kurhead"},{"predicate":{"custom_model_data":77},"model":"modelengine:kur/flag1"},{"predicate":{"custom_model_data":78},"model":"modelengine:kur/flag2"},{"predicate":{"custom_model_data":79},"model":"modelengine:kur/kur_leftleg"},{"predicate":{"custom_model_data":80},"model":"modelengine:kur/kur_leftfoot"},{"predicate":{"custom_model_data":81},"model":"modelengine:kur/kur_leftarm"},{"predicate":{"custom_model_data":82},"model":"modelengine:kur/kur_lefthand"},{"predicate":{"custom_model_data":83},"model":"modelengine:kur_parts/kur_righthandhand"},{"predicate":{"custom_model_data":84},"model":"modelengine:kur_rot/kur_body"},{"predicate":{"custom_model_data":85},"model":"modelengine:kur_rot/kur_rightleg"},{"predicate":{"custom_model_data":86},"model":"modelengine:kur_rot/kur_rightfoot"},{"predicate":{"custom_model_data":87},"model":"modelengine:kur_rot/kur_rightarm"},{"predicate":{"custom_model_data":88},"model":"modelengine:kur_rot/kur_righthand"},{"predicate":{"custom_model_data":89},"model":"modelengine:kur_rot/kurhead"},{"predicate":{"custom_model_data":90},"model":"modelengine:kur_rot/flag1"},{"predicate":{"custom_model_data":91},"model":"modelengine:kur_rot/flag2"},{"predicate":{"custom_model_data":92},"model":"modelengine:kur_rot/kur_leftleg"},{"predicate":{"custom_model_data":93},"model":"modelengine:kur_rot/kur_leftfoot"},{"predicate":{"custom_model_data":94},"model":"modelengine:kur_rot/kur_leftarm"},{"predicate":{"custom_model_data":95},"model":"modelengine:kur_rot/kur_lefthand"},{"predicate":{"custom_model_data":96},"model":"modelengine:kur_rot/body"},{"predicate":{"custom_model_data":97},"model":"modelengine:kur_rot/head"},{"predicate":{"custom_model_data":98},"model":"modelengine:kur_rot/jaw"},{"predicate":{"custom_model_data":99},"model":"modelengine:kur_rot/front_left_leg"},{"predicate":{"custom_model_data":100},"model":"modelengine:kur_rot/front_left_shin"},{"predicate":{"custom_model_data":101},"model":"modelengine:kur_rot/front_left_foot"},{"predicate":{"custom_model_data":102},"model":"modelengine:kur_rot/front_right_leg"},{"predicate":{"custom_model_data":103},"model":"modelengine:kur_rot/front_right_shin"},{"predicate":{"custom_model_data":104},"model":"modelengine:kur_rot/front_right_foot"},{"predicate":{"custom_model_data":105},"model":"modelengine:kur_rot/back_left_leg"},{"predicate":{"custom_model_data":106},"model":"modelengine:kur_rot/back_left_shin"},{"predicate":{"custom_model_data":107},"model":"modelengine:kur_rot/back_left_foot"},{"predicate":{"custom_model_data":108},"model":"modelengine:kur_rot/back_right_leg"},{"predicate":{"custom_model_data":109},"model":"modelengine:kur_rot/back_right_shin"},{"predicate":{"custom_model_data":110},"model":"modelengine:kur_rot/back_right_foot"},{"predicate":{"custom_model_data":111},"model":"modelengine:kur_rot/tail2"},{"predicate":{"custom_model_data":112},"model":"modelengine:kur_rot/tail1"},{"predicate":{"custom_model_data":113},"model":"modelengine:kurrot_groundbreak/shard9"},{"predicate":{"custom_model_data":114},"model":"modelengine:kurrot_groundbreak/shard8"},{"predicate":{"custom_model_data":115},"model":"modelengine:kurrot_groundbreak/shard7"},{"predicate":{"custom_model_data":116},"model":"modelengine:kurrot_groundbreak/shard6"},{"predicate":{"custom_model_data":117},"model":"modelengine:kurrot_groundbreak/shard5"},{"predicate":{"custom_model_data":118},"model":"modelengine:kurrot_groundbreak/shard4"},{"predicate":{"custom_model_data":119},"model":"modelengine:kurrot_groundbreak/shard3"},{"predicate":{"custom_model_data":120},"model":"modelengine:kurrot_groundbreak/shard2"},{"predicate":{"custom_model_data":121},"model":"modelengine:kurrot_groundbreak/shard1"},{"predicate":{"custom_model_data":122},"model":"modelengine:kurrot_groundrocks/base"},{"predicate":{"custom_model_data":123},"model":"modelengine:lr_healthbar/1"},{"predicate":{"custom_model_data":124},"model":"modelengine:lr_healthbar/2"},{"predicate":{"custom_model_data":125},"model":"modelengine:lr_healthbar/3"},{"predicate":{"custom_model_data":126},"model":"modelengine:lr_healthbar/4"},{"predicate":{"custom_model_data":127},"model":"modelengine:lr_healthbar/5"},{"predicate":{"custom_model_data":128},"model":"modelengine:lr_healthbar/6"},{"predicate":{"custom_model_data":129},"model":"modelengine:lr_healthbar/7"},{"predicate":{"custom_model_data":130},"model":"modelengine:lr_healthbar/8"},{"predicate":{"custom_model_data":131},"model":"modelengine:lr_healthbar/9"},{"predicate":{"custom_model_data":132},"model":"modelengine:lr_healthbar/10"},{"predicate":{"custom_model_data":133},"model":"modelengine:lr_healthbar/11"},{"predicate":{"custom_model_data":134},"model":"modelengine:lr_healthbar/12"},{"predicate":{"custom_model_data":135},"model":"modelengine:lr_healthbar/13"},{"predicate":{"custom_model_data":136},"model":"modelengine:lr_healthbar/14"},{"predicate":{"custom_model_data":137},"model":"modelengine:lr_healthbar/15"},{"predicate":{"custom_model_data":138},"model":"modelengine:lr_healthbar/16"},{"predicate":{"custom_model_data":139},"model":"modelengine:lr_healthbar/17"},{"predicate":{"custom_model_data":140},"model":"modelengine:lr_healthbar/18"},{"predicate":{"custom_model_data":141},"model":"modelengine:lr_healthbar/19"},{"predicate":{"custom_model_data":142},"model":"modelengine:lr_healthbar/20"},{"predicate":{"custom_model_data":143},"model":"modelengine:mega_warden/lower_torso"},{"predicate":{"custom_model_data":144},"model":"modelengine:mega_warden/right_ribs2"},{"predicate":{"custom_model_data":145},"model":"modelengine:mega_warden/left_ribs2"},{"predicate":{"custom_model_data":146},"model":"modelengine:mega_warden/spirit_1_1"},{"predicate":{"custom_model_data":147},"model":"modelengine:mega_warden/spirit_1_2"},{"predicate":{"custom_model_data":148},"model":"modelengine:mega_warden/spirit_1_3"},{"predicate":{"custom_model_data":149},"model":"modelengine:mega_warden/spirit_1_4"},{"predicate":{"custom_model_data":150},"model":"modelengine:mega_warden/spirit_1_5"},{"predicate":{"custom_model_data":151},"model":"modelengine:mega_warden/spirit_1_6"},{"predicate":{"custom_model_data":152},"model":"modelengine:mega_warden/upper_torso"},{"predicate":{"custom_model_data":153},"model":"modelengine:mega_warden/right_ribs1"},{"predicate":{"custom_model_data":154},"model":"modelengine:mega_warden/left_ribs1"},{"predicate":{"custom_model_data":155},"model":"modelengine:mega_warden/head"},{"predicate":{"custom_model_data":156},"model":"modelengine:mega_warden/antler_vines"},{"predicate":{"custom_model_data":157},"model":"modelengine:mega_warden/antler_vines2"},{"predicate":{"custom_model_data":158},"model":"modelengine:mega_warden/antler_sensor"},{"predicate":{"custom_model_data":159},"model":"modelengine:mega_warden/antler_sensor3"},{"predicate":{"custom_model_data":160},"model":"modelengine:mega_warden/jaw"},{"predicate":{"custom_model_data":161},"model":"modelengine:mega_warden/drool"},{"predicate":{"custom_model_data":162},"model":"modelengine:mega_warden/left_arm"},{"predicate":{"custom_model_data":163},"model":"modelengine:mega_warden/left_forearm"},{"predicate":{"custom_model_data":164},"model":"modelengine:mega_warden/left_finger_1_2"},{"predicate":{"custom_model_data":165},"model":"modelengine:mega_warden/left_finger_1_1"},{"predicate":{"custom_model_data":166},"model":"modelengine:mega_warden/left_finger_1_4"},{"predicate":{"custom_model_data":167},"model":"modelengine:mega_warden/left_finger_1_3"},{"predicate":{"custom_model_data":168},"model":"modelengine:mega_warden/left_finger_1_6"},{"predicate":{"custom_model_data":169},"model":"modelengine:mega_warden/left_finger_1_5"},{"predicate":{"custom_model_data":170},"model":"modelengine:mega_warden/swipe_fx"},{"predicate":{"custom_model_data":171},"model":"modelengine:mega_warden/right_arm"},{"predicate":{"custom_model_data":172},"model":"modelengine:mega_warden/right_forearm"},{"predicate":{"custom_model_data":173},"model":"modelengine:mega_warden/swipe_fx2"},{"predicate":{"custom_model_data":174},"model":"modelengine:mega_warden/right_finger_1_2"},{"predicate":{"custom_model_data":175},"model":"modelengine:mega_warden/right_finger_1_1"},{"predicate":{"custom_model_data":176},"model":"modelengine:mega_warden/right_finger_1_4"},{"predicate":{"custom_model_data":177},"model":"modelengine:mega_warden/right_finger_1_3"},{"predicate":{"custom_model_data":178},"model":"modelengine:mega_warden/right_finger_1_6"},{"predicate":{"custom_model_data":179},"model":"modelengine:mega_warden/right_finger_1_5"},{"predicate":{"custom_model_data":180},"model":"modelengine:mega_warden/left_leg"},{"predicate":{"custom_model_data":181},"model":"modelengine:mega_warden/left_foot"},{"predicate":{"custom_model_data":182},"model":"modelengine:mega_warden/right_leg"},{"predicate":{"custom_model_data":183},"model":"modelengine:mega_warden/right_foot"},{"predicate":{"custom_model_data":184},"model":"modelengine:mega_warden/rock1"},{"predicate":{"custom_model_data":185},"model":"modelengine:mega_warden/rock2"},{"predicate":{"custom_model_data":186},"model":"modelengine:mega_warden/rock3"},{"predicate":{"custom_model_data":187},"model":"modelengine:mega_warden/rock4"},{"predicate":{"custom_model_data":188},"model":"modelengine:mega_warden/rock5"},{"predicate":{"custom_model_data":189},"model":"modelengine:mega_warden_damage/lower_torso"},{"predicate":{"custom_model_data":190},"model":"modelengine:mega_warden_damage/right_ribs2"},{"predicate":{"custom_model_data":191},"model":"modelengine:mega_warden_damage/left_ribs2"},{"predicate":{"custom_model_data":192},"model":"modelengine:mega_warden_damage/spirit_1_1"},{"predicate":{"custom_model_data":193},"model":"modelengine:mega_warden_damage/spirit_1_2"},{"predicate":{"custom_model_data":194},"model":"modelengine:mega_warden_damage/spirit_1_3"},{"predicate":{"custom_model_data":195},"model":"modelengine:mega_warden_damage/spirit_1_4"},{"predicate":{"custom_model_data":196},"model":"modelengine:mega_warden_damage/spirit_1_5"},{"predicate":{"custom_model_data":197},"model":"modelengine:mega_warden_damage/spirit_1_6"},{"predicate":{"custom_model_data":198},"model":"modelengine:mega_warden_damage/upper_torso"},{"predicate":{"custom_model_data":199},"model":"modelengine:mega_warden_damage/right_ribs1"},{"predicate":{"custom_model_data":200},"model":"modelengine:mega_warden_damage/left_ribs1"},{"predicate":{"custom_model_data":201},"model":"modelengine:mega_warden_damage/head"},{"predicate":{"custom_model_data":202},"model":"modelengine:mega_warden_damage/antler_vines"},{"predicate":{"custom_model_data":203},"model":"modelengine:mega_warden_damage/antler_vines2"},{"predicate":{"custom_model_data":204},"model":"modelengine:mega_warden_damage/antler_sensor"},{"predicate":{"custom_model_data":205},"model":"modelengine:mega_warden_damage/antler_sensor3"},{"predicate":{"custom_model_data":206},"model":"modelengine:mega_warden_damage/jaw"},{"predicate":{"custom_model_data":207},"model":"modelengine:mega_warden_damage/drool"},{"predicate":{"custom_model_data":208},"model":"modelengine:mega_warden_damage/left_arm"},{"predicate":{"custom_model_data":209},"model":"modelengine:mega_warden_damage/left_forearm"},{"predicate":{"custom_model_data":210},"model":"modelengine:mega_warden_damage/left_finger_1_2"},{"predicate":{"custom_model_data":211},"model":"modelengine:mega_warden_damage/left_finger_1_1"},{"predicate":{"custom_model_data":212},"model":"modelengine:mega_warden_damage/left_finger_1_4"},{"predicate":{"custom_model_data":213},"model":"modelengine:mega_warden_damage/left_finger_1_3"},{"predicate":{"custom_model_data":214},"model":"modelengine:mega_warden_damage/left_finger_1_6"},{"predicate":{"custom_model_data":215},"model":"modelengine:mega_warden_damage/left_finger_1_5"},{"predicate":{"custom_model_data":216},"model":"modelengine:mega_warden_damage/swipe_fx"},{"predicate":{"custom_model_data":217},"model":"modelengine:mega_warden_damage/right_arm"},{"predicate":{"custom_model_data":218},"model":"modelengine:mega_warden_damage/right_forearm"},{"predicate":{"custom_model_data":219},"model":"modelengine:mega_warden_damage/swipe_fx2"},{"predicate":{"custom_model_data":220},"model":"modelengine:mega_warden_damage/right_finger_1_2"},{"predicate":{"custom_model_data":221},"model":"modelengine:mega_warden_damage/right_finger_1_1"},{"predicate":{"custom_model_data":222},"model":"modelengine:mega_warden_damage/right_finger_1_4"},{"predicate":{"custom_model_data":223},"model":"modelengine:mega_warden_damage/right_finger_1_3"},{"predicate":{"custom_model_data":224},"model":"modelengine:mega_warden_damage/right_finger_1_6"},{"predicate":{"custom_model_data":225},"model":"modelengine:mega_warden_damage/right_finger_1_5"},{"predicate":{"custom_model_data":226},"model":"modelengine:mega_warden_damage/left_leg"},{"predicate":{"custom_model_data":227},"model":"modelengine:mega_warden_damage/left_foot"},{"predicate":{"custom_model_data":228},"model":"modelengine:mega_warden_damage/right_leg"},{"predicate":{"custom_model_data":229},"model":"modelengine:mega_warden_damage/right_foot"},{"predicate":{"custom_model_data":230},"model":"modelengine:mega_warden_damage/rock1"},{"predicate":{"custom_model_data":231},"model":"modelengine:mega_warden_damage/rock2"},{"predicate":{"custom_model_data":232},"model":"modelengine:mega_warden_damage/rock3"},{"predicate":{"custom_model_data":233},"model":"modelengine:mega_warden_damage/rock4"},{"predicate":{"custom_model_data":234},"model":"modelengine:mega_warden_damage/rock5"},{"predicate":{"custom_model_data":235},"model":"modelengine:mega_warden_hidden/lower_torso"},{"predicate":{"custom_model_data":236},"model":"modelengine:mega_warden_hidden/right_ribs2"},{"predicate":{"custom_model_data":237},"model":"modelengine:mega_warden_hidden/left_ribs2"},{"predicate":{"custom_model_data":238},"model":"modelengine:mega_warden_hidden/spirit_1_1"},{"predicate":{"custom_model_data":239},"model":"modelengine:mega_warden_hidden/spirit_1_2"},{"predicate":{"custom_model_data":240},"model":"modelengine:mega_warden_hidden/spirit_1_3"},{"predicate":{"custom_model_data":241},"model":"modelengine:mega_warden_hidden/spirit_1_4"},{"predicate":{"custom_model_data":242},"model":"modelengine:mega_warden_hidden/spirit_1_5"},{"predicate":{"custom_model_data":243},"model":"modelengine:mega_warden_hidden/spirit_1_6"},{"predicate":{"custom_model_data":244},"model":"modelengine:mega_warden_hidden/upper_torso"},{"predicate":{"custom_model_data":245},"model":"modelengine:mega_warden_hidden/right_ribs1"},{"predicate":{"custom_model_data":246},"model":"modelengine:mega_warden_hidden/left_ribs1"},{"predicate":{"custom_model_data":247},"model":"modelengine:mega_warden_hidden/head"},{"predicate":{"custom_model_data":248},"model":"modelengine:mega_warden_hidden/antler_vines"},{"predicate":{"custom_model_data":249},"model":"modelengine:mega_warden_hidden/antler_vines2"},{"predicate":{"custom_model_data":250},"model":"modelengine:mega_warden_hidden/antler_sensor"},{"predicate":{"custom_model_data":251},"model":"modelengine:mega_warden_hidden/antler_sensor3"},{"predicate":{"custom_model_data":252},"model":"modelengine:mega_warden_hidden/jaw"},{"predicate":{"custom_model_data":253},"model":"modelengine:mega_warden_hidden/drool"},{"predicate":{"custom_model_data":254},"model":"modelengine:mega_warden_hidden/left_arm"},{"predicate":{"custom_model_data":255},"model":"modelengine:mega_warden_hidden/left_forearm"},{"predicate":{"custom_model_data":256},"model":"modelengine:mega_warden_hidden/left_finger_1_2"},{"predicate":{"custom_model_data":257},"model":"modelengine:mega_warden_hidden/left_finger_1_1"},{"predicate":{"custom_model_data":258},"model":"modelengine:mega_warden_hidden/left_finger_1_4"},{"predicate":{"custom_model_data":259},"model":"modelengine:mega_warden_hidden/left_finger_1_3"},{"predicate":{"custom_model_data":260},"model":"modelengine:mega_warden_hidden/left_finger_1_6"},{"predicate":{"custom_model_data":261},"model":"modelengine:mega_warden_hidden/left_finger_1_5"},{"predicate":{"custom_model_data":262},"model":"modelengine:mega_warden_hidden/swipe_fx"},{"predicate":{"custom_model_data":263},"model":"modelengine:mega_warden_hidden/right_arm"},{"predicate":{"custom_model_data":264},"model":"modelengine:mega_warden_hidden/right_forearm"},{"predicate":{"custom_model_data":265},"model":"modelengine:mega_warden_hidden/swipe_fx2"},{"predicate":{"custom_model_data":266},"model":"modelengine:mega_warden_hidden/right_finger_1_2"},{"predicate":{"custom_model_data":267},"model":"modelengine:mega_warden_hidden/right_finger_1_1"},{"predicate":{"custom_model_data":268},"model":"modelengine:mega_warden_hidden/right_finger_1_4"},{"predicate":{"custom_model_data":269},"model":"modelengine:mega_warden_hidden/right_finger_1_3"},{"predicate":{"custom_model_data":270},"model":"modelengine:mega_warden_hidden/right_finger_1_6"},{"predicate":{"custom_model_data":271},"model":"modelengine:mega_warden_hidden/right_finger_1_5"},{"predicate":{"custom_model_data":272},"model":"modelengine:mega_warden_hidden/left_leg"},{"predicate":{"custom_model_data":273},"model":"modelengine:mega_warden_hidden/left_foot"},{"predicate":{"custom_model_data":274},"model":"modelengine:mega_warden_hidden/right_leg"},{"predicate":{"custom_model_data":275},"model":"modelengine:mega_warden_hidden/right_foot"},{"predicate":{"custom_model_data":276},"model":"modelengine:mega_warden_pet/torso"},{"predicate":{"custom_model_data":277},"model":"modelengine:mega_warden_pet/right_leg"},{"predicate":{"custom_model_data":278},"model":"modelengine:mega_warden_pet/left_leg"},{"predicate":{"custom_model_data":279},"model":"modelengine:mega_warden_pet/right_arm"},{"predicate":{"custom_model_data":280},"model":"modelengine:mega_warden_pet/left_arm"},{"predicate":{"custom_model_data":281},"model":"modelengine:mega_warden_pet/head"},{"predicate":{"custom_model_data":282},"model":"modelengine:mega_warden_pet/drool"},{"predicate":{"custom_model_data":283},"model":"modelengine:mega_warden_rocks/rock1"},{"predicate":{"custom_model_data":284},"model":"modelengine:mega_warden_rocks/rock2"},{"predicate":{"custom_model_data":285},"model":"modelengine:mega_warden_rocks/rock3"},{"predicate":{"custom_model_data":286},"model":"modelengine:mega_warden_rocks/rock4"},{"predicate":{"custom_model_data":287},"model":"modelengine:mega_warden_rocks/rock5"},{"predicate":{"custom_model_data":288},"model":"modelengine:rot_pet/body"},{"predicate":{"custom_model_data":289},"model":"modelengine:rot_pet/head"},{"predicate":{"custom_model_data":290},"model":"modelengine:rot_pet/jaw"},{"predicate":{"custom_model_data":291},"model":"modelengine:rot_pet/front_left_leg"},{"predicate":{"custom_model_data":292},"model":"modelengine:rot_pet/front_left_shin"},{"predicate":{"custom_model_data":293},"model":"modelengine:rot_pet/front_left_foot"},{"predicate":{"custom_model_data":294},"model":"modelengine:rot_pet/front_right_leg"},{"predicate":{"custom_model_data":295},"model":"modelengine:rot_pet/front_right_shin"},{"predicate":{"custom_model_data":296},"model":"modelengine:rot_pet/front_right_foot"},{"predicate":{"custom_model_data":297},"model":"modelengine:rot_pet/back_left_leg"},{"predicate":{"custom_model_data":298},"model":"modelengine:rot_pet/back_left_shin"},{"predicate":{"custom_model_data":299},"model":"modelengine:rot_pet/back_left_foot"},{"predicate":{"custom_model_data":300},"model":"modelengine:rot_pet/back_right_leg"},{"predicate":{"custom_model_data":301},"model":"modelengine:rot_pet/back_right_shin"},{"predicate":{"custom_model_data":302},"model":"modelengine:rot_pet/back_right_foot"},{"predicate":{"custom_model_data":303},"model":"modelengine:rot_pet/tail2"},{"predicate":{"custom_model_data":304},"model":"modelengine:rot_pet/tail1"},{"predicate":{"custom_model_data":305},"model":"modelengine:toro_wither/body"},{"predicate":{"custom_model_data":306},"model":"modelengine:toro_wither/left_rib"},{"predicate":{"custom_model_data":307},"model":"modelengine:toro_wither/right_rib"},{"predicate":{"custom_model_data":308},"model":"modelengine:toro_wither/core"},{"predicate":{"custom_model_data":309},"model":"modelengine:toro_wither/left_neck"},{"predicate":{"custom_model_data":310},"model":"modelengine:toro_wither/left_head"},{"predicate":{"custom_model_data":311},"model":"modelengine:toro_wither/right_neck"},{"predicate":{"custom_model_data":312},"model":"modelengine:toro_wither/right_head"},{"predicate":{"custom_model_data":313},"model":"modelengine:toro_wither/spine"},{"predicate":{"custom_model_data":314},"model":"modelengine:toro_wither/spine2"},{"predicate":{"custom_model_data":315},"model":"modelengine:toro_wither/head"},{"predicate":{"custom_model_data":316},"model":"modelengine:toro_wither/jaw"},{"predicate":{"custom_model_data":317},"model":"modelengine:toro_wither/left_arm"},{"predicate":{"custom_model_data":318},"model":"modelengine:toro_wither/left_forearm"},{"predicate":{"custom_model_data":319},"model":"modelengine:toro_wither/left_claw"},{"predicate":{"custom_model_data":320},"model":"modelengine:toro_wither/right_arm"},{"predicate":{"custom_model_data":321},"model":"modelengine:toro_wither/right_forearm"},{"predicate":{"custom_model_data":322},"model":"modelengine:toro_wither/right_claw"},{"predicate":{"custom_model_data":323},"model":"modelengine:toro_wither_pool/pool"},{"predicate":{"custom_model_data":324},"model":"modelengine:toro_wither_skull/left_head"},{"predicate":{"custom_model_data":325},"model":"modelengine:toro_wither_skull_2ndphase/head"},{"predicate":{"custom_model_data":326},"model":"modelengine:toro_wither_skull_2ndphase/jaw"},{"predicate":{"custom_model_data":327},"model":"modelengine:toro_wither_still/body"},{"predicate":{"custom_model_data":328},"model":"modelengine:toro_wither_still/left_rib"},{"predicate":{"custom_model_data":329},"model":"modelengine:toro_wither_still/right_rib"},{"predicate":{"custom_model_data":330},"model":"modelengine:toro_wither_still/core"},{"predicate":{"custom_model_data":331},"model":"modelengine:toro_wither_still/left_neck"},{"predicate":{"custom_model_data":332},"model":"modelengine:toro_wither_still/left_head"},{"predicate":{"custom_model_data":333},"model":"modelengine:toro_wither_still/right_neck"},{"predicate":{"custom_model_data":334},"model":"modelengine:toro_wither_still/right_head"},{"predicate":{"custom_model_data":335},"model":"modelengine:toro_wither_still/spine"},{"predicate":{"custom_model_data":336},"model":"modelengine:toro_wither_still/spine2"},{"predicate":{"custom_model_data":337},"model":"modelengine:toro_wither_still/head"},{"predicate":{"custom_model_data":338},"model":"modelengine:toro_wither_still/jaw"},{"predicate":{"custom_model_data":339},"model":"modelengine:toro_wither_still/left_arm"},{"predicate":{"custom_model_data":340},"model":"modelengine:toro_wither_still/left_forearm"},{"predicate":{"custom_model_data":341},"model":"modelengine:toro_wither_still/left_claw"},{"predicate":{"custom_model_data":342},"model":"modelengine:toro_wither_still/right_arm"},{"predicate":{"custom_model_data":343},"model":"modelengine:toro_wither_still/right_forearm"},{"predicate":{"custom_model_data":344},"model":"modelengine:toro_wither_still/right_claw"},{"predicate":{"custom_model_data":345},"model":"modelengine:toro_wither_still/nothing"},{"predicate":{"custom_model_data":346},"model":"modelengine:toro_wither_terror/body"},{"predicate":{"custom_model_data":347},"model":"modelengine:toro_wither_terror/neck"},{"predicate":{"custom_model_data":348},"model":"modelengine:toro_wither_terror/head"},{"predicate":{"custom_model_data":349},"model":"modelengine:toro_wither_terror/jaw"},{"predicate":{"custom_model_data":350},"model":"modelengine:toro_wither_terror/left_arm"},{"predicate":{"custom_model_data":351},"model":"modelengine:toro_wither_terror/left_forearm"},{"predicate":{"custom_model_data":352},"model":"modelengine:toro_wither_terror/left_hand"},{"predicate":{"custom_model_data":353},"model":"modelengine:toro_wither_terror/left_thumb"},{"predicate":{"custom_model_data":354},"model":"modelengine:toro_wither_terror/left_finger_index"},{"predicate":{"custom_model_data":355},"model":"modelengine:toro_wither_terror/left_finger_mid"},{"predicate":{"custom_model_data":356},"model":"modelengine:toro_wither_terror/left_finger_pinky"},{"predicate":{"custom_model_data":357},"model":"modelengine:toro_wither_terror/right_arm"},{"predicate":{"custom_model_data":358},"model":"modelengine:toro_wither_terror/right_forearm"},{"predicate":{"custom_model_data":359},"model":"modelengine:toro_wither_terror/head_on_hand"},{"predicate":{"custom_model_data":360},"model":"modelengine:toro_wither_terror/jaw2"},{"predicate":{"custom_model_data":361},"model":"modelengine:toro_wither_terror/right_hand"},{"predicate":{"custom_model_data":362},"model":"modelengine:toro_wither_terror/right_thumb"},{"predicate":{"custom_model_data":363},"model":"modelengine:toro_wither_terror/right_finger_index"},{"predicate":{"custom_model_data":364},"model":"modelengine:toro_wither_terror/right_finger_mid"},{"predicate":{"custom_model_data":365},"model":"modelengine:toro_wither_terror/right_finger_pinky"},{"predicate":{"custom_model_data":366},"model":"modelengine:toro_wither_terror/tail1"},{"predicate":{"custom_model_data":367},"model":"modelengine:toro_wither_terror/tail3"},{"predicate":{"custom_model_data":368},"model":"modelengine:toro_wither_terror/tail2"},{"predicate":{"custom_model_data":369},"model":"modelengine:tribal_barrel/mid"},{"predicate":{"custom_model_data":370},"model":"modelengine:tribal_barrel/flag2"},{"predicate":{"custom_model_data":371},"model":"modelengine:tribal_barrel/flag"},{"predicate":{"custom_model_data":372},"model":"modelengine:tribal_minion/head"},{"predicate":{"custom_model_data":373},"model":"modelengine:tribal_minion/upper"},{"predicate":{"custom_model_data":374},"model":"modelengine:tribal_minion/right_arm2"},{"predicate":{"custom_model_data":375},"model":"modelengine:tribal_minion/spear"},{"predicate":{"custom_model_data":376},"model":"modelengine:tribal_minion/right_arm"},{"predicate":{"custom_model_data":377},"model":"modelengine:tribal_minion/left_arm"},{"predicate":{"custom_model_data":378},"model":"modelengine:tribal_minion/left_arm2"},{"predicate":{"custom_model_data":379},"model":"modelengine:tribal_minion/right_leg"},{"predicate":{"custom_model_data":380},"model":"modelengine:tribal_minion/right_leg2"},{"predicate":{"custom_model_data":381},"model":"modelengine:tribal_minion/right_feet"},{"predicate":{"custom_model_data":382},"model":"modelengine:tribal_minion/left_leg"},{"predicate":{"custom_model_data":383},"model":"modelengine:tribal_minion/left_leg2"},{"predicate":{"custom_model_data":384},"model":"modelengine:tribal_minion/left_feet"},{"predicate":{"custom_model_data":385},"model":"modelengine:tribal_shaman/body"},{"predicate":{"custom_model_data":386},"model":"modelengine:tribal_shaman/clothright"},{"predicate":{"custom_model_data":387},"model":"modelengine:tribal_shaman/clothleft"},{"predicate":{"custom_model_data":388},"model":"modelengine:tribal_shaman/cloth"},{"predicate":{"custom_model_data":389},"model":"modelengine:tribal_shaman/right_leg"},{"predicate":{"custom_model_data":390},"model":"modelengine:tribal_shaman/right_leg2"},{"predicate":{"custom_model_data":391},"model":"modelengine:tribal_shaman/right_feet"},{"predicate":{"custom_model_data":392},"model":"modelengine:tribal_shaman/left_leg"},{"predicate":{"custom_model_data":393},"model":"modelengine:tribal_shaman/left_leg2"},{"predicate":{"custom_model_data":394},"model":"modelengine:tribal_shaman/left_feet"},{"predicate":{"custom_model_data":395},"model":"modelengine:tribal_shaman/upperbody"},{"predicate":{"custom_model_data":396},"model":"modelengine:tribal_shaman/cape1"},{"predicate":{"custom_model_data":397},"model":"modelengine:tribal_shaman/cape2"},{"predicate":{"custom_model_data":398},"model":"modelengine:tribal_shaman/cape3"},{"predicate":{"custom_model_data":399},"model":"modelengine:tribal_shaman/neck"},{"predicate":{"custom_model_data":400},"model":"modelengine:tribal_shaman/horn"},{"predicate":{"custom_model_data":401},"model":"modelengine:tribal_shaman/head"},{"predicate":{"custom_model_data":402},"model":"modelengine:tribal_shaman/decofront"},{"predicate":{"custom_model_data":403},"model":"modelengine:tribal_shaman/right_arm"},{"predicate":{"custom_model_data":404},"model":"modelengine:tribal_shaman/right_arm2"},{"predicate":{"custom_model_data":405},"model":"modelengine:tribal_shaman/sign"},{"predicate":{"custom_model_data":406},"model":"modelengine:tribal_shaman/skull"},{"predicate":{"custom_model_data":407},"model":"modelengine:tribal_shaman/left_arm"},{"predicate":{"custom_model_data":408},"model":"modelengine:tribal_shaman/left_arm2"},{"predicate":{"custom_model_data":409},"model":"modelengine:tribal_shaman/urn"},{"predicate":{"custom_model_data":410},"model":"modelengine:tribal_shaman_totem_damage/totem"},{"predicate":{"custom_model_data":411},"model":"modelengine:tribal_shaman_totem_damage/skull4"},{"predicate":{"custom_model_data":412},"model":"modelengine:tribal_shaman_totem_damage/skull3"},{"predicate":{"custom_model_data":413},"model":"modelengine:tribal_shaman_totem_damage/skull2"},{"predicate":{"custom_model_data":414},"model":"modelengine:tribal_shaman_totem_damage/skull1"},{"predicate":{"custom_model_data":415},"model":"modelengine:tribal_shaman_totem_damage_skull/skull1"},{"predicate":{"custom_model_data":416},"model":"modelengine:tribal_shaman_totem_field/totem"},{"predicate":{"custom_model_data":417},"model":"modelengine:tribal_shaman_totem_field/yop"},{"predicate":{"custom_model_data":418},"model":"modelengine:tribal_shaman_totem_heal/totem"},{"predicate":{"custom_model_data":419},"model":"modelengine:tribal_shaman_totem_heal/yop"},{"predicate":{"custom_model_data":420},"model":"modelengine:tribal_shaman_totem_heal/swing2"},{"predicate":{"custom_model_data":421},"model":"modelengine:tribal_shaman_totem_heal/swing1"},{"predicate":{"custom_model_data":422},"model":"modelengine:tribal_shaman_urn/urn"},{"predicate":{"custom_model_data":423},"model":"modelengine:viking/body"},{"predicate":{"custom_model_data":424},"model":"modelengine:viking/head"},{"predicate":{"custom_model_data":425},"model":"modelengine:viking/back"},{"predicate":{"custom_model_data":426},"model":"modelengine:viking/left_leg"},{"predicate":{"custom_model_data":427},"model":"modelengine:viking/left_foot"},{"predicate":{"custom_model_data":428},"model":"modelengine:viking/right_leg"},{"predicate":{"custom_model_data":429},"model":"modelengine:viking/right_foot"},{"predicate":{"custom_model_data":430},"model":"modelengine:viking/left_arm"},{"predicate":{"custom_model_data":431},"model":"modelengine:viking/left_hand"},{"predicate":{"custom_model_data":432},"model":"modelengine:viking/right_arm"},{"predicate":{"custom_model_data":433},"model":"modelengine:viking/right_hand"},{"predicate":{"custom_model_data":434},"model":"modelengine:viking/hip"},{"predicate":{"custom_model_data":435},"model":"modelengine:viking/hp_bar"},{"predicate":{"custom_model_data":436},"model":"modelengine:viking_decor/base"},{"predicate":{"custom_model_data":437},"model":"modelengine:viking_decor/flag1"},{"predicate":{"custom_model_data":438},"model":"modelengine:viking_decor/flag2"},{"predicate":{"custom_model_data":439},"model":"modelengine:viking_decor/flag3"},{"predicate":{"custom_model_data":440},"model":"modelengine:viking_decor/flag4"},{"predicate":{"custom_model_data":441},"model":"modelengine:viking_decor2/base"},{"predicate":{"custom_model_data":442},"model":"modelengine:viking_decor3/base"},{"predicate":{"custom_model_data":443},"model":"modelengine:viking_decor3/octagon2"},{"predicate":{"custom_model_data":444},"model":"modelengine:viking_decor3/octagon"},{"predicate":{"custom_model_data":445},"model":"modelengine:viking_decor3_parts/variation1"},{"predicate":{"custom_model_data":446},"model":"modelengine:viking_decor3_parts/variation2"},{"predicate":{"custom_model_data":447},"model":"modelengine:viking_decor4/base"},{"predicate":{"custom_model_data":448},"model":"modelengine:viking_decor4_parts/var1"},{"predicate":{"custom_model_data":449},"model":"modelengine:viking_decor4_parts/var2"},{"predicate":{"custom_model_data":450},"model":"modelengine:viking_decor4_parts/var3"},{"predicate":{"custom_model_data":451},"model":"modelengine:viking_miniboss/body"},{"predicate":{"custom_model_data":452},"model":"modelengine:viking_miniboss/cape1"},{"predicate":{"custom_model_data":453},"model":"modelengine:viking_miniboss/left_arm"},{"predicate":{"custom_model_data":454},"model":"modelengine:viking_miniboss/left_forearm"},{"predicate":{"custom_model_data":455},"model":"modelengine:viking_miniboss/left_hand"},{"predicate":{"custom_model_data":456},"model":"modelengine:viking_miniboss/right_arm"},{"predicate":{"custom_model_data":457},"model":"modelengine:viking_miniboss/right_forearm"},{"predicate":{"custom_model_data":458},"model":"modelengine:viking_miniboss/right_hand"},{"predicate":{"custom_model_data":459},"model":"modelengine:viking_miniboss/left_leg"},{"predicate":{"custom_model_data":460},"model":"modelengine:viking_miniboss/left_foot"},{"predicate":{"custom_model_data":461},"model":"modelengine:viking_miniboss/right_leg"},{"predicate":{"custom_model_data":462},"model":"modelengine:viking_miniboss/right_foot"},{"predicate":{"custom_model_data":463},"model":"modelengine:viking_miniboss/beard2"},{"predicate":{"custom_model_data":464},"model":"modelengine:viking_miniboss/beard1"},{"predicate":{"custom_model_data":465},"model":"modelengine:viking_miniboss/head"},{"predicate":{"custom_model_data":466},"model":"modelengine:viking_miniboss/left_horn"},{"predicate":{"custom_model_data":467},"model":"modelengine:viking_miniboss/right_horn"},{"predicate":{"custom_model_data":468},"model":"modelengine:viking_miniboss/hp_bar"},{"predicate":{"custom_model_data":469},"model":"modelengine:viking_miniboss_axe/axe"},{"predicate":{"custom_model_data":470},"model":"modelengine:viking_miniboss_axeland/axe"},{"predicate":{"custom_model_data":471},"model":"modelengine:viking_miniboss_door/doorleft"},{"predicate":{"custom_model_data":472},"model":"modelengine:viking_miniboss_door/doorright"},{"predicate":{"custom_model_data":473},"model":"modelengine:viking_miniboss_parts/left_empty"},{"predicate":{"custom_model_data":474},"model":"modelengine:viking_miniboss_parts/right_empty"},{"predicate":{"custom_model_data":475},"model":"modelengine:viking_miniboss_parts/axe"},{"predicate":{"custom_model_data":476},"model":"modelengine:viking_parts/head_1"},{"predicate":{"custom_model_data":477},"model":"modelengine:viking_parts/empty"},{"predicate":{"custom_model_data":478},"model":"modelengine:viking_parts/back_shieldaxe"},{"predicate":{"custom_model_data":479},"model":"modelengine:viking_parts/head_2"},{"predicate":{"custom_model_data":480},"model":"modelengine:viking_parts/head_3"},{"predicate":{"custom_model_data":481},"model":"modelengine:viking_parts/body_1"},{"predicate":{"custom_model_data":482},"model":"modelengine:viking_parts/left_arm_1"},{"predicate":{"custom_model_data":483},"model":"modelengine:viking_parts/left_hand_shield2"},{"predicate":{"custom_model_data":484},"model":"modelengine:viking_parts/right_arm_1"},{"predicate":{"custom_model_data":485},"model":"modelengine:viking_parts/right_hand_hammer"},{"predicate":{"custom_model_data":486},"model":"modelengine:viking_parts/right_hand_mace"},{"predicate":{"custom_model_data":487},"model":"modelengine:viking_parts/head_4"},{"predicate":{"custom_model_data":488},"model":"modelengine:viking_parts/head_5"},{"predicate":{"custom_model_data":489},"model":"modelengine:viking_parts/head_6"},{"predicate":{"custom_model_data":490},"model":"modelengine:viking_parts/head_7"},{"predicate":{"custom_model_data":491},"model":"modelengine:viking_parts/head_8"},{"predicate":{"custom_model_data":492},"model":"modelengine:viking_parts/back_shieldaxe2"},{"predicate":{"custom_model_data":493},"model":"modelengine:viking_parts/body_2"},{"predicate":{"custom_model_data":494},"model":"modelengine:viking_parts/body_3"},{"predicate":{"custom_model_data":495},"model":"modelengine:viking_parts/left_arm_3"},{"predicate":{"custom_model_data":496},"model":"modelengine:viking_parts/left_hand_shield1"},{"predicate":{"custom_model_data":497},"model":"modelengine:viking_parts/left_hand_axe"},{"predicate":{"custom_model_data":498},"model":"modelengine:viking_parts/right_arm_3"},{"predicate":{"custom_model_data":499},"model":"modelengine:viking_parts/right_hand_axe"},{"predicate":{"custom_model_data":500},"model":"modelengine:viking_parts/back_shieldhammer"},{"predicate":{"custom_model_data":501},"model":"modelengine:viking_parts/hip_hammer"},{"predicate":{"custom_model_data":502},"model":"modelengine:viking_parts/back_shield"},{"predicate":{"custom_model_data":503},"model":"modelengine:viking_parts/back_axe"},{"predicate":{"custom_model_data":504},"model":"modelengine:viking_parts/back_hammer"},{"predicate":{"custom_model_data":505},"model":"modelengine:viking_parts/hip_mace"},{"predicate":{"custom_model_data":506},"model":"modelengine:viking_rune_parts/speed"},{"predicate":{"custom_model_data":507},"model":"modelengine:viking_rune_parts/luck"},{"predicate":{"custom_model_data":508},"model":"modelengine:viking_rune_parts/blank"},{"predicate":{"custom_model_data":509},"model":"modelengine:viking_rune_power/base"},{"predicate":{"custom_model_data":510},"model":"modelengine:viking_stone_pile/stone"},{"predicate":{"custom_model_data":511},"model":"modelengine:voodoo_bugs/body"},{"predicate":{"custom_model_data":512},"model":"modelengine:voodoo_bugs/back"},{"predicate":{"custom_model_data":513},"model":"modelengine:voodoo_bugs/head"},{"predicate":{"custom_model_data":514},"model":"modelengine:voodoo_bugs/bone6"},{"predicate":{"custom_model_data":515},"model":"modelengine:voodoo_bugs/bone"},{"predicate":{"custom_model_data":516},"model":"modelengine:voodoo_bugs/bone2"},{"predicate":{"custom_model_data":517},"model":"modelengine:voodoo_bugs/bone3"},{"predicate":{"custom_model_data":518},"model":"modelengine:voodoo_bugs/bone4"},{"predicate":{"custom_model_data":519},"model":"modelengine:voodoo_bugs/bone5"},{"predicate":{"custom_model_data":520},"model":"modelengine:warden/body"},{"predicate":{"custom_model_data":521},"model":"modelengine:warden/upperbody"},{"predicate":{"custom_model_data":522},"model":"modelengine:warden/chain"},{"predicate":{"custom_model_data":523},"model":"modelengine:warden/rightarm"},{"predicate":{"custom_model_data":524},"model":"modelengine:warden/frontright"},{"predicate":{"custom_model_data":525},"model":"modelengine:warden/sword"},{"predicate":{"custom_model_data":526},"model":"modelengine:warden/leftarm"},{"predicate":{"custom_model_data":527},"model":"modelengine:warden/frontleft"},{"predicate":{"custom_model_data":528},"model":"modelengine:warden/feather1"},{"predicate":{"custom_model_data":529},"model":"modelengine:warden/feather2"},{"predicate":{"custom_model_data":530},"model":"modelengine:warden/neck"},{"predicate":{"custom_model_data":531},"model":"modelengine:warden/head"},{"predicate":{"custom_model_data":532},"model":"modelengine:warden/rightleg"},{"predicate":{"custom_model_data":533},"model":"modelengine:warden/rightfeet"},{"predicate":{"custom_model_data":534},"model":"modelengine:warden/rightleg2"},{"predicate":{"custom_model_data":535},"model":"modelengine:warden/leftleg"},{"predicate":{"custom_model_data":536},"model":"modelengine:warden/leftfeet"},{"predicate":{"custom_model_data":537},"model":"modelengine:warden/leftleg2"}]}