{"textures":{"0":"modelengine:entity/mega_warden_pet"},"elements":[{"from":[6.285714,4.5714283,7.142857],"to":[8.0,8.571428,8.857143],"rotation":{"angle":0.0,"axis":"y","origin":[10.285714,1.7142854,7.142857]},"faces":{"east":{"uv":[1.5,6.75,0.75,8.5],"rotation":0,"texture":"#0","tintindex":0},"south":{"uv":[0.75,6.75,0.0,8.5],"rotation":0,"texture":"#0","tintindex":0},"north":{"uv":[5.25,1.75,4.5,3.5],"rotation":0,"texture":"#0","tintindex":0},"west":{"uv":[7.25,2.0,6.5,3.75],"rotation":0,"texture":"#0","tintindex":0},"up":{"uv":[6.5,8.0,7.25,7.25],"rotation":0,"texture":"#0","tintindex":0},"down":{"uv":[7.25,7.25,8.0,8.0],"rotation":0,"texture":"#0","tintindex":0}}}],"display":{"head":{"translation":[0.0,-6.4,0.0],"scale":[4.0,4.0,4.0]}}}