{"textures":{"0":"modelengine:entity/mega_warden_pet"},"elements":[{"from":[8.285714,6.857143,9.142858],"to":[8.285714,11.428572,10.857143],"rotation":{"angle":0.0,"axis":"y","origin":[8.0,4.0,6.857143]},"faces":{"east":{"uv":[16.0,1.25,15.25,3.25],"rotation":0,"texture":"#0","tintindex":0},"south":{"uv":[1.75,3.5,1.75,5.5],"rotation":0,"texture":"#0","tintindex":0},"north":{"uv":[0.0,3.5,0.0,5.5],"rotation":0,"texture":"#0","tintindex":0},"west":{"uv":[15.25,1.25,16.0,3.25],"rotation":0,"texture":"#0","tintindex":0},"up":{"uv":[0.0,6.25,0.0,5.5],"rotation":0,"texture":"#0","tintindex":0},"down":{"uv":[1.75,5.5,1.75,6.25],"rotation":0,"texture":"#0","tintindex":0}}},{"from":[6.285714,6.857143,6.285714],"to":[10.285714,11.428572,9.142858],"rotation":{"angle":0.0,"axis":"y","origin":[8.0,4.0,6.857143]},"faces":{"east":{"uv":[5.25,1.75,6.5,3.75],"rotation":0,"texture":"#0","tintindex":0},"south":{"uv":[1.75,3.5,3.5,5.5],"rotation":0,"texture":"#0","tintindex":0},"north":{"uv":[0.0,3.5,1.75,5.5],"rotation":0,"texture":"#0","tintindex":0},"west":{"uv":[3.5,5.25,4.75,7.25],"rotation":0,"texture":"#0","tintindex":0},"up":{"uv":[1.75,6.75,0.0,5.5],"rotation":0,"texture":"#0","tintindex":0},"down":{"uv":[3.5,5.5,1.75,6.75],"rotation":0,"texture":"#0","tintindex":0}}},{"from":[9.546918,7.428571,5.546918],"to":[9.546918,10.285714,6.6897755],"rotation":{"angle":45.0,"axis":"y","origin":[9.142858,8.857143,6.285714]},"faces":{"east":{"uv":[13.75,0.0,13.25,1.25],"rotation":0,"texture":"#0","tintindex":0},"south":{"uv":[1.75,3.5,1.75,4.75],"rotation":0,"texture":"#0","tintindex":0},"north":{"uv":[0.0,3.5,0.0,4.75],"rotation":0,"texture":"#0","tintindex":0},"west":{"uv":[13.25,0.0,13.75,1.25],"rotation":0,"texture":"#0","tintindex":0},"up":{"uv":[0.0,6.0,0.0,5.5],"rotation":0,"texture":"#0","tintindex":0},"down":{"uv":[1.75,5.5,1.75,6.0],"rotation":0,"texture":"#0","tintindex":0}}},{"from":[6.857143,7.428571,5.142857],"to":[6.857143,10.285714,6.285714],"rotation":{"angle":-45.0,"axis":"y","origin":[6.857143,8.857143,6.285714]},"faces":{"east":{"uv":[13.75,0.0,13.25,1.25],"rotation":0,"texture":"#0","tintindex":0},"south":{"uv":[1.75,3.5,1.75,4.75],"rotation":0,"texture":"#0","tintindex":0},"north":{"uv":[0.0,3.5,0.0,4.75],"rotation":0,"texture":"#0","tintindex":0},"west":{"uv":[13.25,0.0,13.75,1.25],"rotation":0,"texture":"#0","tintindex":0},"up":{"uv":[0.0,6.0,0.0,5.5],"rotation":0,"texture":"#0","tintindex":0},"down":{"uv":[1.75,5.5,1.75,6.0],"rotation":0,"texture":"#0","tintindex":0}}}],"display":{"head":{"translation":[0.0,-6.4,0.0],"scale":[4.0,4.0,4.0]}}}