{"textures":{"0":"modelengine:entity/mso_overlord_stage1"},"elements":[{"name":"cube","from":[7.394,6.7939997,7.394],"to":[8.606,8.0060005,8.606],"rotation":{"angle":0.0,"axis":"x","origin":[8.0,7.4,8.0]},"faces":{"down":{"uv":[2.0,11.625,1.75,11.875],"rotation":0,"texture":"#0","tintindex":0},"east":{"uv":[0.25,11.625,0.5,11.875],"rotation":0,"texture":"#0","tintindex":0},"north":{"uv":[11.625,0.0,11.875,0.25],"rotation":0,"texture":"#0","tintindex":0},"south":{"uv":[0.5,11.625,0.75,11.875],"rotation":0,"texture":"#0","tintindex":0},"up":{"uv":[1.75,11.875,1.5,11.625],"rotation":0,"texture":"#0","tintindex":0},"west":{"uv":[0.75,11.625,1.0,11.875],"rotation":0,"texture":"#0","tintindex":0}}}],"display":{"head":{"translation":[0.0,-6.4,0.0],"rotation":[0.0,0.0,0.0],"scale":[3.8095,3.8095,3.8095]}}}