{"textures":{"0":"modelengine:entity/mso_overlord_stage1"},"elements":[{"name":"cube","from":[5.0,4.9700003,5.96],"to":[11.0,7.9700003,10.16],"rotation":{"angle":0.0,"axis":"x","origin":[3.1999998,-7.63,2.06]},"faces":{"down":{"uv":[4.25,5.125,3.0,6.0],"rotation":0,"texture":"#0","tintindex":0},"east":{"uv":[1.875,7.375,2.75,8.0],"rotation":0,"texture":"#0","tintindex":0},"north":{"uv":[7.125,2.625,8.375,3.25],"rotation":0,"texture":"#0","tintindex":0},"south":{"uv":[7.125,3.25,8.375,3.875],"rotation":0,"texture":"#0","tintindex":0},"up":{"uv":[6.25,5.75,5.0,4.875],"rotation":0,"texture":"#0","tintindex":0},"west":{"uv":[9.0,3.75,9.875,4.375],"rotation":0,"texture":"#0","tintindex":0}}},{"name":"cube","from":[6.8,5.8700004,5.06],"to":[9.2,8.27,6.26],"rotation":{"angle":0.0,"axis":"x","origin":[3.1999998,-7.63,2.06]},"faces":{"down":{"uv":[12.0,2.625,11.5,2.875],"rotation":0,"texture":"#0","tintindex":0},"east":{"uv":[3.625,7.0,3.875,7.5],"rotation":0,"texture":"#0","tintindex":0},"north":{"uv":[9.375,10.5,9.875,11.0],"rotation":0,"texture":"#0","tintindex":0},"south":{"uv":[0.0,10.625,0.5,11.125],"rotation":0,"texture":"#0","tintindex":0},"up":{"uv":[1.5,11.75,1.0,11.5],"rotation":0,"texture":"#0","tintindex":0},"west":{"uv":[5.375,8.5,5.625,9.0],"rotation":0,"texture":"#0","tintindex":0}}}],"display":{"head":{"translation":[0.0,-6.4,0.0],"rotation":[0.0,0.0,0.0],"scale":[3.8095,3.8095,3.8095]}}}