{"textures":{"0":"modelengine:entity/mso_overlord_stage1"},"elements":[{"name":"cube","from":[5.7999983,4.419998,5.499998],"to":[10.599998,6.2199984,10.299998],"rotation":{"angle":0.0,"axis":"x","origin":[8.499998,-10.580002,1.8999978]},"faces":{"down":{"uv":[1.0,5.375,0.0,6.375],"rotation":0,"texture":"#0","tintindex":0},"east":{"uv":[10.0,6.125,11.0,6.5],"rotation":0,"texture":"#0","tintindex":0},"north":{"uv":[10.0,3.125,11.0,3.5],"rotation":0,"texture":"#0","tintindex":0},"south":{"uv":[2.875,10.125,3.875,10.5],"rotation":0,"texture":"#0","tintindex":0},"up":{"uv":[6.25,3.875,5.25,2.875],"rotation":0,"texture":"#0","tintindex":0},"west":{"uv":[10.125,5.375,11.125,5.75],"rotation":0,"texture":"#0","tintindex":0}}},{"name":"cube","from":[6.3999977,1.4199983,6.099998],"to":[9.999998,4.419998,9.699999],"rotation":{"angle":0.0,"axis":"x","origin":[8.499998,-10.580002,1.8999978]},"faces":{"down":{"uv":[9.5,5.375,8.75,6.125],"rotation":0,"texture":"#0","tintindex":0},"east":{"uv":[7.125,9.25,7.875,9.875],"rotation":0,"texture":"#0","tintindex":0},"north":{"uv":[6.375,9.25,7.125,9.875],"rotation":0,"texture":"#0","tintindex":0},"south":{"uv":[1.0,9.375,1.75,10.0],"rotation":0,"texture":"#0","tintindex":0},"up":{"uv":[9.5,2.125,8.75,1.375],"rotation":0,"texture":"#0","tintindex":0},"west":{"uv":[9.5,1.375,10.25,2.0],"rotation":0,"texture":"#0","tintindex":0}}},{"name":"cube","from":[6.9939976,6.2139983,6.693998],"to":[9.405998,8.025999,9.105998],"rotation":{"angle":0.0,"axis":"x","origin":[8.499998,-10.580002,1.8999978]},"faces":{"down":{"uv":[10.875,4.25,10.375,4.75],"rotation":0,"texture":"#0","tintindex":0},"east":{"uv":[11.125,0.0,11.625,0.375],"rotation":0,"texture":"#0","tintindex":0},"north":{"uv":[9.0,7.625,9.5,8.0],"rotation":0,"texture":"#0","tintindex":0},"south":{"uv":[11.125,3.25,11.625,3.625],"rotation":0,"texture":"#0","tintindex":0},"up":{"uv":[10.875,2.5,10.375,2.0],"rotation":0,"texture":"#0","tintindex":0},"west":{"uv":[11.125,3.625,11.625,4.0],"rotation":0,"texture":"#0","tintindex":0}}}],"display":{"head":{"translation":[0.0,-6.4,0.0],"rotation":[0.0,0.0,0.0],"scale":[3.8095,3.8095,3.8095]}}}