{"textures":{"0":"modelengine:entity/mso_overlord_stage1"},"elements":[{"name":"cube","from":[6.7939997,2.5511415,7.136858],"to":[9.206,7.363142,9.548859],"rotation":{"angle":0.0,"axis":"x","origin":[11.3,-5.242859,2.3428578]},"faces":{"down":{"uv":[9.25,10.875,8.75,11.375],"rotation":0,"texture":"#0","tintindex":0},"east":{"uv":[0.5,9.25,1.0,10.25],"rotation":0,"texture":"#0","tintindex":0},"north":{"uv":[9.125,4.375,9.625,5.375],"rotation":0,"texture":"#0","tintindex":0},"south":{"uv":[7.875,9.0,8.375,10.0],"rotation":0,"texture":"#0","tintindex":0},"up":{"uv":[5.25,11.375,4.75,10.875],"rotation":0,"texture":"#0","tintindex":0},"west":{"uv":[0.0,9.125,0.5,10.125],"rotation":0,"texture":"#0","tintindex":0}}}],"display":{"head":{"translation":[0.0,-6.4,0.0],"rotation":[0.0,0.0,0.0],"scale":[3.8095,3.8095,3.8095]}}}