{"textures":{"0":"modelengine:entity/ecnpcs_demon_warrior"},"elements":[{"from":[6.5714283,6.0,7.428571],"to":[9.428572,10.0,8.571428],"rotation":{"angle":0.0,"axis":"y","origin":[7.142857,11.714286,9.142858]},"faces":{"east":{"uv":[9.4375,9.875,9.5625,10.75],"rotation":0,"texture":"#0","tintindex":0},"south":{"uv":[12.0625,1.875,12.375,2.75],"rotation":0,"texture":"#0","tintindex":0},"north":{"uv":[12.0625,1.0,12.375,1.875],"rotation":0,"texture":"#0","tintindex":0},"west":{"uv":[9.5625,9.875,9.6875,10.75],"rotation":0,"texture":"#0","tintindex":0},"up":{"uv":[13.4375,9.25,13.125,9.0],"rotation":0,"texture":"#0","tintindex":0},"down":{"uv":[13.0,10.25,12.6875,10.5],"rotation":0,"texture":"#0","tintindex":0}}}],"display":{"head":{"translation":[0.0,-6.4,0.0],"scale":[4.0,4.0,4.0]}}}