{"textures":{"0":"modelengine:entity/ecnpcs_demon_warrior"},"elements":[{"from":[6.5714283,4.8571424,7.428571],"to":[9.428572,10.0,8.571428],"rotation":{"angle":0.0,"axis":"y","origin":[7.142857,11.714286,9.142858]},"faces":{"east":{"uv":[11.0,9.25,11.125,10.375],"rotation":0,"texture":"#0","tintindex":0},"south":{"uv":[10.1875,6.875,10.5,8.0],"rotation":0,"texture":"#0","tintindex":0},"north":{"uv":[8.25,6.875,8.5625,8.0],"rotation":0,"texture":"#0","tintindex":0},"west":{"uv":[8.1875,9.625,8.3125,10.75],"rotation":0,"texture":"#0","tintindex":0},"up":{"uv":[13.4375,10.125,13.125,9.875],"rotation":0,"texture":"#0","tintindex":0},"down":{"uv":[13.3125,10.25,13.0,10.5],"rotation":0,"texture":"#0","tintindex":0}}}],"display":{"head":{"translation":[0.0,-6.4,0.0],"scale":[4.0,4.0,4.0]}}}