{"textures":{"0":"modelengine:entity/ecnpcs_demon_warrior"},"elements":[{"from":[6.5714283,6.5714283,7.428571],"to":[9.428572,10.0,8.571428],"rotation":{"angle":0.0,"axis":"y","origin":[8.857143,11.714286,9.142858]},"faces":{"east":{"uv":[10.875,9.875,11.0,10.625],"rotation":0,"texture":"#0","tintindex":0},"south":{"uv":[8.5625,8.625,8.875,9.375],"rotation":0,"texture":"#0","tintindex":0},"north":{"uv":[12.1875,0.25,12.5,1.0],"rotation":0,"texture":"#0","tintindex":0},"west":{"uv":[13.125,1.5,13.25,2.25],"rotation":0,"texture":"#0","tintindex":0},"up":{"uv":[13.5,3.375,13.1875,3.125],"rotation":0,"texture":"#0","tintindex":0},"down":{"uv":[10.75,10.375,10.4375,10.625],"rotation":0,"texture":"#0","tintindex":0}}}],"display":{"head":{"translation":[0.0,-6.4,0.0],"scale":[4.0,4.0,4.0]}}}