{"textures":{"0":"modelengine:entity/mega_warden_pet"},"elements":[{"from":[7.133097,6.286558,7.963253],"to":[8.847383,8.000844,7.963253],"rotation":{"angle":0.0,"axis":"y","origin":[8.847383,1.7151289,10.248967]},"faces":{"east":{"uv":[3.5,3.5,3.5,4.25],"rotation":0,"texture":"#0","tintindex":0},"south":{"uv":[15.25,0.0,16.0,0.75],"rotation":0,"texture":"#0","tintindex":0},"north":{"uv":[16.0,0.0,15.25,0.75],"rotation":0,"texture":"#0","tintindex":0},"west":{"uv":[4.5,0.0,4.5,0.75],"rotation":0,"texture":"#0","tintindex":0},"up":{"uv":[3.0,0.0,2.25,0.0],"rotation":0,"texture":"#0","tintindex":0},"down":{"uv":[3.0,1.75,2.25,1.75],"rotation":0,"texture":"#0","tintindex":0}}}],"display":{"head":{"translation":[0.0,-6.4,0.0],"scale":[4.0,4.0,4.0]}}}