{"textures":{"0":"modelengine:entity/mega_warden_pet"},"elements":[{"from":[5.714286,7.428571,5.142857],"to":[10.857143,11.428572,9.142858],"rotation":{"angle":0.0,"axis":"y","origin":[8.0,1.1428566,7.428571]},"faces":{"east":{"uv":[3.5,3.5,5.25,5.25],"rotation":0,"texture":"#0","tintindex":0},"south":{"uv":[0.0,1.75,2.25,3.5],"rotation":0,"texture":"#0","tintindex":0},"north":{"uv":[0.0,0.0,2.25,1.75],"rotation":0,"texture":"#0","tintindex":0},"west":{"uv":[4.5,0.0,6.25,1.75],"rotation":0,"texture":"#0","tintindex":0},"up":{"uv":[4.5,1.75,2.25,0.0],"rotation":0,"texture":"#0","tintindex":0},"down":{"uv":[4.5,1.75,2.25,3.5],"rotation":0,"texture":"#0","tintindex":0}}},{"from":[9.142858,7.934754,4.8148427],"to":[10.857143,9.649039,4.8148427],"rotation":{"angle":-22.5,"axis":"x","origin":[10.0,8.791897,4.8148427]},"faces":{"east":{"uv":[3.5,3.5,3.5,4.25],"rotation":0,"texture":"#0","tintindex":0},"south":{"uv":[9.0,0.0,9.75,0.75],"rotation":0,"texture":"#0","tintindex":0},"north":{"uv":[9.75,0.0,9.0,0.75],"rotation":0,"texture":"#0","tintindex":0},"west":{"uv":[4.5,0.0,4.5,0.75],"rotation":0,"texture":"#0","tintindex":0},"up":{"uv":[3.0,0.0,2.25,0.0],"rotation":0,"texture":"#0","tintindex":0},"down":{"uv":[3.0,1.75,2.25,1.75],"rotation":0,"texture":"#0","tintindex":0}}},{"from":[5.714286,7.934754,4.8148427],"to":[7.428571,9.649039,4.8148427],"rotation":{"angle":-22.5,"axis":"x","origin":[6.0,8.791897,4.8148427]},"faces":{"east":{"uv":[4.5,0.0,4.5,0.75],"rotation":0,"texture":"#0","tintindex":0},"south":{"uv":[9.75,0.0,9.0,0.75],"rotation":0,"texture":"#0","tintindex":0},"north":{"uv":[9.0,0.0,9.75,0.75],"rotation":0,"texture":"#0","tintindex":0},"west":{"uv":[3.5,3.5,3.5,4.25],"rotation":0,"texture":"#0","tintindex":0},"up":{"uv":[2.25,0.0,3.0,0.0],"rotation":0,"texture":"#0","tintindex":0},"down":{"uv":[2.25,1.75,3.0,1.75],"rotation":0,"texture":"#0","tintindex":0}}},{"from":[5.714286,9.229852,4.7055044],"to":[10.857143,11.515566,4.7055044],"rotation":{"angle":22.5,"axis":"x","origin":[8.285714,10.372709,4.7055044]},"faces":{"east":{"uv":[0.0,0.0,0.0,1.0],"rotation":0,"texture":"#0","tintindex":0},"south":{"uv":[7.5,3.75,5.25,4.75],"rotation":0,"texture":"#0","tintindex":0},"north":{"uv":[5.25,3.75,7.5,4.75],"rotation":0,"texture":"#0","tintindex":0},"west":{"uv":[0.0,0.0,0.0,1.0],"rotation":0,"texture":"#0","tintindex":0},"up":{"uv":[2.25,0.0,0.0,0.0],"rotation":0,"texture":"#0","tintindex":0},"down":{"uv":[2.25,0.0,0.0,0.0],"rotation":0,"texture":"#0","tintindex":0}}},{"from":[2.2857141,8.571428,6.285714],"to":[5.714286,10.857143,8.571428],"rotation":{"angle":0.0,"axis":"y","origin":[8.0,1.1428566,7.428571]},"faces":{"east":{"uv":[1.5,6.75,2.5,7.75],"rotation":0,"texture":"#0","tintindex":0},"south":{"uv":[4.75,6.25,6.25,7.25],"rotation":0,"texture":"#0","tintindex":0},"north":{"uv":[6.25,0.0,7.75,1.0],"rotation":0,"texture":"#0","tintindex":0},"west":{"uv":[2.5,6.75,3.5,7.75],"rotation":0,"texture":"#0","tintindex":0},"up":{"uv":[7.75,7.25,6.25,6.25],"rotation":0,"texture":"#0","tintindex":0},"down":{"uv":[8.0,1.0,6.5,2.0],"rotation":0,"texture":"#0","tintindex":0}}},{"from":[2.2857141,10.857143,6.857143],"to":[3.4285712,12.0,8.0],"rotation":{"angle":0.0,"axis":"y","origin":[8.0,1.1428566,7.428571]},"faces":{"east":{"uv":[5.75,4.75,6.25,5.25],"rotation":0,"texture":"#0","tintindex":0},"south":{"uv":[6.25,4.75,6.75,5.25],"rotation":0,"texture":"#0","tintindex":0},"north":{"uv":[5.25,4.75,5.75,5.25],"rotation":0,"texture":"#0","tintindex":0},"west":{"uv":[7.25,3.25,7.75,3.75],"rotation":0,"texture":"#0","tintindex":0},"up":{"uv":[8.0,4.25,7.5,3.75],"rotation":0,"texture":"#0","tintindex":0},"down":{"uv":[8.0,4.25,7.5,4.75],"rotation":0,"texture":"#0","tintindex":0}}},{"from":[10.857143,8.571428,6.285714],"to":[14.285715,10.857143,8.571428],"rotation":{"angle":0.0,"axis":"y","origin":[8.0,1.1428566,7.428571]},"faces":{"east":{"uv":[3.5,6.75,2.5,7.75],"rotation":0,"texture":"#0","tintindex":0},"south":{"uv":[6.25,6.25,4.75,7.25],"rotation":0,"texture":"#0","tintindex":0},"north":{"uv":[7.75,0.0,6.25,1.0],"rotation":0,"texture":"#0","tintindex":0},"west":{"uv":[2.5,6.75,1.5,7.75],"rotation":0,"texture":"#0","tintindex":0},"up":{"uv":[6.25,7.25,7.75,6.25],"rotation":0,"texture":"#0","tintindex":0},"down":{"uv":[6.5,1.0,8.0,2.0],"rotation":0,"texture":"#0","tintindex":0}}},{"from":[13.142858,10.857143,6.857143],"to":[14.285715,12.0,8.0],"rotation":{"angle":0.0,"axis":"y","origin":[8.0,1.1428566,7.428571]},"faces":{"east":{"uv":[7.75,3.25,7.25,3.75],"rotation":0,"texture":"#0","tintindex":0},"south":{"uv":[6.75,4.75,6.25,5.25],"rotation":0,"texture":"#0","tintindex":0},"north":{"uv":[5.75,4.75,5.25,5.25],"rotation":0,"texture":"#0","tintindex":0},"west":{"uv":[6.25,4.75,5.75,5.25],"rotation":0,"texture":"#0","tintindex":0},"up":{"uv":[7.5,4.25,8.0,3.75],"rotation":0,"texture":"#0","tintindex":0},"down":{"uv":[7.5,4.25,8.0,4.75],"rotation":0,"texture":"#0","tintindex":0}}}],"display":{"head":{"translation":[0.0,-6.4,0.0],"scale":[4.0,4.0,4.0]}}}