{"textures":{"0":"modelengine:entity/mega_warden_pet"},"elements":[{"from":[7.142857,5.142857,7.714286],"to":[8.857143,8.0,9.428572],"rotation":{"angle":0.0,"axis":"y","origin":[6.5714283,5.142857,7.714286]},"faces":{"east":{"uv":[7.25,2.0,8.0,3.25],"rotation":0,"texture":"#0","tintindex":0},"south":{"uv":[3.5,7.25,4.25,8.5],"rotation":0,"texture":"#0","tintindex":0},"north":{"uv":[7.0,4.75,7.75,6.0],"rotation":0,"texture":"#0","tintindex":0},"west":{"uv":[4.25,7.25,5.0,8.5],"rotation":0,"texture":"#0","tintindex":0},"up":{"uv":[5.75,8.0,5.0,7.25],"rotation":0,"texture":"#0","tintindex":0},"down":{"uv":[6.5,7.25,5.75,8.0],"rotation":0,"texture":"#0","tintindex":0}}}],"display":{"head":{"translation":[0.0,-6.4,0.0],"scale":[4.0,4.0,4.0]}}}