{
	"credit": "Made with Blockbench",
	"texture_size": [64, 64],
	"textures": {
		"0": "item/war_sword/texture",
		"particle": "item/war_sword/texture"
	},
	"elements": [
		{
			"from": [7.45, -5, 7.45285],
			"to": [8.55, -3.9, 8.55285],
			"rotation": {"angle": 45, "axis": "x", "origin": [8, -4.45, 8.00285]},
			"faces": {
				"north": {"uv": [4.5, 7.25, 4.75, 7.5], "texture": "#0"},
				"east": {"uv": [7.25, 4.5, 7.5, 4.75], "texture": "#0"},
				"south": {"uv": [4.75, 7.25, 5, 7.5], "texture": "#0"},
				"west": {"uv": [7.25, 4.75, 7.5, 5], "texture": "#0"},
				"up": {"uv": [7.5, 5.25, 7.25, 5], "texture": "#0"},
				"down": {"uv": [7.5, 5.25, 7.25, 5.5], "texture": "#0"}
			}
		},
		{
			"from": [7.45, 2.4, 7.45285],
			"to": [8.55, 3.5, 8.55285],
			"rotation": {"angle": 45, "axis": "x", "origin": [8, 2.95, 8.00285]},
			"faces": {
				"north": {"uv": [7.25, 5.75, 7.5, 6], "texture": "#0"},
				"east": {"uv": [6, 7.25, 6.25, 7.5], "texture": "#0"},
				"south": {"uv": [6.75, 7.25, 7, 7.5], "texture": "#0"},
				"west": {"uv": [7, 7.25, 7.25, 7.5], "texture": "#0"},
				"up": {"uv": [7.5, 7.25, 7.25, 7], "texture": "#0"},
				"down": {"uv": [7.5, 7.25, 7.25, 7.5], "texture": "#0"}
			}
		},
		{
			"from": [7.5, 1, 7.50285],
			"to": [8.5, 3, 8.50285],
			"rotation": {"angle": 0, "axis": "y", "origin": [7.5, -5, 8.50285]},
			"faces": {
				"north": {"uv": [3.25, 6.75, 3.5, 7.25], "texture": "#0"},
				"east": {"uv": [3.5, 6.75, 3.75, 7.25], "texture": "#0"},
				"south": {"uv": [6.75, 3.5, 7, 4], "texture": "#0"},
				"west": {"uv": [3.75, 6.75, 4, 7.25], "texture": "#0"},
				"up": {"uv": [7.5, 5.75, 7.25, 5.5], "texture": "#0"},
				"down": {"uv": [6, 7.25, 5.75, 7.5], "texture": "#0"}
			}
		},
		{
			"from": [7.5, 2.8, 5.79531],
			"to": [8.5, 3.8, 7.79531],
			"rotation": {"angle": 22.5, "axis": "x", "origin": [8, 3.3, 6.79531]},
			"faces": {
				"north": {"uv": [0.5, 7.5, 0.75, 7.75], "texture": "#0"},
				"east": {"uv": [6.5, 6.75, 7, 7], "texture": "#0"},
				"south": {"uv": [7.5, 0.5, 7.75, 0.75], "texture": "#0"},
				"west": {"uv": [0, 7, 0.5, 7.25], "texture": "#0"},
				"up": {"uv": [7.25, 0.5, 7, 0], "texture": "#0"},
				"down": {"uv": [0.75, 7, 0.5, 7.5], "texture": "#0"}
			}
		},
		{
			"from": [7.5, 4.64149, 5.79531],
			"to": [8.5, 5.64149, 7.79531],
			"rotation": {"angle": -22.5, "axis": "x", "origin": [8, 5.14149, 6.79531]},
			"faces": {
				"north": {"uv": [2.5, 7.5, 2.75, 7.75], "texture": "#0"},
				"east": {"uv": [7, 6.25, 7.5, 6.5], "texture": "#0"},
				"south": {"uv": [2.75, 7.5, 3, 7.75], "texture": "#0"},
				"west": {"uv": [6.75, 7, 7.25, 7.25], "texture": "#0"},
				"up": {"uv": [0.25, 7.75, 0, 7.25], "texture": "#0"},
				"down": {"uv": [7.5, 0, 7.25, 0.5], "texture": "#0"}
			}
		},
		{
			"from": [7.5, 4.98611, 7.52785],
			"to": [8.5, 5.98611, 8.47785],
			"rotation": {"angle": 0, "axis": "z", "origin": [8, 5.48611, 7.50285]},
			"faces": {
				"north": {"uv": [3, 7.5, 3.25, 7.75], "texture": "#0"},
				"east": {"uv": [7.5, 4, 7.75, 4.25], "texture": "#0"},
				"south": {"uv": [7.5, 4.25, 7.75, 4.5], "texture": "#0"},
				"west": {"uv": [4.5, 7.5, 4.75, 7.75], "texture": "#0"},
				"up": {"uv": [7.75, 4.75, 7.5, 4.5], "texture": "#0"},
				"down": {"uv": [5, 7.5, 4.75, 7.75], "texture": "#0"}
			}
		},
		{
			"from": [7.5, 3.22074, 5.68009],
			"to": [8.5, 5.22074, 6.68009],
			"rotation": {"angle": 0, "axis": "z", "origin": [8, 4.22074, 6.18009]},
			"faces": {
				"north": {"uv": [7, 3.5, 7.25, 4], "texture": "#0"},
				"east": {"uv": [7, 5, 7.25, 5.5], "texture": "#0"},
				"south": {"uv": [5.5, 7, 5.75, 7.5], "texture": "#0"},
				"west": {"uv": [7, 5.5, 7.25, 6], "texture": "#0"},
				"up": {"uv": [2, 7.75, 1.75, 7.5], "texture": "#0"},
				"down": {"uv": [7.75, 1.75, 7.5, 2], "texture": "#0"}
			}
		},
		{
			"from": [7.5, 4.64149, 8.21039],
			"to": [8.5, 5.64149, 10.21039],
			"rotation": {"angle": 22.5, "axis": "x", "origin": [8, 5.14149, 9.21039]},
			"faces": {
				"north": {"uv": [3, 7.5, 2.75, 7.75], "texture": "#0"},
				"east": {"uv": [7.5, 6.25, 7, 6.5], "texture": "#0"},
				"south": {"uv": [2.75, 7.5, 2.5, 7.75], "texture": "#0"},
				"west": {"uv": [7.25, 7, 6.75, 7.25], "texture": "#0"},
				"up": {"uv": [0.25, 7.25, 0, 7.75], "texture": "#0"},
				"down": {"uv": [7.5, 0.5, 7.25, 0], "texture": "#0"}
			}
		},
		{
			"from": [7.5, 3.22074, 9.32561],
			"to": [8.5, 5.22074, 10.32561],
			"rotation": {"angle": 0, "axis": "z", "origin": [8, 4.22074, 9.82561]},
			"faces": {
				"north": {"uv": [5.75, 7, 5.5, 7.5], "texture": "#0"},
				"east": {"uv": [7.25, 5, 7, 5.5], "texture": "#0"},
				"south": {"uv": [7.25, 3.5, 7, 4], "texture": "#0"},
				"west": {"uv": [7.25, 5.5, 7, 6], "texture": "#0"},
				"up": {"uv": [2, 7.5, 1.75, 7.75], "texture": "#0"},
				"down": {"uv": [7.75, 2, 7.5, 1.75], "texture": "#0"}
			}
		},
		{
			"from": [7.5, 2.8, 8.21039],
			"to": [8.5, 3.8, 10.21039],
			"rotation": {"angle": -22.5, "axis": "x", "origin": [8, 3.3, 9.21039]},
			"faces": {
				"north": {"uv": [7.75, 0.5, 7.5, 0.75], "texture": "#0"},
				"east": {"uv": [7, 6.75, 6.5, 7], "texture": "#0"},
				"south": {"uv": [0.75, 7.5, 0.5, 7.75], "texture": "#0"},
				"west": {"uv": [0.5, 7, 0, 7.25], "texture": "#0"},
				"up": {"uv": [7.25, 0, 7, 0.5], "texture": "#0"},
				"down": {"uv": [0.75, 7.5, 0.5, 7], "texture": "#0"}
			}
		},
		{
			"from": [7.5, -4.2, 7.50285],
			"to": [8.5, -2.2, 8.50285],
			"rotation": {"angle": 0, "axis": "y", "origin": [7.5, -4.2, 8.50285]},
			"faces": {
				"north": {"uv": [4, 6.75, 4.25, 7.25], "texture": "#0"},
				"east": {"uv": [4.25, 6.75, 4.5, 7.25], "texture": "#0"},
				"south": {"uv": [4.5, 6.75, 4.75, 7.25], "texture": "#0"},
				"west": {"uv": [4.75, 6.75, 5, 7.25], "texture": "#0"},
				"up": {"uv": [7.75, 0.25, 7.5, 0], "texture": "#0"},
				"down": {"uv": [7.75, 0.25, 7.5, 0.5], "texture": "#0"}
			}
		},
		{
			"from": [7.62, -2.972, 7.62285],
			"to": [8.38, 1.068, 8.38285],
			"rotation": {"angle": 0, "axis": "y", "origin": [7.62, -1.972, 8.38285]},
			"faces": {
				"north": {"uv": [6, 5, 6.1875, 6], "texture": "#0"},
				"east": {"uv": [5.5, 6, 5.6875, 7], "texture": "#0"},
				"south": {"uv": [5.75, 6, 5.9375, 7], "texture": "#0"},
				"west": {"uv": [6, 6, 6.1875, 7], "texture": "#0"},
				"up": {"uv": [2.4375, 7.9375, 2.25, 7.75], "texture": "#0"},
				"down": {"uv": [7.9375, 2.25, 7.75, 2.4375], "texture": "#0"}
			}
		},
		{
			"from": [7.38, -4.02, 7.38285],
			"to": [8.62, -3.525, 8.62285],
			"rotation": {"angle": 0, "axis": "y", "origin": [8, -3.4, 8.00285]},
			"faces": {
				"north": {"uv": [0.75, 7.75, 1.0625, 7.875], "texture": "#0"},
				"east": {"uv": [7.75, 0.75, 8.0625, 0.875], "texture": "#0"},
				"south": {"uv": [1.25, 7.75, 1.5625, 7.875], "texture": "#0"},
				"west": {"uv": [7.75, 1.25, 8.0625, 1.375], "texture": "#0"},
				"up": {"uv": [7.5625, 2.3125, 7.25, 2], "texture": "#0"},
				"down": {"uv": [7.5625, 2.5, 7.25, 2.8125], "texture": "#0"}
			}
		},
		{
			"from": [7.38, 2.08, 7.38285],
			"to": [8.62, 2.575, 8.62285],
			"rotation": {"angle": 0, "axis": "y", "origin": [8, 2.7, 8.00285]},
			"faces": {
				"north": {"uv": [0.75, 7.75, 1.0625, 7.875], "texture": "#0"},
				"east": {"uv": [7.75, 0.75, 8.0625, 0.875], "texture": "#0"},
				"south": {"uv": [1.25, 7.75, 1.5625, 7.875], "texture": "#0"},
				"west": {"uv": [7.75, 1.25, 8.0625, 1.375], "texture": "#0"},
				"up": {"uv": [7.5625, 2.3125, 7.25, 2], "texture": "#0"},
				"down": {"uv": [7.5625, 2.5, 7.25, 2.8125], "texture": "#0"}
			}
		},
		{
			"from": [7.75, -5.2, 6.60285],
			"to": [8.25, -4.2, 7.10285],
			"rotation": {"angle": 45, "axis": "x", "origin": [7.75, -5.2, 6.60285]},
			"faces": {
				"north": {"uv": [5.75, 7.75, 5.875, 8], "texture": "#0"},
				"east": {"uv": [7.75, 5.75, 7.875, 6], "texture": "#0"},
				"south": {"uv": [6, 7.75, 6.125, 8], "texture": "#0"},
				"west": {"uv": [7.75, 6, 7.875, 6.25], "texture": "#0"},
				"up": {"uv": [6.625, 7.875, 6.5, 7.75], "texture": "#0"},
				"down": {"uv": [7.875, 6.5, 7.75, 6.625], "texture": "#0"}
			}
		},
		{
			"from": [7.77, -6.04997, 6.95492],
			"to": [8.23, -5.12997, 7.41492],
			"rotation": {"angle": -22.5, "axis": "x", "origin": [7.77, -6.04997, 6.95492]},
			"faces": {
				"north": {"uv": [7.75, 5, 7.875, 5.25], "texture": "#0"},
				"east": {"uv": [7.75, 5.25, 7.875, 5.5], "texture": "#0"},
				"south": {"uv": [5.5, 7.75, 5.625, 8], "texture": "#0"},
				"west": {"uv": [7.75, 5.5, 7.875, 5.75], "texture": "#0"},
				"up": {"uv": [6.375, 7.875, 6.25, 7.75], "texture": "#0"},
				"down": {"uv": [7.875, 6.25, 7.75, 6.375], "texture": "#0"}
			}
		},
		{
			"from": [7.75, -5.2, 8.8853],
			"to": [8.25, -4.2, 9.3853],
			"rotation": {"angle": -45, "axis": "x", "origin": [7.75, -5.2, 9.3853]},
			"faces": {
				"north": {"uv": [6.125, 7.75, 6, 8], "texture": "#0"},
				"east": {"uv": [7.875, 5.75, 7.75, 6], "texture": "#0"},
				"south": {"uv": [5.875, 7.75, 5.75, 8], "texture": "#0"},
				"west": {"uv": [7.875, 6, 7.75, 6.25], "texture": "#0"},
				"up": {"uv": [6.625, 7.75, 6.5, 7.875], "texture": "#0"},
				"down": {"uv": [7.875, 6.625, 7.75, 6.5], "texture": "#0"}
			}
		},
		{
			"from": [7.77, -6.04997, 8.57323],
			"to": [8.23, -5.12997, 9.03323],
			"rotation": {"angle": 22.5, "axis": "x", "origin": [7.77, -6.04997, 9.03323]},
			"faces": {
				"north": {"uv": [5.625, 7.75, 5.5, 8], "texture": "#0"},
				"east": {"uv": [7.875, 5.25, 7.75, 5.5], "texture": "#0"},
				"south": {"uv": [7.875, 5, 7.75, 5.25], "texture": "#0"},
				"west": {"uv": [7.875, 5.5, 7.75, 5.75], "texture": "#0"},
				"up": {"uv": [6.375, 7.75, 6.25, 7.875], "texture": "#0"},
				"down": {"uv": [7.875, 6.375, 7.75, 6.25], "texture": "#0"}
			}
		},
		{
			"from": [7.43, 1.41, 6.86285],
			"to": [8.57, 2.55, 9.14285],
			"rotation": {"angle": 0, "axis": "y", "origin": [8, 1.98, 8.00285]},
			"faces": {
				"north": {"uv": [3.75, 7.25, 4.0625, 7.5625], "texture": "#0"},
				"east": {"uv": [6.5, 4, 7.0625, 4.3125], "texture": "#0"},
				"south": {"uv": [3.75, 7.25, 4.0625, 7.5625], "texture": "#0"},
				"west": {"uv": [6.5, 4.5, 7.0625, 4.8125], "texture": "#0"},
				"up": {"uv": [6.8125, 5.5625, 6.5, 5], "texture": "#0"},
				"down": {"uv": [6.8125, 5.75, 6.5, 6.3125], "texture": "#0"}
			}
		},
		{
			"from": [7.58, 1.564, 6.03885],
			"to": [8.42, 2.404, 6.87885],
			"rotation": {"angle": 0, "axis": "y", "origin": [7.58, 1.564, 6.87885]},
			"faces": {
				"north": {"uv": [2.5, 7.75, 2.6875, 7.9375], "texture": "#0"},
				"east": {"uv": [7.75, 2.5, 7.9375, 2.6875], "texture": "#0"},
				"south": {"uv": [2.75, 7.75, 2.9375, 7.9375], "texture": "#0"},
				"west": {"uv": [7.75, 2.75, 7.9375, 2.9375], "texture": "#0"},
				"up": {"uv": [3.1875, 7.9375, 3, 7.75], "texture": "#0"},
				"down": {"uv": [7.9375, 3, 7.75, 3.1875], "texture": "#0"}
			}
		},
		{
			"from": [7.58, 3.364, 10.2093],
			"to": [8.42, 4.204, 14.0493],
			"rotation": {"angle": -22.5, "axis": "x", "origin": [7.58, 3.364, 10.2093]},
			"faces": {
				"north": {"uv": [7.9375, 4, 7.75, 4.1875], "texture": "#0"},
				"east": {"uv": [7.4375, 6.5, 6.5, 6.6875], "texture": "#0"},
				"south": {"uv": [4.1875, 7.75, 4, 7.9375], "texture": "#0"},
				"west": {"uv": [0.9375, 6.75, 0, 6.9375], "texture": "#0"},
				"up": {"uv": [1.1875, 6.75, 1, 7.6875], "texture": "#0"},
				"down": {"uv": [6.9375, 1.9375, 6.75, 1], "texture": "#0"}
			}
		},
		{
			"from": [7.6472, 3.20076, 10.98046],
			"to": [8.3528, 4.74636, 14.36606],
			"rotation": {"angle": -45, "axis": "x", "origin": [7.6472, 3.20076, 10.98046]},
			"faces": {
				"north": {"uv": [4.4375, 7.25, 4.25, 7.625], "texture": "#0"},
				"east": {"uv": [6.875, 0, 6, 0.375], "texture": "#0"},
				"south": {"uv": [7.4375, 4, 7.25, 4.375], "texture": "#0"},
				"west": {"uv": [6.875, 0.5, 6, 0.875], "texture": "#0"},
				"up": {"uv": [1.4375, 6.75, 1.25, 7.625], "texture": "#0"},
				"down": {"uv": [1.6875, 7.625, 1.5, 6.75], "texture": "#0"}
			}
		},
		{
			"from": [7.6472, 3.20076, 1.62209],
			"to": [8.3528, 4.74636, 5.00769],
			"rotation": {"angle": 45, "axis": "x", "origin": [7.6472, 3.20076, 5.00769]},
			"faces": {
				"north": {"uv": [7.25, 4, 7.4375, 4.375], "texture": "#0"},
				"east": {"uv": [6, 0, 6.875, 0.375], "texture": "#0"},
				"south": {"uv": [4.25, 7.25, 4.4375, 7.625], "texture": "#0"},
				"west": {"uv": [6, 0.5, 6.875, 0.875], "texture": "#0"},
				"up": {"uv": [1.4375, 7.625, 1.25, 6.75], "texture": "#0"},
				"down": {"uv": [1.6875, 6.75, 1.5, 7.625], "texture": "#0"}
			}
		},
		{
			"from": [7.58, 3.364, 1.93885],
			"to": [8.42, 4.204, 5.77885],
			"rotation": {"angle": 22.5, "axis": "x", "origin": [7.58, 3.364, 5.77885]},
			"faces": {
				"north": {"uv": [4, 7.75, 4.1875, 7.9375], "texture": "#0"},
				"east": {"uv": [6.5, 6.5, 7.4375, 6.6875], "texture": "#0"},
				"south": {"uv": [7.75, 4, 7.9375, 4.1875], "texture": "#0"},
				"west": {"uv": [0, 6.75, 0.9375, 6.9375], "texture": "#0"},
				"up": {"uv": [1.1875, 7.6875, 1, 6.75], "texture": "#0"},
				"down": {"uv": [6.9375, 1, 6.75, 1.9375], "texture": "#0"}
			}
		},
		{
			"from": [7.58, 5.214, 5.67103],
			"to": [8.42, 8.054, 6.51103],
			"rotation": {"angle": 22.5, "axis": "x", "origin": [7.58, 5.214, 5.67103]},
			"faces": {
				"north": {"uv": [1.75, 6.75, 1.9375, 7.4375], "texture": "#0"},
				"east": {"uv": [2, 6.75, 2.1875, 7.4375], "texture": "#0"},
				"south": {"uv": [6.75, 2, 6.9375, 2.6875], "texture": "#0"},
				"west": {"uv": [2.25, 6.75, 2.4375, 7.4375], "texture": "#0"},
				"up": {"uv": [4.4375, 7.9375, 4.25, 7.75], "texture": "#0"},
				"down": {"uv": [7.9375, 4.25, 7.75, 4.4375], "texture": "#0"}
			}
		},
		{
			"from": [7.58, 5.214, 9.49467],
			"to": [8.42, 8.054, 10.33467],
			"rotation": {"angle": -22.5, "axis": "x", "origin": [7.58, 5.214, 10.33467]},
			"faces": {
				"north": {"uv": [6.9375, 2, 6.75, 2.6875], "texture": "#0"},
				"east": {"uv": [2.1875, 6.75, 2, 7.4375], "texture": "#0"},
				"south": {"uv": [1.9375, 6.75, 1.75, 7.4375], "texture": "#0"},
				"west": {"uv": [2.4375, 6.75, 2.25, 7.4375], "texture": "#0"},
				"up": {"uv": [4.4375, 7.75, 4.25, 7.9375], "texture": "#0"},
				"down": {"uv": [7.9375, 4.4375, 7.75, 4.25], "texture": "#0"}
			}
		},
		{
			"from": [7.58, 6.99782, 6.75785],
			"to": [8.42, 7.83782, 9.24785],
			"rotation": {"angle": 0, "axis": "z", "origin": [7.58, 6.83782, 6.78285]},
			"faces": {
				"north": {"uv": [4.75, 7.75, 4.9375, 7.9375], "texture": "#0"},
				"east": {"uv": [7, 6.75, 7.625, 6.9375], "texture": "#0"},
				"south": {"uv": [7.75, 4.75, 7.9375, 4.9375], "texture": "#0"},
				"west": {"uv": [7.25, 1, 7.875, 1.1875], "texture": "#0"},
				"up": {"uv": [0.4375, 7.875, 0.25, 7.25], "texture": "#0"},
				"down": {"uv": [7.4375, 1.25, 7.25, 1.875], "texture": "#0"}
			}
		},
		{
			"from": [7.58, 1.539, 4.33885],
			"to": [8.42, 2.379, 5.17885],
			"rotation": {"angle": -45, "axis": "x", "origin": [8, 1.959, 4.75885]},
			"faces": {
				"north": {"uv": [3.25, 7.75, 3.4375, 7.9375], "texture": "#0"},
				"east": {"uv": [7.75, 3.25, 7.9375, 3.4375], "texture": "#0"},
				"south": {"uv": [3.5, 7.75, 3.6875, 7.9375], "texture": "#0"},
				"west": {"uv": [7.75, 3.5, 7.9375, 3.6875], "texture": "#0"},
				"up": {"uv": [3.9375, 7.9375, 3.75, 7.75], "texture": "#0"},
				"down": {"uv": [7.9375, 3.75, 7.75, 3.9375], "texture": "#0"}
			}
		},
		{
			"from": [7.5, 1.475, 5.05285],
			"to": [8.5, 2.475, 6.05285],
			"rotation": {"angle": 0, "axis": "y", "origin": [8, 1.975, 5.55285]},
			"faces": {
				"north": {"uv": [5.5, 7.5, 5.75, 7.75], "texture": "#0"},
				"east": {"uv": [5.5, 7.5, 5.75, 7.75], "texture": "#0"},
				"south": {"uv": [5.5, 7.5, 5.75, 7.75], "texture": "#0"},
				"west": {"uv": [5.5, 7.5, 5.75, 7.75], "texture": "#0"},
				"up": {"uv": [5.75, 7.75, 5.5, 7.5], "texture": "#0"},
				"down": {"uv": [5.75, 7.5, 5.5, 7.75], "texture": "#0"}
			}
		},
		{
			"from": [7.58, 1.564, 9.1093],
			"to": [8.42, 2.404, 9.9493],
			"rotation": {"angle": 0, "axis": "y", "origin": [7.58, 1.564, 9.1093]},
			"faces": {
				"north": {"uv": [2.9375, 7.75, 2.75, 7.9375], "texture": "#0"},
				"east": {"uv": [7.9375, 2.5, 7.75, 2.6875], "texture": "#0"},
				"south": {"uv": [2.6875, 7.75, 2.5, 7.9375], "texture": "#0"},
				"west": {"uv": [7.9375, 2.75, 7.75, 2.9375], "texture": "#0"},
				"up": {"uv": [3.1875, 7.75, 3, 7.9375], "texture": "#0"},
				"down": {"uv": [7.9375, 3.1875, 7.75, 3], "texture": "#0"}
			}
		},
		{
			"from": [7.5, 1.475, 9.9353],
			"to": [8.5, 2.475, 10.9353],
			"rotation": {"angle": 0, "axis": "y", "origin": [8, 1.975, 10.4353]},
			"faces": {
				"north": {"uv": [5.75, 7.5, 5.5, 7.75], "texture": "#0"},
				"east": {"uv": [5.75, 7.5, 5.5, 7.75], "texture": "#0"},
				"south": {"uv": [5.75, 7.5, 5.5, 7.75], "texture": "#0"},
				"west": {"uv": [5.75, 7.5, 5.5, 7.75], "texture": "#0"},
				"up": {"uv": [5.75, 7.5, 5.5, 7.75], "texture": "#0"},
				"down": {"uv": [5.75, 7.75, 5.5, 7.5], "texture": "#0"}
			}
		},
		{
			"from": [7.58, 1.539, 10.8093],
			"to": [8.42, 2.379, 11.6493],
			"rotation": {"angle": 45, "axis": "x", "origin": [8, 1.959, 11.2293]},
			"faces": {
				"north": {"uv": [3.6875, 7.75, 3.5, 7.9375], "texture": "#0"},
				"east": {"uv": [7.9375, 3.25, 7.75, 3.4375], "texture": "#0"},
				"south": {"uv": [3.4375, 7.75, 3.25, 7.9375], "texture": "#0"},
				"west": {"uv": [7.9375, 3.5, 7.75, 3.6875], "texture": "#0"},
				"up": {"uv": [3.9375, 7.75, 3.75, 7.9375], "texture": "#0"},
				"down": {"uv": [7.9375, 3.9375, 7.75, 3.75], "texture": "#0"}
			}
		},
		{
			"from": [7.5, 5.38949, 5.39785],
			"to": [8.5, 9.38949, 6.39785],
			"rotation": {"angle": -45, "axis": "x", "origin": [7.5, 7.38949, 6.39785]},
			"faces": {
				"north": {"uv": [6, 1, 6.25, 2], "texture": "#0"},
				"east": {"uv": [6, 2, 6.25, 3], "texture": "#0"},
				"south": {"uv": [6, 3, 6.25, 4], "texture": "#0"},
				"west": {"uv": [6, 4, 6.25, 5], "texture": "#0"},
				"up": {"uv": [7.75, 6.25, 7.5, 6], "texture": "#0"},
				"down": {"uv": [6.5, 7.5, 6.25, 7.75], "texture": "#0"}
			}
		},
		{
			"from": [7.5, 7.80371, 3.98364],
			"to": [8.5, 10.80371, 4.98364],
			"rotation": {"angle": 45, "axis": "x", "origin": [7.5, 8.80371, 4.98364]},
			"faces": {
				"north": {"uv": [6.25, 1, 6.5, 1.75], "texture": "#0"},
				"east": {"uv": [6.25, 1.75, 6.5, 2.5], "texture": "#0"},
				"south": {"uv": [6.25, 2.5, 6.5, 3.25], "texture": "#0"},
				"west": {"uv": [6.25, 3.25, 6.5, 4], "texture": "#0"},
				"up": {"uv": [7.75, 6.5, 7.5, 6.25], "texture": "#0"},
				"down": {"uv": [6.75, 7.5, 6.5, 7.75], "texture": "#0"}
			}
		},
		{
			"from": [7.5, 22.05941, 5.16741],
			"to": [8.5, 23.05941, 6.16741],
			"rotation": {"angle": 22.5, "axis": "x", "origin": [7.5, 22.05941, 4.16741]},
			"faces": {
				"north": {"uv": [7, 7.5, 7.25, 7.75], "texture": "#0"},
				"east": {"uv": [7.5, 7, 7.75, 7.25], "texture": "#0"},
				"south": {"uv": [7.25, 7.5, 7.5, 7.75], "texture": "#0"},
				"west": {"uv": [7.5, 7.25, 7.75, 7.5], "texture": "#0"},
				"up": {"uv": [7.75, 7.75, 7.5, 7.5], "texture": "#0"},
				"down": {"uv": [0.25, 7.75, 0, 8], "texture": "#0"}
			}
		},
		{
			"from": [7.5, 21.67672, 5.09129],
			"to": [8.5, 24.67672, 6.09129],
			"rotation": {"angle": 0, "axis": "x", "origin": [7.5, 23.67672, 5.09129]},
			"faces": {
				"north": {"uv": [6.25, 4, 6.5, 4.75], "texture": "#0"},
				"east": {"uv": [6.25, 4.75, 6.5, 5.5], "texture": "#0"},
				"south": {"uv": [6.25, 5.5, 6.5, 6.25], "texture": "#0"},
				"west": {"uv": [6.25, 6.25, 6.5, 7], "texture": "#0"},
				"up": {"uv": [8, 0.25, 7.75, 0], "texture": "#0"},
				"down": {"uv": [8, 0.25, 7.75, 0.5], "texture": "#0"}
			}
		},
		{
			"from": [7.5, 6.09094, 6.75277],
			"to": [8.5, 9.19094, 7.75277],
			"rotation": {"angle": -45, "axis": "x", "origin": [7.5, 8.09094, 6.75277]},
			"faces": {
				"north": {"uv": [6.5, 1, 6.75, 1.75], "texture": "#0"},
				"east": {"uv": [6.5, 1.75, 6.75, 2.5], "texture": "#0"},
				"south": {"uv": [6.5, 2.5, 6.75, 3.25], "texture": "#0"},
				"west": {"uv": [6.5, 3.25, 6.75, 4], "texture": "#0"},
				"up": {"uv": [0.75, 8, 0.5, 7.75], "texture": "#0"},
				"down": {"uv": [8, 0.5, 7.75, 0.75], "texture": "#0"}
			}
		},
		{
			"from": [7.5, 10.21792, 5.39785],
			"to": [8.5, 22.21792, 6.39785],
			"rotation": {"angle": 0, "axis": "z", "origin": [7.5, 11.21792, 6.39785]},
			"faces": {
				"north": {"uv": [5.5, 0, 5.75, 3], "texture": "#0"},
				"east": {"uv": [5.5, 3, 5.75, 6], "texture": "#0"},
				"south": {"uv": [5.75, 0, 6, 3], "texture": "#0"},
				"west": {"uv": [5.75, 3, 6, 6], "texture": "#0"},
				"up": {"uv": [7.75, 6.75, 7.5, 6.5], "texture": "#0"},
				"down": {"uv": [7, 7.5, 6.75, 7.75], "texture": "#0"}
			}
		},
		{
			"from": [7.5, 10.21792, 9.60785],
			"to": [8.5, 22.21792, 10.60785],
			"rotation": {"angle": 0, "axis": "z", "origin": [7.5, 11.21792, 9.60785]},
			"faces": {
				"north": {"uv": [6, 0, 5.75, 3], "texture": "#0"},
				"east": {"uv": [5.75, 3, 5.5, 6], "texture": "#0"},
				"south": {"uv": [5.75, 0, 5.5, 3], "texture": "#0"},
				"west": {"uv": [6, 3, 5.75, 6], "texture": "#0"},
				"up": {"uv": [7.75, 6.5, 7.5, 6.75], "texture": "#0"},
				"down": {"uv": [7, 7.75, 6.75, 7.5], "texture": "#0"}
			}
		},
		{
			"from": [7.5, 7.80371, 11.02206],
			"to": [8.5, 10.80371, 12.02206],
			"rotation": {"angle": -45, "axis": "x", "origin": [7.5, 8.80371, 11.02206]},
			"faces": {
				"north": {"uv": [6.5, 2.5, 6.25, 3.25], "texture": "#0"},
				"east": {"uv": [6.5, 1.75, 6.25, 2.5], "texture": "#0"},
				"south": {"uv": [6.5, 1, 6.25, 1.75], "texture": "#0"},
				"west": {"uv": [6.5, 3.25, 6.25, 4], "texture": "#0"},
				"up": {"uv": [7.75, 6.25, 7.5, 6.5], "texture": "#0"},
				"down": {"uv": [6.75, 7.75, 6.5, 7.5], "texture": "#0"}
			}
		},
		{
			"from": [7.5, 5.38949, 9.60785],
			"to": [8.5, 9.38949, 10.60785],
			"rotation": {"angle": 45, "axis": "x", "origin": [7.5, 7.38949, 9.60785]},
			"faces": {
				"north": {"uv": [6.25, 3, 6, 4], "texture": "#0"},
				"east": {"uv": [6.25, 2, 6, 3], "texture": "#0"},
				"south": {"uv": [6.25, 1, 6, 2], "texture": "#0"},
				"west": {"uv": [6.25, 4, 6, 5], "texture": "#0"},
				"up": {"uv": [7.75, 6, 7.5, 6.25], "texture": "#0"},
				"down": {"uv": [6.5, 7.75, 6.25, 7.5], "texture": "#0"}
			}
		},
		{
			"from": [7.5, 21.67672, 9.91441],
			"to": [8.5, 24.67672, 10.91441],
			"rotation": {"angle": 0, "axis": "x", "origin": [7.5, 23.67672, 10.91441]},
			"faces": {
				"north": {"uv": [6.5, 5.5, 6.25, 6.25], "texture": "#0"},
				"east": {"uv": [6.5, 4.75, 6.25, 5.5], "texture": "#0"},
				"south": {"uv": [6.5, 4, 6.25, 4.75], "texture": "#0"},
				"west": {"uv": [6.5, 6.25, 6.25, 7], "texture": "#0"},
				"up": {"uv": [8, 0, 7.75, 0.25], "texture": "#0"},
				"down": {"uv": [8, 0.5, 7.75, 0.25], "texture": "#0"}
			}
		},
		{
			"from": [7.5, 22.05941, 9.83829],
			"to": [8.5, 23.05941, 10.83829],
			"rotation": {"angle": -22.5, "axis": "x", "origin": [7.5, 22.05941, 11.83829]},
			"faces": {
				"north": {"uv": [7.5, 7.5, 7.25, 7.75], "texture": "#0"},
				"east": {"uv": [7.75, 7, 7.5, 7.25], "texture": "#0"},
				"south": {"uv": [7.25, 7.5, 7, 7.75], "texture": "#0"},
				"west": {"uv": [7.75, 7.25, 7.5, 7.5], "texture": "#0"},
				"up": {"uv": [7.75, 7.5, 7.5, 7.75], "texture": "#0"},
				"down": {"uv": [0.25, 8, 0, 7.75], "texture": "#0"}
			}
		},
		{
			"from": [7.5, 6.09094, 8.24747],
			"to": [8.5, 9.19094, 9.24747],
			"rotation": {"angle": 45, "axis": "x", "origin": [7.5, 8.09094, 9.24747]},
			"faces": {
				"north": {"uv": [6.75, 2.5, 6.5, 3.25], "texture": "#0"},
				"east": {"uv": [6.75, 1.75, 6.5, 2.5], "texture": "#0"},
				"south": {"uv": [6.75, 1, 6.5, 1.75], "texture": "#0"},
				"west": {"uv": [6.75, 3.25, 6.5, 4], "texture": "#0"},
				"up": {"uv": [0.75, 7.75, 0.5, 8], "texture": "#0"},
				"down": {"uv": [8, 0.75, 7.75, 0.5], "texture": "#0"}
			}
		},
		{
			"from": [8, 5, 3.00285],
			"to": [8, 32, 13.00285],
			"rotation": {"angle": 0, "axis": "y", "origin": [8, 0, 11.00285]},
			"faces": {
				"north": {"uv": [0, 0, 0, 6.75], "texture": "#0"},
				"east": {"uv": [0, 0, 2.5, 6.75], "texture": "#0"},
				"south": {"uv": [0, 0, 0, 6.75], "texture": "#0"},
				"west": {"uv": [0, 0, 2.5, 6.75], "texture": "#0"},
				"up": {"uv": [0, 2.5, 0, 0], "texture": "#0"},
				"down": {"uv": [0, 0, 0, 2.5], "texture": "#0"}
			}
		}
	],
	"display": {
		"thirdperson_righthand": {
			"translation": [0, 4.5, 1.5],
			"scale": [0.7, 0.7, 0.7]
		},
		"thirdperson_lefthand": {
			"translation": [0, 4.75, 1.25],
			"scale": [0.7, 0.7, 0.7]
		},
		"firstperson_righthand": {
			"translation": [0, 2.25, 0],
			"scale": [0.7, 0.7, 0.7]
		},
		"firstperson_lefthand": {
			"translation": [0, 2.75, 0],
			"scale": [0.7, 0.7, 0.7]
		},
		"ground": {
			"rotation": [60, 0, 0],
			"scale": [0.5, 0.5, 0.5]
		},
		"gui": {
			"rotation": [90, -135, 90],
			"translation": [-1.75, -1.5, 0],
			"scale": [0.6, 0.6, 0.6]
		},
		"head": {
			"scale": [0, 0, 0]
		},
		"fixed": {
			"rotation": [90, -45, 90],
			"translation": [1.75, -1.75, -0.5],
			"scale": [0.6, 0.6, 0.6]
		}
	}
}