{"textures":{"1":"modelengine:entity/rot"},"elements":[{"from":[7.714286,4.5714283,6.5714283],"to":[10.0,8.571428,9.428572],"rotation":{"angle":0.0,"axis":"y","origin":[10.0,8.0,8.0]},"faces":{"east":{"uv":[8.375,5.25,7.75,6.125],"rotation":0,"texture":"#1","tintindex":0},"south":{"uv":[8.75,8.375,8.25,9.25],"rotation":0,"texture":"#1","tintindex":0},"north":{"uv":[8.875,5.25,8.375,6.125],"rotation":0,"texture":"#1","tintindex":0},"west":{"uv":[8.375,2.75,7.75,3.625],"rotation":0,"texture":"#1","tintindex":0},"up":{"uv":[9.5,8.375,10.0,7.75],"rotation":0,"texture":"#1","tintindex":0},"down":{"uv":[9.625,4.625,10.125,5.25],"rotation":0,"texture":"#1","tintindex":0}}},{"from":[8.0,3.4285712,6.5714283],"to":[9.714286,4.5714283,8.857143],"rotation":{"angle":0.0,"axis":"y","origin":[9.714286,4.0,8.0]},"faces":{"east":{"uv":[8.875,6.625,8.375,6.875],"rotation":0,"texture":"#1","tintindex":0},"south":{"uv":[10.5,9.375,10.125,9.625],"rotation":0,"texture":"#1","tintindex":0},"north":{"uv":[9.5,7.125,9.125,7.375],"rotation":0,"texture":"#1","tintindex":0},"west":{"uv":[8.75,2.0,8.25,2.25],"rotation":0,"texture":"#1","tintindex":0},"up":{"uv":[10.125,1.5,10.5,1.0],"rotation":0,"texture":"#1","tintindex":0},"down":{"uv":[10.125,2.0,10.5,2.5],"rotation":0,"texture":"#1","tintindex":0}}}],"display":{"head":{"translation":[0.0,-6.4,0.0],"scale":[4.0,4.0,4.0]}}}