{"textures":{"1":"modelengine:entity/rot"},"elements":[{"from":[6.5714283,4.0,7.428571],"to":[9.428572,8.0,10.857143],"rotation":{"angle":0.0,"axis":"y","origin":[8.857143,7.428571,9.428572]},"faces":{"east":{"uv":[7.875,4.375,7.125,5.25],"rotation":0,"texture":"#1","tintindex":0},"south":{"uv":[8.0,7.75,7.375,8.625],"rotation":0,"texture":"#1","tintindex":0},"north":{"uv":[6.125,7.75,5.5,8.625],"rotation":0,"texture":"#1","tintindex":0},"west":{"uv":[7.375,7.0,6.625,7.875],"rotation":0,"texture":"#1","tintindex":0},"up":{"uv":[0.5,9.125,1.125,8.375],"rotation":0,"texture":"#1","tintindex":0},"down":{"uv":[8.375,2.75,9.0,3.5],"rotation":0,"texture":"#1","tintindex":0}}},{"from":[6.5714283,4.0,6.285714],"to":[7.714286,5.142857,7.428571],"rotation":{"angle":0.0,"axis":"y","origin":[7.714286,7.428571,9.428572]},"faces":{"east":{"uv":[4.25,8.875,4.0,9.125],"rotation":0,"texture":"#1","tintindex":0},"south":{"uv":[9.0,4.125,8.75,4.375],"rotation":0,"texture":"#1","tintindex":0},"north":{"uv":[5.0,3.625,4.75,3.875],"rotation":0,"texture":"#1","tintindex":0},"west":{"uv":[4.0,7.125,3.75,7.375],"rotation":0,"texture":"#1","tintindex":0},"up":{"uv":[8.875,6.875,9.125,6.625],"rotation":0,"texture":"#1","tintindex":0},"down":{"uv":[9.375,4.625,9.625,4.875],"rotation":0,"texture":"#1","tintindex":0}}},{"from":[7.714286,4.0,6.857143],"to":[9.428572,5.142857,7.428571],"rotation":{"angle":0.0,"axis":"y","origin":[8.857143,7.428571,9.428572]},"faces":{"east":{"uv":[7.375,7.875,7.25,8.125],"rotation":0,"texture":"#1","tintindex":0},"south":{"uv":[10.625,0.75,10.25,1.0],"rotation":0,"texture":"#1","tintindex":0},"north":{"uv":[10.625,0.5,10.25,0.75],"rotation":0,"texture":"#1","tintindex":0},"west":{"uv":[7.75,2.75,7.625,3.0],"rotation":0,"texture":"#1","tintindex":0},"up":{"uv":[5.625,3.125,6.0,3.0],"rotation":0,"texture":"#1","tintindex":0},"down":{"uv":[7.125,5.25,7.5,5.375],"rotation":0,"texture":"#1","tintindex":0}}}],"display":{"head":{"translation":[0.0,-6.4,0.0],"scale":[4.0,4.0,4.0]}}}