{"textures":{"1":"modelengine:entity/rot"},"elements":[{"from":[6.640754,5.697897,4.5714283],"to":[9.497897,7.9836116,8.571428],"rotation":{"angle":0.0,"axis":"y","origin":[9.497897,6.2693257,6.0]},"faces":{"east":{"uv":[9.375,4.375,8.5,4.875],"rotation":0,"texture":"#1","tintindex":0},"south":{"uv":[9.25,9.625,8.625,10.125],"rotation":0,"texture":"#1","tintindex":0},"north":{"uv":[10.25,5.25,9.625,5.75],"rotation":0,"texture":"#1","tintindex":0},"west":{"uv":[9.25,6.125,8.375,6.625],"rotation":0,"texture":"#1","tintindex":0},"up":{"uv":[7.875,5.25,8.5,4.375],"rotation":0,"texture":"#1","tintindex":0},"down":{"uv":[6.125,7.875,6.75,8.75],"rotation":0,"texture":"#1","tintindex":0}}}],"display":{"head":{"translation":[0.0,-6.4,0.0],"scale":[4.0,4.0,4.0]}}}