{"textures":{"1":"modelengine:entity/rot"},"elements":[{"from":[6.5714283,4.0,7.428571],"to":[9.428572,8.0,10.857143],"rotation":{"angle":0.0,"axis":"y","origin":[7.142857,7.428571,9.428572]},"faces":{"east":{"uv":[6.625,7.0,7.375,7.875],"rotation":0,"texture":"#1","tintindex":0},"south":{"uv":[7.375,7.75,8.0,8.625],"rotation":0,"texture":"#1","tintindex":0},"north":{"uv":[5.5,7.75,6.125,8.625],"rotation":0,"texture":"#1","tintindex":0},"west":{"uv":[7.125,4.375,7.875,5.25],"rotation":0,"texture":"#1","tintindex":0},"up":{"uv":[1.125,9.125,0.5,8.375],"rotation":0,"texture":"#1","tintindex":0},"down":{"uv":[9.0,2.75,8.375,3.5],"rotation":0,"texture":"#1","tintindex":0}}},{"from":[8.285714,4.0,6.285714],"to":[9.428572,5.142857,7.428571],"rotation":{"angle":0.0,"axis":"y","origin":[8.285714,7.428571,9.428572]},"faces":{"east":{"uv":[3.75,7.125,4.0,7.375],"rotation":0,"texture":"#1","tintindex":0},"south":{"uv":[8.75,4.125,9.0,4.375],"rotation":0,"texture":"#1","tintindex":0},"north":{"uv":[4.75,3.625,5.0,3.875],"rotation":0,"texture":"#1","tintindex":0},"west":{"uv":[4.0,8.875,4.25,9.125],"rotation":0,"texture":"#1","tintindex":0},"up":{"uv":[9.125,6.875,8.875,6.625],"rotation":0,"texture":"#1","tintindex":0},"down":{"uv":[9.625,4.625,9.375,4.875],"rotation":0,"texture":"#1","tintindex":0}}},{"from":[6.5714283,4.0,6.857143],"to":[8.285714,5.142857,7.428571],"rotation":{"angle":0.0,"axis":"y","origin":[7.142857,7.428571,9.428572]},"faces":{"east":{"uv":[7.625,2.75,7.75,3.0],"rotation":0,"texture":"#1","tintindex":0},"south":{"uv":[10.25,0.75,10.625,1.0],"rotation":0,"texture":"#1","tintindex":0},"north":{"uv":[10.25,0.5,10.625,0.75],"rotation":0,"texture":"#1","tintindex":0},"west":{"uv":[7.25,7.875,7.375,8.125],"rotation":0,"texture":"#1","tintindex":0},"up":{"uv":[6.0,3.125,5.625,3.0],"rotation":0,"texture":"#1","tintindex":0},"down":{"uv":[7.5,5.25,7.125,5.375],"rotation":0,"texture":"#1","tintindex":0}}}],"display":{"head":{"translation":[0.0,-6.4,0.0],"scale":[4.0,4.0,4.0]}}}