{"textures":{"0":"modelengine:entity/mso_vfx_spiketexture"},"elements":[{"name":"cube","from":[6.4939995,4.694,6.4939995],"to":[9.5060005,11.306001,9.5060005],"rotation":{"angle":0.0,"axis":"x","origin":[7.7,-8.500001,7.7]},"faces":{"down":{"uv":[9.0,5.25,7.75,6.5],"rotation":0,"texture":"#0","tintindex":0},"east":{"uv":[3.5,2.75,4.75,5.5],"rotation":0,"texture":"#0","tintindex":0},"north":{"uv":[3.5,0.0,4.75,2.75],"rotation":0,"texture":"#0","tintindex":0},"south":{"uv":[4.75,0.0,6.0,2.75],"rotation":0,"texture":"#0","tintindex":0},"up":{"uv":[9.0,5.25,7.75,4.0],"rotation":0,"texture":"#0","tintindex":0},"west":{"uv":[4.75,2.75,6.0,5.5],"rotation":0,"texture":"#0","tintindex":0}}}],"display":{"head":{"translation":[0.0,-6.4,0.0],"rotation":[0.0,0.0,0.0],"scale":[3.8095,3.8095,3.8095]}}}