{"textures":{"0":"modelengine:entity/mso_vfx_spiketexture"},"elements":[{"name":"cube","from":[6.5,5.2700005,6.5],"to":[9.5,10.730001,9.5],"rotation":{"angle":0.0,"axis":"x","origin":[7.7,-2.5299997,7.7]},"faces":{"down":{"uv":[8.25,7.25,7.0,8.5],"rotation":0,"texture":"#0","tintindex":0},"east":{"uv":[6.0,2.25,7.25,4.5],"rotation":0,"texture":"#0","tintindex":0},"north":{"uv":[6.0,0.0,7.25,2.25],"rotation":0,"texture":"#0","tintindex":0},"south":{"uv":[0.0,6.5,1.25,8.75],"rotation":0,"texture":"#0","tintindex":0},"up":{"uv":[8.5,4.0,7.25,2.75],"rotation":0,"texture":"#0","tintindex":0},"west":{"uv":[1.25,6.5,2.5,8.75],"rotation":0,"texture":"#0","tintindex":0}}}],"display":{"head":{"translation":[0.0,-6.4,0.0],"rotation":[0.0,0.0,0.0],"scale":[3.8095,3.8095,3.8095]}}}