{"textures":{"0":"modelengine:entity/mso_vfx_spiketexture"},"elements":[{"name":"cube","from":[6.2,8.0,6.2],"to":[10.4,15.8,10.4],"rotation":{"angle":0.0,"axis":"x","origin":[8.0,8.0,8.0]},"faces":{"down":{"uv":[7.0,5.5,5.25,7.25],"rotation":0,"texture":"#0","tintindex":0},"east":{"uv":[1.75,0.0,3.5,3.25],"rotation":0,"texture":"#0","tintindex":0},"north":{"uv":[0.0,0.0,1.75,3.25],"rotation":0,"texture":"#0","tintindex":0},"south":{"uv":[0.0,3.25,1.75,6.5],"rotation":0,"texture":"#0","tintindex":0},"up":{"uv":[5.25,7.25,3.5,5.5],"rotation":0,"texture":"#0","tintindex":0},"west":{"uv":[1.75,3.25,3.5,6.5],"rotation":0,"texture":"#0","tintindex":0}}}],"display":{"head":{"translation":[0.0,-6.4,0.0],"rotation":[0.0,0.0,0.0],"scale":[3.8095,3.8095,3.8095]}}}