{"textures":{"0":"modelengine:entity/mso_magma_imp","1":"modelengine:entity/mso_impbomb"},"elements":[{"name":"cube","from":[5.6,1.7809805,8.461912],"to":[10.4,8.3809805,13.261912],"rotation":{"angle":-22.5,"axis":"x","origin":[5.8999996,4.82598,4.0744123]},"faces":{"down":{"uv":[4.0,3.0,3.0,4.0],"rotation":0,"texture":"#0","tintindex":0},"east":{"uv":[1.0,1.25,2.0,2.625],"rotation":0,"texture":"#0","tintindex":0},"north":{"uv":[0.0,1.25,1.0,2.625],"rotation":0,"texture":"#0","tintindex":0},"south":{"uv":[2.0,1.25,3.0,2.625],"rotation":0,"texture":"#0","tintindex":0},"up":{"uv":[4.0,3.0,3.0,2.0],"rotation":0,"texture":"#0","tintindex":0},"west":{"uv":[0.0,2.625,1.0,4.0],"rotation":0,"texture":"#0","tintindex":0}}},{"name":"cube","from":[4.7,3.5659802,9.361912],"to":[11.3,6.56598,11.161913],"rotation":{"angle":-22.5,"axis":"x","origin":[5.8999996,4.82598,4.0744123]},"faces":{"down":{"uv":[7.25,1.0,5.875,1.375],"rotation":0,"texture":"#0","tintindex":0},"east":{"uv":[0.375,7.0,0.75,7.625],"rotation":0,"texture":"#0","tintindex":0},"north":{"uv":[1.0,4.625,2.375,5.25],"rotation":0,"texture":"#0","tintindex":0},"south":{"uv":[3.875,4.75,5.25,5.375],"rotation":0,"texture":"#0","tintindex":0},"up":{"uv":[6.5,1.0,5.125,0.625],"rotation":0,"texture":"#0","tintindex":0},"west":{"uv":[0.75,7.0,1.125,7.625],"rotation":0,"texture":"#0","tintindex":0}}},{"name":"cube","from":[7.1,6.8809805,12.361913],"to":[8.9,8.680981,13.561913],"rotation":{"angle":-22.5,"axis":"x","origin":[5.8999996,4.82598,4.0744123]},"faces":{"down":{"uv":[7.5,7.125,7.125,7.375],"rotation":0,"texture":"#0","tintindex":0},"east":{"uv":[1.625,5.875,1.875,6.25],"rotation":0,"texture":"#0","tintindex":0},"north":{"uv":[3.625,7.125,4.0,7.5],"rotation":0,"texture":"#0","tintindex":0},"south":{"uv":[4.0,7.125,4.375,7.5],"rotation":0,"texture":"#0","tintindex":0},"up":{"uv":[7.5,7.125,7.125,6.875],"rotation":0,"texture":"#0","tintindex":0},"west":{"uv":[7.125,5.875,7.375,6.25],"rotation":0,"texture":"#0","tintindex":0}}}],"display":{"head":{"translation":[0.0,-6.4,0.0],"rotation":[0.0,0.0,0.0],"scale":[3.8095,3.8095,3.8095]}}}