{"textures":{"0":"modelengine:entity/mso_magma_imp","1":"modelengine:entity/mso_impbomb"},"elements":[{"name":"cube","from":[5.6,5.0345707,7.9803023],"to":[10.4,8.034571,7.9803023],"rotation":{"angle":0.0,"axis":"x","origin":[8.0,8.0,8.0]},"faces":{"down":{"uv":[1.0,0.0,0.0,0.0],"rotation":0,"texture":"#0","tintindex":0},"east":{"uv":[0.0,0.0,0.0,0.625],"rotation":0,"texture":"#0","tintindex":0},"north":{"uv":[5.75,5.25,6.75,5.875],"rotation":0,"texture":"#0","tintindex":0},"south":{"uv":[5.75,5.25,6.75,5.875],"rotation":0,"texture":"#0","tintindex":0},"up":{"uv":[1.0,0.0,0.0,0.0],"rotation":0,"texture":"#0","tintindex":0},"west":{"uv":[0.0,0.0,0.0,0.625],"rotation":0,"texture":"#0","tintindex":0}}}],"display":{"head":{"translation":[0.0,-6.4,0.0],"rotation":[0.0,0.0,0.0],"scale":[3.8095,3.8095,3.8095]}}}