{"textures":{"0":"modelengine:entity/mso_magma_imp","1":"modelengine:entity/mso_impbomb"},"elements":[{"name":"cube","from":[7.994,6.7939997,6.7939997],"to":[11.606,9.206,9.206],"rotation":{"angle":0.0,"axis":"x","origin":[14.6,6.5,6.2]},"faces":{"down":{"uv":[6.125,2.375,6.875,2.875],"rotation":0,"texture":"#0","tintindex":0},"east":{"uv":[7.25,5.25,6.75,5.75],"rotation":0,"texture":"#0","tintindex":0},"north":{"uv":[6.75,1.875,6.0,2.375],"rotation":0,"texture":"#0","tintindex":0},"south":{"uv":[5.125,6.0,4.375,6.5],"rotation":0,"texture":"#0","tintindex":0},"up":{"uv":[6.125,0.5,6.875,0.0],"rotation":0,"texture":"#0","tintindex":0},"west":{"uv":[7.25,1.875,6.75,2.375],"rotation":0,"texture":"#0","tintindex":0}}}],"display":{"head":{"translation":[0.0,-6.4,0.0],"rotation":[0.0,0.0,0.0],"scale":[3.8095,3.8095,3.8095]}}}