{"textures":{"0":"modelengine:entity/mso_magma_imp","1":"modelengine:entity/mso_impbomb"},"elements":[{"name":"cube","from":[7.4,6.8,6.8],"to":[11.0,9.2,9.2],"rotation":{"angle":0.0,"axis":"x","origin":[12.2,6.5,6.2]},"faces":{"down":{"uv":[5.75,5.875,6.5,6.375],"rotation":0,"texture":"#0","tintindex":0},"east":{"uv":[1.625,6.75,1.125,7.25],"rotation":0,"texture":"#0","tintindex":0},"north":{"uv":[1.625,5.875,0.875,6.375],"rotation":0,"texture":"#0","tintindex":0},"south":{"uv":[6.625,1.375,5.875,1.875],"rotation":0,"texture":"#0","tintindex":0},"up":{"uv":[5.875,4.5,6.625,4.0],"rotation":0,"texture":"#0","tintindex":0},"west":{"uv":[4.25,6.625,3.75,7.125],"rotation":0,"texture":"#0","tintindex":0}}}],"display":{"head":{"translation":[0.0,-6.4,0.0],"rotation":[0.0,0.0,0.0],"scale":[3.8095,3.8095,3.8095]}}}