{"textures":{"0":"modelengine:entity/mso_magma_imp","1":"modelengine:entity/mso_impbomb"},"elements":[{"name":"cube","from":[5.3,5.0,1.6999998],"to":[10.700001,6.2,7.7],"rotation":{"angle":-22.5,"axis":"x","origin":[5.8999996,5.06,2.4125]},"faces":{"down":{"uv":[2.25,0.0,1.125,1.25],"rotation":0,"texture":"#0","tintindex":0},"east":{"uv":[6.625,1.375,7.875,1.625],"rotation":0,"texture":"#0","tintindex":0},"north":{"uv":[5.0,2.5,6.125,2.75],"rotation":0,"texture":"#0","tintindex":0},"south":{"uv":[6.625,4.0,7.75,4.25],"rotation":0,"texture":"#0","tintindex":0},"up":{"uv":[1.125,1.25,0.0,0.0],"rotation":0,"texture":"#0","tintindex":0},"west":{"uv":[6.625,1.625,7.875,1.875],"rotation":0,"texture":"#0","tintindex":0}}},{"name":"cube","from":[5.3,5.0,9.2],"to":[10.700001,6.2,10.4],"rotation":{"angle":-22.5,"axis":"x","origin":[5.8999996,5.06,2.4125]},"faces":{"down":{"uv":[1.125,6.75,0.0,7.0],"rotation":0,"texture":"#0","tintindex":0},"east":{"uv":[7.25,0.25,7.5,0.5],"rotation":0,"texture":"#0","tintindex":0},"north":{"uv":[6.625,4.25,7.75,4.5],"rotation":0,"texture":"#0","tintindex":0},"south":{"uv":[6.625,6.375,7.75,6.625],"rotation":0,"texture":"#0","tintindex":0},"up":{"uv":[7.75,6.875,6.625,6.625],"rotation":0,"texture":"#0","tintindex":0},"west":{"uv":[7.25,1.0,7.5,1.25],"rotation":0,"texture":"#0","tintindex":0}}}],"display":{"head":{"translation":[0.0,-6.4,0.0],"rotation":[0.0,0.0,0.0],"scale":[3.8095,3.8095,3.8095]}}}