{"textures":{"0":"modelengine:entity/mso_magma_imp","1":"modelengine:entity/mso_impbomb"},"elements":[{"name":"cube","from":[5.54,7.280383,5.142198],"to":[10.460001,11.600384,10.062199],"rotation":{"angle":-22.5,"axis":"x","origin":[8.3,9.627404,7.34945]},"faces":{"down":{"uv":[4.0,1.0,3.0,2.0],"rotation":0,"texture":"#0","tintindex":0},"east":{"uv":[0.0,4.0,1.0,4.875],"rotation":0,"texture":"#0","tintindex":0},"north":{"uv":[2.0,3.625,3.0,4.5],"rotation":0,"texture":"#0","tintindex":0},"south":{"uv":[4.0,1.0,5.0,1.875],"rotation":0,"texture":"#0","tintindex":0},"up":{"uv":[3.0,3.625,2.0,2.625],"rotation":0,"texture":"#0","tintindex":0},"west":{"uv":[4.0,1.875,5.0,2.75],"rotation":0,"texture":"#0","tintindex":0}}}],"display":{"head":{"translation":[0.0,-6.4,0.0],"rotation":[0.0,0.0,0.0],"scale":[3.8095,3.8095,3.8095]}}}