{"textures":{"0":"modelengine:entity/kurrot_groundbreak"},"elements":[{"from":[5.428571,7.428571,6.857143],"to":[10.571428,8.571428,9.142858],"rotation":{"angle":0.0,"axis":"y","origin":[10.571428,6.285714,12.571428]},"faces":{"east":{"uv":[6.0,3.125,6.5,3.375],"rotation":0,"texture":"#0","tintindex":0},"south":{"uv":[8.5,8.625,9.625,8.875],"rotation":0,"texture":"#0","tintindex":0},"north":{"uv":[3.375,8.625,4.5,8.875],"rotation":0,"texture":"#0","tintindex":0},"west":{"uv":[6.25,9.0,6.75,9.25],"rotation":0,"texture":"#0","tintindex":0},"up":{"uv":[8.875,6.125,7.75,5.625],"rotation":0,"texture":"#0","tintindex":0},"down":{"uv":[7.0,7.75,5.875,8.25],"rotation":0,"texture":"#0","tintindex":0}}}],"display":{"head":{"translation":[0.0,-6.4,0.0],"scale":[4.0,4.0,4.0]}}}