{"textures":{"0":"modelengine:entity/mso_overlord_soulfire","1":"modelengine:entity/mso_overlord_soulfire_e"},"elements":[{"name":"cube","from":[7.394,6.7939997,7.394],"to":[8.606,8.0060005,8.606],"rotation":{"angle":0.0,"axis":"x","origin":[8.0,7.4,8.0]},"faces":{"down":{"uv":[9.0,10.625,8.75,10.875],"rotation":0,"texture":"#0","tintindex":0},"east":{"uv":[6.125,9.5,6.375,9.75],"rotation":0,"texture":"#0","tintindex":0},"north":{"uv":[8.75,6.125,9.0,6.375],"rotation":0,"texture":"#0","tintindex":0},"south":{"uv":[9.375,9.875,9.625,10.125],"rotation":0,"texture":"#0","tintindex":0},"up":{"uv":[1.75,10.75,1.5,10.5],"rotation":0,"texture":"#0","tintindex":0},"west":{"uv":[9.375,10.125,9.625,10.375],"rotation":0,"texture":"#0","tintindex":0}}}],"display":{"head":{"translation":[0.0,-6.4,0.0],"rotation":[0.0,0.0,0.0],"scale":[3.8095,3.8095,3.8095]}}}