{"textures":{"0":"modelengine:entity/mso_overlord_soulfire","1":"modelengine:entity/mso_overlord_soulfire_e"},"elements":[{"name":"cube","from":[7.394,6.7939997,7.394],"to":[8.606,8.0060005,8.606],"rotation":{"angle":0.0,"axis":"x","origin":[8.0,7.4,8.0]},"faces":{"down":{"uv":[5.875,11.625,5.625,11.875],"rotation":0,"texture":"#0","tintindex":0},"east":{"uv":[4.375,11.625,4.625,11.875],"rotation":0,"texture":"#0","tintindex":0},"north":{"uv":[4.125,11.625,4.375,11.875],"rotation":0,"texture":"#0","tintindex":0},"south":{"uv":[4.625,11.625,4.875,11.875],"rotation":0,"texture":"#0","tintindex":0},"up":{"uv":[11.875,5.5,11.625,5.25],"rotation":0,"texture":"#0","tintindex":0},"west":{"uv":[4.875,11.625,5.125,11.875],"rotation":0,"texture":"#0","tintindex":0}}}],"display":{"head":{"translation":[0.0,-6.4,0.0],"rotation":[0.0,0.0,0.0],"scale":[3.8095,3.8095,3.8095]}}}