{"textures":{"0":"modelengine:entity/kur"},"elements":[{"from":[6.857143,5.620123,5.0248213],"to":[9.142858,6.7629805,7.3105354],"rotation":{"angle":0.0,"axis":"y","origin":[8.0,6.643664,6.342857]},"faces":{"east":{"uv":[10.5,7.5,10.0,7.75],"rotation":0,"texture":"#0","tintindex":0},"south":{"uv":[10.5,3.0,10.0,3.25],"rotation":0,"texture":"#0","tintindex":0},"north":{"uv":[9.125,2.25,8.625,2.5],"rotation":0,"texture":"#0","tintindex":0},"west":{"uv":[10.25,5.75,9.75,6.0],"rotation":0,"texture":"#0","tintindex":0},"up":{"uv":[9.375,9.625,9.875,9.125],"rotation":0,"texture":"#0","tintindex":0},"down":{"uv":[9.5,2.75,10.0,3.25],"rotation":0,"texture":"#0","tintindex":0}}},{"from":[6.857143,6.2495074,5.0794897],"to":[9.142858,8.535222,7.3652043],"rotation":{"angle":22.5,"axis":"x","origin":[8.0,6.643664,6.342857]},"faces":{"east":{"uv":[10.125,3.25,9.625,3.75],"rotation":0,"texture":"#0","tintindex":0},"south":{"uv":[1.875,9.625,1.375,10.125],"rotation":0,"texture":"#0","tintindex":0},"north":{"uv":[5.125,9.5,4.625,10.0],"rotation":0,"texture":"#0","tintindex":0},"west":{"uv":[9.0,9.5,8.5,10.0],"rotation":0,"texture":"#0","tintindex":0},"up":{"uv":[9.625,6.5,10.125,6.0],"rotation":0,"texture":"#0","tintindex":0},"down":{"uv":[9.625,6.5,10.125,7.0],"rotation":0,"texture":"#0","tintindex":0}}}],"display":{"head":{"translation":[0.0,-6.4,0.0],"scale":[4.0,4.0,4.0]}}}