{"textures":{"0":"modelengine:entity/kur"},"elements":[{"from":[6.857143,8.0,8.0],"to":[9.142858,8.0,11.428572],"rotation":{"angle":0.0,"axis":"y","origin":[8.0,5.428571,1.4285712]},"faces":{"east":{"uv":[0.0,0.0,0.75,0.0],"rotation":0,"texture":"#0","tintindex":0},"south":{"uv":[0.0,0.0,0.5,0.0],"rotation":0,"texture":"#0","tintindex":0},"north":{"uv":[0.0,0.0,0.5,0.0],"rotation":0,"texture":"#0","tintindex":0},"west":{"uv":[0.0,0.0,0.75,0.0],"rotation":0,"texture":"#0","tintindex":0},"up":{"uv":[7.5,9.875,7.0,9.125],"rotation":0,"texture":"#0","tintindex":0},"down":{"uv":[7.0,9.125,7.5,9.875],"rotation":0,"texture":"#0","tintindex":0}}}],"display":{"head":{"translation":[0.0,-6.4,0.0],"scale":[4.0,4.0,4.0]}}}