{"textures":{"0":"modelengine:entity/ecnpcs_demon_archer"},"elements":[{"from":[5.142857,4.5714283,5.714286],"to":[10.857143,9.142858,10.285714],"rotation":{"angle":0.0,"axis":"y","origin":[8.0,-6.285715,8.0]},"faces":{"east":{"uv":[0.0,2.0,1.0,3.0],"rotation":0,"texture":"#0","tintindex":0},"south":{"uv":[0.0,1.0,1.25,2.0],"rotation":0,"texture":"#0","tintindex":0},"north":{"uv":[0.0,0.0,1.25,1.0],"rotation":0,"texture":"#0","tintindex":0},"west":{"uv":[1.0,2.0,2.0,3.0],"rotation":0,"texture":"#0","tintindex":0},"up":{"uv":[2.5,1.0,1.25,0.0],"rotation":0,"texture":"#0","tintindex":0},"down":{"uv":[2.5,1.0,1.25,2.0],"rotation":0,"texture":"#0","tintindex":0}}},{"from":[4.685714,0.09416199,5.5849986],"to":[5.8285713,2.9513054,7.870713],"rotation":{"angle":0.0,"axis":"y","origin":[8.0,10.379877,7.2992845]},"faces":{"east":{"uv":[6.0,2.0,6.5,2.625],"rotation":0,"texture":"#0","tintindex":0},"south":{"uv":[6.5,7.375,6.75,8.0],"rotation":0,"texture":"#0","tintindex":0},"north":{"uv":[6.25,7.375,6.5,8.0],"rotation":0,"texture":"#0","tintindex":0},"west":{"uv":[6.0,5.0,6.5,5.625],"rotation":0,"texture":"#0","tintindex":0},"up":{"uv":[2.875,8.25,2.625,7.75],"rotation":0,"texture":"#0","tintindex":0},"down":{"uv":[0.25,8.125,0.0,8.625],"rotation":0,"texture":"#0","tintindex":0}}},{"from":[5.142857,2.3798766,5.9849987],"to":[5.3714285,4.0941625,6.327856],"rotation":{"angle":0.0,"axis":"y","origin":[8.0,10.379877,7.2992845]},"faces":{"east":{"uv":[6.375,4.625,6.5,5.0],"rotation":0,"texture":"#0","tintindex":0},"south":{"uv":[0.375,6.5,0.5,6.875],"rotation":0,"texture":"#0","tintindex":0},"north":{"uv":[5.375,6.125,5.5,6.5],"rotation":0,"texture":"#0","tintindex":0},"west":{"uv":[6.875,5.75,7.0,6.125],"rotation":0,"texture":"#0","tintindex":0},"up":{"uv":[3.0,8.75,2.875,8.625],"rotation":0,"texture":"#0","tintindex":0},"down":{"uv":[8.75,2.875,8.625,3.0],"rotation":0,"texture":"#0","tintindex":0}}},{"from":[4.9714284,2.3798766,6.61357],"to":[5.2,4.0941625,6.9564276],"rotation":{"angle":22.5,"axis":"z","origin":[5.2571425,3.2370195,6.1564274]},"faces":{"east":{"uv":[3.625,4.875,3.75,5.25],"rotation":0,"texture":"#0","tintindex":0},"south":{"uv":[3.5,5.875,3.625,6.25],"rotation":0,"texture":"#0","tintindex":0},"north":{"uv":[3.75,4.0,3.875,4.375],"rotation":0,"texture":"#0","tintindex":0},"west":{"uv":[0.375,6.125,0.5,6.5],"rotation":0,"texture":"#0","tintindex":0},"up":{"uv":[0.5,7.0,0.375,6.875],"rotation":0,"texture":"#0","tintindex":0},"down":{"uv":[7.0,4.5,6.875,4.625],"rotation":0,"texture":"#0","tintindex":0}}},{"from":[5.714286,2.2857141,6.285714],"to":[10.285714,4.5714283,9.714286],"rotation":{"angle":0.0,"axis":"y","origin":[8.0,-6.285715,8.0]},"faces":{"east":{"uv":[5.625,0.0,6.375,0.5],"rotation":0,"texture":"#0","tintindex":0},"south":{"uv":[1.625,5.0,2.625,5.5],"rotation":0,"texture":"#0","tintindex":0},"north":{"uv":[4.875,2.75,5.875,3.25],"rotation":0,"texture":"#0","tintindex":0},"west":{"uv":[5.625,0.5,6.375,1.0],"rotation":0,"texture":"#0","tintindex":0},"up":{"uv":[4.875,2.5,3.875,1.75],"rotation":0,"texture":"#0","tintindex":0},"down":{"uv":[4.875,2.5,3.875,3.25],"rotation":0,"texture":"#0","tintindex":0}}},{"from":[5.6571426,-2.285715,6.285714],"to":[10.342857,2.2857141,8.0],"rotation":{"angle":22.5,"axis":"x","origin":[8.0,3.4285712,8.0]},"faces":{"east":{"uv":[4.625,5.25,5.0,6.25],"rotation":0,"texture":"#0","tintindex":0},"south":{"uv":[2.5,0.0,3.5,1.0],"rotation":0,"texture":"#0","tintindex":0},"north":{"uv":[2.0,2.0,3.0,3.0],"rotation":0,"texture":"#0","tintindex":0},"west":{"uv":[5.5,5.75,5.875,6.75],"rotation":0,"texture":"#0","tintindex":0},"up":{"uv":[6.75,3.625,5.75,3.25],"rotation":0,"texture":"#0","tintindex":0},"down":{"uv":[6.75,3.625,5.75,4.0],"rotation":0,"texture":"#0","tintindex":0}}},{"from":[5.6571426,-2.285715,7.7714286],"to":[10.342857,2.2857141,9.485714],"rotation":{"angle":-22.5,"axis":"x","origin":[8.0,3.4285712,8.0]},"faces":{"east":{"uv":[5.875,1.0,6.25,2.0],"rotation":0,"texture":"#0","tintindex":0},"south":{"uv":[0.0,3.0,1.0,4.0],"rotation":0,"texture":"#0","tintindex":0},"north":{"uv":[2.5,1.0,3.5,2.0],"rotation":0,"texture":"#0","tintindex":0},"west":{"uv":[3.125,5.875,3.5,6.875],"rotation":0,"texture":"#0","tintindex":0},"up":{"uv":[6.875,3.125,5.875,2.75],"rotation":0,"texture":"#0","tintindex":0},"down":{"uv":[6.875,5.75,5.875,6.125],"rotation":0,"texture":"#0","tintindex":0}}}],"display":{"head":{"translation":[0.0,-6.4,0.0],"scale":[4.0,4.0,4.0]}}}