{"textures":{"0":"modelengine:entity/ecnpcs_demon_archer"},"elements":[{"from":[7.8285713,7.885714,4.5714283],"to":[8.171429,8.114285,11.428572],"rotation":{"angle":0.0,"axis":"y","origin":[-1.1428576,2.319325,12.551958]},"faces":{"east":{"uv":[7.25,1.125,8.75,1.25],"rotation":0,"texture":"#0","tintindex":0},"south":{"uv":[8.625,2.75,8.75,2.875],"rotation":0,"texture":"#0","tintindex":0},"north":{"uv":[2.75,8.625,2.875,8.75],"rotation":0,"texture":"#0","tintindex":0},"west":{"uv":[7.25,6.625,8.75,6.75],"rotation":0,"texture":"#0","tintindex":0},"up":{"uv":[3.0,8.5,2.875,7.0],"rotation":0,"texture":"#0","tintindex":0},"down":{"uv":[0.375,7.125,0.25,8.625],"rotation":0,"texture":"#0","tintindex":0}}}],"display":{"head":{"translation":[0.0,-6.4,0.0],"scale":[4.0,4.0,4.0]}}}