{"textures":{"0":"modelengine:entity/ecnpcs_demon_archer"},"elements":[{"from":[6.589271,4.750572,8.550413],"to":[9.446414,9.89343,9.69327],"rotation":{"angle":0.0,"axis":"y","origin":[7.142857,11.714286,9.142858]},"faces":{"east":{"uv":[0.375,7.0,0.625,8.125],"rotation":0,"texture":"#0","tintindex":0},"south":{"uv":[0.0,4.0,0.625,5.125],"rotation":0,"texture":"#0","tintindex":0},"north":{"uv":[3.875,3.25,4.5,4.375],"rotation":0,"texture":"#0","tintindex":0},"west":{"uv":[0.625,7.0,0.875,8.125],"rotation":0,"texture":"#0","tintindex":0},"up":{"uv":[8.125,7.25,7.5,7.0],"rotation":0,"texture":"#0","tintindex":0},"down":{"uv":[8.0,7.5,7.375,7.75],"rotation":0,"texture":"#0","tintindex":0}}}],"display":{"head":{"translation":[0.0,-6.4,0.0],"scale":[4.0,4.0,4.0]}}}