{"textures":{"0":"modelengine:entity/ecnpcs_demon_archer"},"elements":[{"from":[9.6909275,7.885714,15.810686],"to":[15.976642,8.114285,16.039257],"rotation":{"angle":-45.0,"axis":"y","origin":[18.366936,2.7193246,10.029551]},"faces":{"east":{"uv":[2.25,8.625,2.375,8.75],"rotation":0,"texture":"#0","tintindex":0},"south":{"uv":[7.375,6.0,8.75,6.125],"rotation":0,"texture":"#0","tintindex":0},"north":{"uv":[7.375,5.875,8.75,6.0],"rotation":0,"texture":"#0","tintindex":0},"west":{"uv":[8.625,2.25,8.75,2.375],"rotation":0,"texture":"#0","tintindex":0},"up":{"uv":[8.5,7.5,7.125,7.375],"rotation":0,"texture":"#0","tintindex":0},"down":{"uv":[2.25,7.5,0.875,7.625],"rotation":0,"texture":"#0","tintindex":0}}}],"display":{"head":{"translation":[0.0,-6.4,0.0],"scale":[4.0,4.0,4.0]}}}