{"textures":{"0":"modelengine:entity/ecnpcs_demon_archer"},"elements":[{"from":[5.9894247,3.459557,5.8285713],"to":[8.275139,7.459557,8.457143],"rotation":{"angle":0.0,"axis":"y","origin":[9.132282,-3.3975859,6.857143]},"faces":{"east":{"uv":[3.125,4.0,3.75,4.875],"rotation":0,"texture":"#0","tintindex":0},"south":{"uv":[2.125,5.5,2.625,6.375],"rotation":0,"texture":"#0","tintindex":0},"north":{"uv":[1.625,5.5,2.125,6.375],"rotation":0,"texture":"#0","tintindex":0},"west":{"uv":[3.75,4.375,4.375,5.25],"rotation":0,"texture":"#0","tintindex":0},"up":{"uv":[6.75,1.625,6.25,1.0],"rotation":0,"texture":"#0","tintindex":0},"down":{"uv":[4.0,6.25,3.5,6.875],"rotation":0,"texture":"#0","tintindex":0}}},{"from":[5.9322815,2.0309854,6.285714],"to":[7.6465673,3.7452712,8.0],"rotation":{"angle":-22.5,"axis":"z","origin":[7.132282,2.6024141,7.142857]},"faces":{"east":{"uv":[5.25,7.875,5.625,8.25],"rotation":0,"texture":"#0","tintindex":0},"south":{"uv":[6.25,8.0,6.625,8.375],"rotation":0,"texture":"#0","tintindex":0},"north":{"uv":[4.5,7.875,4.875,8.25],"rotation":0,"texture":"#0","tintindex":0},"west":{"uv":[6.625,8.0,7.0,8.375],"rotation":0,"texture":"#0","tintindex":0},"up":{"uv":[7.375,8.375,7.0,8.0],"rotation":0,"texture":"#0","tintindex":0},"down":{"uv":[7.75,8.0,7.375,8.375],"rotation":0,"texture":"#0","tintindex":0}}}],"display":{"head":{"translation":[0.0,-6.4,0.0],"scale":[4.0,4.0,4.0]}}}