{"textures":{"0":"modelengine:entity/ecnpcs_demon_archer"},"elements":[{"from":[0.023358345,7.885714,15.810686],"to":[6.3090725,8.114285,16.039257],"rotation":{"angle":45.0,"axis":"y","origin":[-2.3669348,2.7193246,10.029551]},"faces":{"east":{"uv":[2.5,8.625,2.625,8.75],"rotation":0,"texture":"#0","tintindex":0},"south":{"uv":[7.5,1.375,8.875,1.5],"rotation":0,"texture":"#0","tintindex":0},"north":{"uv":[7.5,1.25,8.875,1.375],"rotation":0,"texture":"#0","tintindex":0},"west":{"uv":[8.625,2.5,8.75,2.625],"rotation":0,"texture":"#0","tintindex":0},"up":{"uv":[8.875,1.625,7.5,1.5],"rotation":0,"texture":"#0","tintindex":0},"down":{"uv":[8.875,1.625,7.5,1.75],"rotation":0,"texture":"#0","tintindex":0}}}],"display":{"head":{"translation":[0.0,-6.4,0.0],"scale":[4.0,4.0,4.0]}}}