{"textures":{"0":"modelengine:entity/ecnpcs_demon_archer"},"elements":[{"from":[7.142857,6.2285714,7.8285713],"to":[8.857143,9.657143,9.542857],"rotation":{"angle":-45.0,"axis":"x","origin":[8.0,9.028571,9.942858]},"faces":{"east":{"uv":[6.875,3.75,7.25,4.5],"rotation":0,"texture":"#0","tintindex":0},"south":{"uv":[4.125,6.875,4.5,7.625],"rotation":0,"texture":"#0","tintindex":0},"north":{"uv":[3.75,6.875,4.125,7.625],"rotation":0,"texture":"#0","tintindex":0},"west":{"uv":[4.5,6.875,4.875,7.625],"rotation":0,"texture":"#0","tintindex":0},"up":{"uv":[1.625,8.25,1.25,7.875],"rotation":0,"texture":"#0","tintindex":0},"down":{"uv":[2.0,7.875,1.625,8.25],"rotation":0,"texture":"#0","tintindex":0}}},{"from":[7.428571,4.3999996,10.4],"to":[8.571428,6.6857142,12.114286],"rotation":{"angle":22.5,"axis":"x","origin":[8.0,9.028571,10.228572]},"faces":{"east":{"uv":[7.375,0.0,7.75,0.5],"rotation":0,"texture":"#0","tintindex":0},"south":{"uv":[1.625,8.25,1.875,8.75],"rotation":0,"texture":"#0","tintindex":0},"north":{"uv":[1.375,8.25,1.625,8.75],"rotation":0,"texture":"#0","tintindex":0},"west":{"uv":[5.25,7.375,5.625,7.875],"rotation":0,"texture":"#0","tintindex":0},"up":{"uv":[2.125,8.625,1.875,8.25],"rotation":0,"texture":"#0","tintindex":0},"down":{"uv":[2.875,8.25,2.625,8.625],"rotation":0,"texture":"#0","tintindex":0}}},{"from":[7.142857,3.9428568,8.171429],"to":[8.857143,5.0857143,9.885715],"rotation":{"angle":0.0,"axis":"y","origin":[8.0,4.5142856,8.4]},"faces":{"east":{"uv":[8.25,3.25,8.625,3.5],"rotation":0,"texture":"#0","tintindex":0},"south":{"uv":[3.375,8.25,3.75,8.5],"rotation":0,"texture":"#0","tintindex":0},"north":{"uv":[8.25,3.0,8.625,3.25],"rotation":0,"texture":"#0","tintindex":0},"west":{"uv":[8.25,3.5,8.625,3.75],"rotation":0,"texture":"#0","tintindex":0},"up":{"uv":[3.375,8.25,3.0,7.875],"rotation":0,"texture":"#0","tintindex":0},"down":{"uv":[3.75,7.875,3.375,8.25],"rotation":0,"texture":"#0","tintindex":0}}}],"display":{"head":{"translation":[0.0,-6.4,0.0],"scale":[4.0,4.0,4.0]}}}