{"textures":{"0":"modelengine:entity/ecnpcs_demon_archer"},"elements":[{"from":[5.885714,10.212159,5.0094543],"to":[7.6,11.355016,5.580883],"rotation":{"angle":-22.5,"axis":"z","origin":[6.5714283,10.783587,5.295169]},"faces":{"east":{"uv":[4.875,4.125,5.0,4.375],"rotation":0,"texture":"#0","tintindex":0},"south":{"uv":[4.5,4.125,4.875,4.375],"rotation":0,"texture":"#0","tintindex":0},"north":{"uv":[3.5,1.75,3.875,2.0],"rotation":0,"texture":"#0","tintindex":0},"west":{"uv":[0.5,5.75,0.625,6.0],"rotation":0,"texture":"#0","tintindex":0},"up":{"uv":[5.5,4.125,5.125,4.0],"rotation":0,"texture":"#0","tintindex":0},"down":{"uv":[7.25,0.5,6.875,0.625],"rotation":0,"texture":"#0","tintindex":0}}},{"from":[8.4,10.212159,5.0094543],"to":[10.114286,11.355016,5.580883],"rotation":{"angle":22.5,"axis":"z","origin":[9.428572,10.783587,5.295169]},"faces":{"east":{"uv":[5.375,6.5,5.5,6.75],"rotation":0,"texture":"#0","tintindex":0},"south":{"uv":[8.25,3.75,8.625,4.0],"rotation":0,"texture":"#0","tintindex":0},"north":{"uv":[3.75,8.25,4.125,8.5],"rotation":0,"texture":"#0","tintindex":0},"west":{"uv":[3.0,6.625,3.125,6.875],"rotation":0,"texture":"#0","tintindex":0},"up":{"uv":[5.25,8.625,4.875,8.5],"rotation":0,"texture":"#0","tintindex":0},"down":{"uv":[5.625,8.5,5.25,8.625],"rotation":0,"texture":"#0","tintindex":0}}},{"from":[5.714286,7.3550158,5.580883],"to":[10.285714,11.926445,9.580883],"rotation":{"angle":0.0,"axis":"y","origin":[8.0,-8.644985,9.009455]},"faces":{"east":{"uv":[3.0,2.0,3.875,3.0],"rotation":0,"texture":"#0","tintindex":0},"south":{"uv":[2.0,3.0,3.0,4.0],"rotation":0,"texture":"#0","tintindex":0},"north":{"uv":[1.0,3.0,2.0,4.0],"rotation":0,"texture":"#0","tintindex":0},"west":{"uv":[3.0,3.0,3.875,4.0],"rotation":0,"texture":"#0","tintindex":0},"up":{"uv":[4.5,0.875,3.5,0.0],"rotation":0,"texture":"#0","tintindex":0},"down":{"uv":[4.5,0.875,3.5,1.75],"rotation":0,"texture":"#0","tintindex":0}}},{"from":[5.8285713,7.9835873,6.1523113],"to":[8.114285,12.555016,9.009455],"rotation":{"angle":22.5,"axis":"z","origin":[8.0,8.555016,7.866597]},"faces":{"east":{"uv":[0.625,4.0,1.25,5.0],"rotation":0,"texture":"#0","tintindex":0},"south":{"uv":[3.625,5.25,4.125,6.25],"rotation":0,"texture":"#0","tintindex":0},"north":{"uv":[5.0,5.125,5.5,6.125],"rotation":0,"texture":"#0","tintindex":0},"west":{"uv":[1.25,4.0,1.875,5.0],"rotation":0,"texture":"#0","tintindex":0},"up":{"uv":[4.5,6.875,4.0,6.25],"rotation":0,"texture":"#0","tintindex":0},"down":{"uv":[5.0,6.25,4.5,6.875],"rotation":0,"texture":"#0","tintindex":0}}},{"from":[5.3414164,11.534017,5.6380258],"to":[7.627131,14.39116,7.9237404],"rotation":{"angle":-22.5,"axis":"x","origin":[6.484274,12.105446,7.866597]},"faces":{"east":{"uv":[6.375,0.0,6.875,0.625],"rotation":0,"texture":"#0","tintindex":0},"south":{"uv":[1.625,6.375,2.125,7.0],"rotation":0,"texture":"#0","tintindex":0},"north":{"uv":[6.25,6.125,6.75,6.75],"rotation":0,"texture":"#0","tintindex":0},"west":{"uv":[2.125,6.375,2.625,7.0],"rotation":0,"texture":"#0","tintindex":0},"up":{"uv":[1.875,7.5,1.375,7.0],"rotation":0,"texture":"#0","tintindex":0},"down":{"uv":[7.5,1.75,7.0,2.25],"rotation":0,"texture":"#0","tintindex":0}}},{"from":[4.936166,13.03653,5.3901033],"to":[6.6504517,15.893673,7.104389],"rotation":{"angle":45.0,"axis":"z","origin":[6.536166,14.293673,6.075818]},"faces":{"east":{"uv":[4.875,7.125,5.25,7.75],"rotation":0,"texture":"#0","tintindex":0},"south":{"uv":[5.875,7.125,6.25,7.75],"rotation":0,"texture":"#0","tintindex":0},"north":{"uv":[7.0,5.5,7.375,6.125],"rotation":0,"texture":"#0","tintindex":0},"west":{"uv":[7.125,6.75,7.5,7.375],"rotation":0,"texture":"#0","tintindex":0},"up":{"uv":[8.375,7.875,8.0,7.5],"rotation":0,"texture":"#0","tintindex":0},"down":{"uv":[8.125,8.0,7.75,8.375],"rotation":0,"texture":"#0","tintindex":0}}},{"from":[13.090596,15.505856,5.168351],"to":[14.804882,16.077286,5.7397795],"rotation":{"angle":45.0,"axis":"z","origin":[13.77631,15.048713,4.825494]},"faces":{"east":{"uv":[7.5,4.875,7.625,5.0],"rotation":0,"texture":"#0","tintindex":0},"south":{"uv":[8.375,8.25,8.75,8.375],"rotation":0,"texture":"#0","tintindex":0},"north":{"uv":[6.875,3.0,7.25,3.125],"rotation":0,"texture":"#0","tintindex":0},"west":{"uv":[2.125,7.625,2.25,7.75],"rotation":0,"texture":"#0","tintindex":0},"up":{"uv":[8.75,8.5,8.375,8.375],"rotation":0,"texture":"#0","tintindex":0},"down":{"uv":[0.75,8.5,0.375,8.625],"rotation":0,"texture":"#0","tintindex":0}}},{"from":[10.413997,14.19157,6.652121],"to":[13.271139,15.334427,7.794978],"rotation":{"angle":22.5,"axis":"y","origin":[8.642568,13.905855,6.7664065]},"faces":{"east":{"uv":[5.25,8.25,5.5,8.5],"rotation":0,"texture":"#0","tintindex":0},"south":{"uv":[7.5,2.0,8.125,2.25],"rotation":0,"texture":"#0","tintindex":0},"north":{"uv":[7.5,1.75,8.125,2.0],"rotation":0,"texture":"#0","tintindex":0},"west":{"uv":[8.25,5.625,8.5,5.875],"rotation":0,"texture":"#0","tintindex":0},"up":{"uv":[2.875,7.75,2.25,7.5],"rotation":0,"texture":"#0","tintindex":0},"down":{"uv":[8.125,4.125,7.5,4.375],"rotation":0,"texture":"#0","tintindex":0}}},{"from":[2.7288604,14.19157,6.652121],"to":[5.5860033,15.334427,7.794978],"rotation":{"angle":-22.5,"axis":"y","origin":[7.357432,13.905855,6.7664065]},"faces":{"east":{"uv":[8.25,6.125,8.5,6.375],"rotation":0,"texture":"#0","tintindex":0},"south":{"uv":[7.625,0.75,8.25,1.0],"rotation":0,"texture":"#0","tintindex":0},"north":{"uv":[7.625,0.5,8.25,0.75],"rotation":0,"texture":"#0","tintindex":0},"west":{"uv":[8.25,6.375,8.5,6.625],"rotation":0,"texture":"#0","tintindex":0},"up":{"uv":[1.5,7.875,0.875,7.625],"rotation":0,"texture":"#0","tintindex":0},"down":{"uv":[2.125,7.625,1.5,7.875],"rotation":0,"texture":"#0","tintindex":0}}},{"from":[1.1951184,14.934427,5.168351],"to":[2.9094038,15.505856,5.7397795],"rotation":{"angle":-45.0,"axis":"z","origin":[2.2236896,14.477284,4.825494]},"faces":{"east":{"uv":[8.0,7.875,8.125,8.0],"rotation":0,"texture":"#0","tintindex":0},"south":{"uv":[8.5,1.875,8.875,2.0],"rotation":0,"texture":"#0","tintindex":0},"north":{"uv":[8.5,1.75,8.875,1.875],"rotation":0,"texture":"#0","tintindex":0},"west":{"uv":[0.75,8.125,0.875,8.25],"rotation":0,"texture":"#0","tintindex":0},"up":{"uv":[8.875,2.125,8.5,2.0],"rotation":0,"texture":"#0","tintindex":0},"down":{"uv":[3.25,8.5,2.875,8.625],"rotation":0,"texture":"#0","tintindex":0}}},{"from":[3.3002892,11.905856,7.22355],"to":[6.157432,13.048713,8.366406],"rotation":{"angle":-22.5,"axis":"y","origin":[7.9288607,11.620142,7.3378353]},"faces":{"east":{"uv":[8.125,8.25,8.375,8.5],"rotation":0,"texture":"#0","tintindex":0},"south":{"uv":[7.625,2.5,8.25,2.75],"rotation":0,"texture":"#0","tintindex":0},"north":{"uv":[7.625,2.25,8.25,2.5],"rotation":0,"texture":"#0","tintindex":0},"west":{"uv":[8.375,0.0,8.625,0.25],"rotation":0,"texture":"#0","tintindex":0},"up":{"uv":[8.25,3.0,7.625,2.75],"rotation":0,"texture":"#0","tintindex":0},"down":{"uv":[3.625,7.625,3.0,7.875],"rotation":0,"texture":"#0","tintindex":0}}},{"from":[1.7665467,12.648713,5.7397795],"to":[3.4808326,13.220141,6.3112082],"rotation":{"angle":-45.0,"axis":"z","origin":[2.7951183,12.19157,5.3969226]},"faces":{"east":{"uv":[2.0,8.125,2.125,8.25],"rotation":0,"texture":"#0","tintindex":0},"south":{"uv":[3.625,8.5,4.0,8.625],"rotation":0,"texture":"#0","tintindex":0},"north":{"uv":[3.25,8.5,3.625,8.625],"rotation":0,"texture":"#0","tintindex":0},"west":{"uv":[4.75,8.25,4.875,8.375],"rotation":0,"texture":"#0","tintindex":0},"up":{"uv":[8.875,4.125,8.5,4.0],"rotation":0,"texture":"#0","tintindex":0},"down":{"uv":[8.875,4.125,8.5,4.25],"rotation":0,"texture":"#0","tintindex":0}}},{"from":[9.842568,11.905856,7.22355],"to":[12.699711,13.048713,8.366406],"rotation":{"angle":22.5,"axis":"y","origin":[8.071139,11.620142,7.3378353]},"faces":{"east":{"uv":[8.375,0.25,8.625,0.5],"rotation":0,"texture":"#0","tintindex":0},"south":{"uv":[7.625,3.25,8.25,3.5],"rotation":0,"texture":"#0","tintindex":0},"north":{"uv":[7.625,3.0,8.25,3.25],"rotation":0,"texture":"#0","tintindex":0},"west":{"uv":[2.125,8.375,2.375,8.625],"rotation":0,"texture":"#0","tintindex":0},"up":{"uv":[8.25,3.75,7.625,3.5],"rotation":0,"texture":"#0","tintindex":0},"down":{"uv":[4.25,7.625,3.625,7.875],"rotation":0,"texture":"#0","tintindex":0}}},{"from":[12.519167,12.648713,5.7397795],"to":[14.233454,13.220141,6.3112082],"rotation":{"angle":45.0,"axis":"z","origin":[13.204882,12.19157,5.3969226]},"faces":{"east":{"uv":[8.5,7.0,8.625,7.125],"rotation":0,"texture":"#0","tintindex":0},"south":{"uv":[8.5,4.375,8.875,4.5],"rotation":0,"texture":"#0","tintindex":0},"north":{"uv":[8.5,4.25,8.875,4.375],"rotation":0,"texture":"#0","tintindex":0},"west":{"uv":[8.5,8.125,8.625,8.25],"rotation":0,"texture":"#0","tintindex":0},"up":{"uv":[8.875,4.625,8.5,4.5],"rotation":0,"texture":"#0","tintindex":0},"down":{"uv":[8.875,4.625,8.5,4.75],"rotation":0,"texture":"#0","tintindex":0}}},{"from":[9.349548,13.03653,5.3901033],"to":[11.063834,15.893673,7.104389],"rotation":{"angle":-45.0,"axis":"z","origin":[9.463834,14.293673,6.075818]},"faces":{"east":{"uv":[7.25,2.25,7.625,2.875],"rotation":0,"texture":"#0","tintindex":0},"south":{"uv":[7.25,2.875,7.625,3.5],"rotation":0,"texture":"#0","tintindex":0},"north":{"uv":[7.25,0.5,7.625,1.125],"rotation":0,"texture":"#0","tintindex":0},"west":{"uv":[7.25,3.5,7.625,4.125],"rotation":0,"texture":"#0","tintindex":0},"up":{"uv":[0.75,8.5,0.375,8.125],"rotation":0,"texture":"#0","tintindex":0},"down":{"uv":[8.5,1.75,8.125,2.125],"rotation":0,"texture":"#0","tintindex":0}}},{"from":[8.3728695,11.534017,5.6380258],"to":[10.658584,14.39116,7.9237404],"rotation":{"angle":-22.5,"axis":"x","origin":[9.515726,12.105446,7.866597]},"faces":{"east":{"uv":[6.75,0.625,7.25,1.25],"rotation":0,"texture":"#0","tintindex":0},"south":{"uv":[6.75,3.125,7.25,3.75],"rotation":0,"texture":"#0","tintindex":0},"north":{"uv":[6.5,4.625,7.0,5.25],"rotation":0,"texture":"#0","tintindex":0},"west":{"uv":[5.375,6.75,5.875,7.375],"rotation":0,"texture":"#0","tintindex":0},"up":{"uv":[2.375,7.5,1.875,7.0],"rotation":0,"texture":"#0","tintindex":0},"down":{"uv":[2.875,7.0,2.375,7.5],"rotation":0,"texture":"#0","tintindex":0}}},{"from":[7.885714,7.9835873,6.1523113],"to":[10.171429,12.555016,9.009455],"rotation":{"angle":-22.5,"axis":"z","origin":[8.0,8.555016,7.866597]},"faces":{"east":{"uv":[1.875,4.0,2.5,5.0],"rotation":0,"texture":"#0","tintindex":0},"south":{"uv":[5.375,1.0,5.875,2.0],"rotation":0,"texture":"#0","tintindex":0},"north":{"uv":[4.125,5.25,4.625,6.25],"rotation":0,"texture":"#0","tintindex":0},"west":{"uv":[2.5,4.0,3.125,5.0],"rotation":0,"texture":"#0","tintindex":0},"up":{"uv":[6.875,4.625,6.375,4.0],"rotation":0,"texture":"#0","tintindex":0},"down":{"uv":[7.0,1.625,6.5,2.25],"rotation":0,"texture":"#0","tintindex":0}}}],"display":{"head":{"translation":[0.0,-6.4,0.0],"scale":[4.0,4.0,4.0]}}}