{"textures":{"0":"modelengine:entity/ecnpcs_demon_archer"},"elements":[{"from":[8.285714,3.4285712,7.142857],"to":[10.0,8.0,8.857143],"rotation":{"angle":0.0,"axis":"y","origin":[11.142858,-7.4285717,7.714286]},"faces":{"east":{"uv":[0.875,6.0,1.25,7.0],"rotation":0,"texture":"#0","tintindex":0},"south":{"uv":[1.25,6.0,1.625,7.0],"rotation":0,"texture":"#0","tintindex":0},"north":{"uv":[0.5,6.0,0.875,7.0],"rotation":0,"texture":"#0","tintindex":0},"west":{"uv":[2.625,6.0,3.0,7.0],"rotation":0,"texture":"#0","tintindex":0},"up":{"uv":[4.125,8.25,3.75,7.875],"rotation":0,"texture":"#0","tintindex":0},"down":{"uv":[4.5,7.875,4.125,8.25],"rotation":0,"texture":"#0","tintindex":0}}}],"display":{"head":{"translation":[0.0,-6.4,0.0],"scale":[4.0,4.0,4.0]}}}