{"textures":{"0":"modelengine:entity/ecnpcs_demon_archer"},"elements":[{"from":[7.2,3.485714,5.885714],"to":[9.485714,8.057143,8.171429],"rotation":{"angle":22.5,"axis":"x","origin":[8.342857,5.142857,8.0]},"faces":{"east":{"uv":[5.0,4.125,5.5,5.125],"rotation":0,"texture":"#0","tintindex":0},"south":{"uv":[0.0,5.125,0.5,6.125],"rotation":0,"texture":"#0","tintindex":0},"north":{"uv":[2.625,5.0,3.125,6.0],"rotation":0,"texture":"#0","tintindex":0},"west":{"uv":[5.125,0.0,5.625,1.0],"rotation":0,"texture":"#0","tintindex":0},"up":{"uv":[1.375,7.5,0.875,7.0],"rotation":0,"texture":"#0","tintindex":0},"down":{"uv":[7.5,1.25,7.0,1.75],"rotation":0,"texture":"#0","tintindex":0}}}],"display":{"head":{"translation":[0.0,-6.4,0.0],"scale":[4.0,4.0,4.0]}}}