{"textures":{"0":"modelengine:entity/ecnpcs_demon_archer"},"elements":[{"from":[6.5142856,3.485714,5.885714],"to":[8.8,8.057143,8.171429],"rotation":{"angle":22.5,"axis":"x","origin":[7.6571426,5.142857,8.0]},"faces":{"east":{"uv":[3.125,4.875,3.625,5.875],"rotation":0,"texture":"#0","tintindex":0},"south":{"uv":[0.625,5.0,1.125,6.0],"rotation":0,"texture":"#0","tintindex":0},"north":{"uv":[4.875,1.75,5.375,2.75],"rotation":0,"texture":"#0","tintindex":0},"west":{"uv":[1.125,5.0,1.625,6.0],"rotation":0,"texture":"#0","tintindex":0},"up":{"uv":[7.0,5.75,6.5,5.25],"rotation":0,"texture":"#0","tintindex":0},"down":{"uv":[7.375,0.0,6.875,0.5],"rotation":0,"texture":"#0","tintindex":0}}}],"display":{"head":{"translation":[0.0,-6.4,0.0],"scale":[4.0,4.0,4.0]}}}