{"textures":{"0":"modelengine:entity/ecnpcs_demon_archer"},"elements":[{"from":[6.0,3.4285712,7.142857],"to":[7.714286,8.0,8.857143],"rotation":{"angle":0.0,"axis":"y","origin":[4.8571424,-7.4285717,7.714286]},"faces":{"east":{"uv":[0.0,6.125,0.375,7.125],"rotation":0,"texture":"#0","tintindex":0},"south":{"uv":[5.0,6.125,5.375,7.125],"rotation":0,"texture":"#0","tintindex":0},"north":{"uv":[6.0,4.0,6.375,5.0],"rotation":0,"texture":"#0","tintindex":0},"west":{"uv":[5.875,6.125,6.25,7.125],"rotation":0,"texture":"#0","tintindex":0},"up":{"uv":[8.5,4.375,8.125,4.0],"rotation":0,"texture":"#0","tintindex":0},"down":{"uv":[8.5,4.375,8.125,4.75],"rotation":0,"texture":"#0","tintindex":0}}}],"display":{"head":{"translation":[0.0,-6.4,0.0],"scale":[4.0,4.0,4.0]}}}