{"textures":{"6":"modelengine:entity/mega_warden_damage"},"elements":[{"from":[4.5566688,3.4285712,8.088184],"to":[12.556669,8.0,8.088184],"rotation":{"angle":0.0,"axis":"y","origin":[8.699526,8.0,8.088184]},"faces":{"east":{"uv":[0.002,0.002,0.002,0.498],"rotation":0,"texture":"#6","tintindex":0},"south":{"uv":[6.8145,0.8145,7.6855,1.3105],"rotation":0,"texture":"#6","tintindex":0},"north":{"uv":[7.6855,0.8145,6.8145,1.3105],"rotation":0,"texture":"#6","tintindex":0},"west":{"uv":[0.002,0.002,0.002,0.498],"rotation":0,"texture":"#6","tintindex":0},"up":{"uv":[0.873,0.002,0.002,0.002],"rotation":0,"texture":"#6","tintindex":0},"down":{"uv":[0.873,0.002,0.002,0.002],"rotation":0,"texture":"#6","tintindex":0}}}],"display":{"head":{"translation":[0.0,-6.4,0.0],"scale":[4.0,4.0,4.0]}}}