{"textures":{"6":"modelengine:entity/mega_warden_damage"},"elements":[{"from":[5.142857,1.1428566,7.285714],"to":[8.0,8.0,8.428572],"rotation":{"angle":0.0,"axis":"y","origin":[6.857143,6.857143,6.714286]},"faces":{"east":{"uv":[6.9355,7.752,6.8145,8.498],"rotation":0,"texture":"#6","tintindex":0},"south":{"uv":[7.248,7.627,6.9395,8.373],"rotation":0,"texture":"#6","tintindex":0},"north":{"uv":[4.623,4.9395,4.3145,5.6855],"rotation":0,"texture":"#6","tintindex":0},"west":{"uv":[6.8105,7.752,6.6895,8.498],"rotation":0,"texture":"#6","tintindex":0},"up":{"uv":[3.4395,2.623,3.748,2.502],"rotation":0,"texture":"#6","tintindex":0},"down":{"uv":[3.752,2.502,4.0605,2.623],"rotation":0,"texture":"#6","tintindex":0}}}],"display":{"head":{"translation":[0.0,-6.4,0.0],"scale":[4.0,4.0,4.0]}}}