{"textures":{"6":"modelengine:entity/mega_warden_damage"},"elements":[{"from":[6.714286,6.5714283,4.0],"to":[14.142858,9.428572,10.857143],"rotation":{"angle":0.0,"axis":"y","origin":[7.285714,8.285714,10.285714]},"faces":{"east":{"uv":[1.75,6.75,3.25,7.375],"rotation":0,"texture":"#6","tintindex":0},"south":{"uv":[1.75,6.125,3.375,6.75],"rotation":0,"texture":"#6","tintindex":0},"north":{"uv":[5.375,6.0,7.0,6.625],"rotation":0,"texture":"#6","tintindex":0},"west":{"uv":[6.875,3.75,8.375,4.375],"rotation":0,"texture":"#6","tintindex":0},"up":{"uv":[1.625,5.375,0.0,3.875],"rotation":0,"texture":"#6","tintindex":0},"down":{"uv":[3.25,3.875,1.625,5.375],"rotation":0,"texture":"#6","tintindex":0}}},{"from":[4.428571,6.5714283,6.285714],"to":[6.714286,9.428572,10.857143],"rotation":{"angle":0.0,"axis":"y","origin":[7.285714,8.285714,10.285714]},"faces":{"east":{"uv":[4.0,1.625,5.0,2.25],"rotation":0,"texture":"#6","tintindex":0},"south":{"uv":[0.0,7.875,0.5,8.5],"rotation":0,"texture":"#6","tintindex":0},"north":{"uv":[7.75,0.0,8.25,0.625],"rotation":0,"texture":"#6","tintindex":0},"west":{"uv":[3.375,6.125,4.375,6.75],"rotation":0,"texture":"#6","tintindex":0},"up":{"uv":[7.5,8.5,7.0,7.5],"rotation":0,"texture":"#6","tintindex":0},"down":{"uv":[8.0,7.5,7.5,8.5],"rotation":0,"texture":"#6","tintindex":0}}}],"display":{"head":{"translation":[0.0,-6.4,0.0],"scale":[4.0,4.0,4.0]}}}