{"textures":{"6":"modelengine:entity/mega_warden_damage"},"elements":[{"from":[4.5714283,6.5714283,4.285714],"to":[11.428572,9.428572,11.714286],"rotation":{"angle":0.0,"axis":"y","origin":[10.857143,8.285714,14.0]},"faces":{"east":{"uv":[6.25,1.25,7.875,1.875],"rotation":0,"texture":"#6","tintindex":0},"south":{"uv":[7.0,6.25,8.5,6.875],"rotation":0,"texture":"#6","tintindex":0},"north":{"uv":[7.0,5.625,8.5,6.25],"rotation":0,"texture":"#6","tintindex":0},"west":{"uv":[6.25,1.875,7.875,2.5],"rotation":0,"texture":"#6","tintindex":0},"up":{"uv":[4.75,5.5,3.25,3.875],"rotation":0,"texture":"#6","tintindex":0},"down":{"uv":[5.5,0.0,4.0,1.625],"rotation":0,"texture":"#6","tintindex":0}}}],"display":{"head":{"translation":[0.0,-6.4,0.0],"scale":[4.0,4.0,4.0]}}}