{"textures":{"6":"modelengine:entity/mega_warden_damage"},"elements":[{"from":[6.5714283,8.0,8.0],"to":[9.428572,12.571428,8.0],"rotation":{"angle":0.0,"axis":"y","origin":[8.0,8.0,8.0]},"faces":{"east":{"uv":[0.002,0.002,0.002,0.498],"rotation":0,"texture":"#6","tintindex":0},"south":{"uv":[5.623,2.252,5.3145,2.748],"rotation":0,"texture":"#6","tintindex":0},"north":{"uv":[5.3145,2.252,5.623,2.748],"rotation":0,"texture":"#6","tintindex":0},"west":{"uv":[0.002,0.002,0.002,0.498],"rotation":0,"texture":"#6","tintindex":0},"up":{"uv":[0.002,0.002,0.3105,0.002],"rotation":0,"texture":"#6","tintindex":0},"down":{"uv":[0.002,0.002,0.3105,0.002],"rotation":0,"texture":"#6","tintindex":0}}}],"display":{"head":{"translation":[0.0,-6.4,0.0],"scale":[4.0,4.0,4.0]}}}