{"textures":{"6":"modelengine:entity/mega_warden_damage"},"elements":[{"from":[10.355041,7.497897,6.857143],"to":[10.355041,10.926469,9.714286],"rotation":{"angle":-45.0,"axis":"z","origin":[10.355041,9.212183,8.0]},"faces":{"east":{"uv":[3.1895,7.1895,3.498,7.5605],"rotation":0,"texture":"#6","tintindex":0},"south":{"uv":[0.002,0.002,0.002,0.373],"rotation":0,"texture":"#6","tintindex":0},"north":{"uv":[0.002,0.002,0.002,0.373],"rotation":0,"texture":"#6","tintindex":0},"west":{"uv":[3.498,7.1895,3.1895,7.5605],"rotation":0,"texture":"#6","tintindex":0},"up":{"uv":[0.002,0.3105,0.002,0.002],"rotation":0,"texture":"#6","tintindex":0},"down":{"uv":[0.002,0.002,0.002,0.3105],"rotation":0,"texture":"#6","tintindex":0}}},{"from":[6.857143,2.8571424,6.857143],"to":[9.714286,8.0,9.714286],"rotation":{"angle":0.0,"axis":"y","origin":[8.571428,6.857143,7.428571]},"faces":{"east":{"uv":[7.998,0.627,7.6895,1.1855],"rotation":0,"texture":"#6","tintindex":0},"south":{"uv":[7.873,7.627,7.5645,8.1855],"rotation":0,"texture":"#6","tintindex":0},"north":{"uv":[7.9355,6.0645,7.627,6.623],"rotation":0,"texture":"#6","tintindex":0},"west":{"uv":[7.5605,7.627,7.252,8.1855],"rotation":0,"texture":"#6","tintindex":0},"up":{"uv":[7.877,8.123,8.1855,7.8145],"rotation":0,"texture":"#6","tintindex":0},"down":{"uv":[2.6895,7.9395,2.998,8.248],"rotation":0,"texture":"#6","tintindex":0}}},{"from":[9.714286,2.8571424,8.571428],"to":[12.0,8.0,8.571428],"rotation":{"angle":0.0,"axis":"y","origin":[8.571428,6.857143,7.428571]},"faces":{"east":{"uv":[0.002,0.002,0.002,0.5605],"rotation":0,"texture":"#6","tintindex":0},"south":{"uv":[2.1895,7.6895,2.4355,8.248],"rotation":0,"texture":"#6","tintindex":0},"north":{"uv":[2.4355,7.6895,2.1895,8.248],"rotation":0,"texture":"#6","tintindex":0},"west":{"uv":[0.002,0.002,0.002,0.5605],"rotation":0,"texture":"#6","tintindex":0},"up":{"uv":[0.002,0.002,0.248,0.002],"rotation":0,"texture":"#6","tintindex":0},"down":{"uv":[0.002,0.002,0.248,0.002],"rotation":0,"texture":"#6","tintindex":0}}}],"display":{"head":{"translation":[0.0,-6.4,0.0],"scale":[4.0,4.0,4.0]}}}