{"textures":{"6":"modelengine:entity/mega_warden_damage"},"elements":[{"from":[2.2857141,6.5714283,4.285714],"to":[13.714286,9.428572,11.714286],"rotation":{"angle":0.0,"axis":"y","origin":[13.142858,8.285714,14.0]},"faces":{"east":{"uv":[6.25,2.5,7.875,3.125],"rotation":0,"texture":"#6","tintindex":0},"south":{"uv":[0.0,5.375,2.5,6.0],"rotation":0,"texture":"#6","tintindex":0},"north":{"uv":[5.0,3.125,7.5,3.75],"rotation":0,"texture":"#6","tintindex":0},"west":{"uv":[5.375,6.625,7.0,7.25],"rotation":0,"texture":"#6","tintindex":0},"up":{"uv":[2.5,3.875,0.0,2.25],"rotation":0,"texture":"#6","tintindex":0},"down":{"uv":[5.0,2.25,2.5,3.875],"rotation":0,"texture":"#6","tintindex":0}}}],"display":{"head":{"translation":[0.0,-6.4,0.0],"scale":[4.0,4.0,4.0]}}}