{"textures":{"6":"modelengine:entity/mega_warden_damage"},"elements":[{"from":[9.285714,6.5714283,6.285714],"to":[13.285715,9.428572,12.0],"rotation":{"angle":0.0,"axis":"y","origin":[6.428571,8.285714,11.428572]},"faces":{"east":{"uv":[5.75,7.25,7.0,7.875],"rotation":0,"texture":"#6","tintindex":0},"south":{"uv":[7.5,3.125,8.375,3.75],"rotation":0,"texture":"#6","tintindex":0},"north":{"uv":[7.5,0.625,8.375,1.25],"rotation":0,"texture":"#6","tintindex":0},"west":{"uv":[1.25,7.375,2.5,8.0],"rotation":0,"texture":"#6","tintindex":0},"up":{"uv":[6.875,5.0,6.0,3.75],"rotation":0,"texture":"#6","tintindex":0},"down":{"uv":[5.375,6.0,4.5,7.25],"rotation":0,"texture":"#6","tintindex":0}}},{"from":[0.1428566,6.5714283,1.7142854],"to":[9.285714,9.428572,12.0],"rotation":{"angle":0.0,"axis":"y","origin":[6.428571,8.285714,11.428572]},"faces":{"east":{"uv":[4.75,5.375,7.0,6.0],"rotation":0,"texture":"#6","tintindex":0},"south":{"uv":[2.5,5.5,4.5,6.125],"rotation":0,"texture":"#6","tintindex":0},"north":{"uv":[5.5,0.625,7.5,1.25],"rotation":0,"texture":"#6","tintindex":0},"west":{"uv":[5.5,0.0,7.75,0.625],"rotation":0,"texture":"#6","tintindex":0},"up":{"uv":[2.0,2.25,0.0,0.0],"rotation":0,"texture":"#6","tintindex":0},"down":{"uv":[4.0,0.0,2.0,2.25],"rotation":0,"texture":"#6","tintindex":0}}}],"display":{"head":{"translation":[0.0,-6.4,0.0],"scale":[4.0,4.0,4.0]}}}