{"textures":{"0":"modelengine:entity/ecnpcs_demon_lord"},"elements":[{"from":[6.1410475,8.84496,8.793181],"to":[8.426762,12.84496,11.078896],"rotation":{"angle":45.0,"axis":"z","origin":[8.312476,10.102102,9.250324]},"faces":{"east":{"uv":[8.5,5.5,9.0,6.375],"rotation":0,"texture":"#0","tintindex":0},"south":{"uv":[9.25,10.375,9.75,11.25],"rotation":0,"texture":"#0","tintindex":0},"north":{"uv":[5.5,2.5,6.0,3.375],"rotation":0,"texture":"#0","tintindex":0},"west":{"uv":[10.375,9.375,10.875,10.25],"rotation":0,"texture":"#0","tintindex":0},"up":{"uv":[11.75,7.25,11.25,6.75],"rotation":0,"texture":"#0","tintindex":0},"down":{"uv":[11.75,7.25,11.25,7.75],"rotation":0,"texture":"#0","tintindex":0}}},{"from":[3.819456,10.0,9.826627],"to":[6.676599,11.714286,11.540913],"rotation":{"angle":-22.5,"axis":"y","origin":[8.448028,9.714286,9.940912]},"faces":{"east":{"uv":[11.125,11.875,11.5,12.25],"rotation":0,"texture":"#0","tintindex":0},"south":{"uv":[11.5,10.375,12.125,10.75],"rotation":0,"texture":"#0","tintindex":0},"north":{"uv":[11.5,10.0,12.125,10.375],"rotation":0,"texture":"#0","tintindex":0},"west":{"uv":[1.875,12.0,2.25,12.375],"rotation":0,"texture":"#0","tintindex":0},"up":{"uv":[11.75,11.875,11.125,11.5],"rotation":0,"texture":"#0","tintindex":0},"down":{"uv":[12.25,0.5,11.625,0.875],"rotation":0,"texture":"#0","tintindex":0}}},{"from":[1.8285708,10.8,8.342857],"to":[3.5428567,11.942858,9.485714],"rotation":{"angle":-45.0,"axis":"z","origin":[3.3142858,10.285714,8.0]},"faces":{"east":{"uv":[1.375,8.375,1.625,8.625],"rotation":0,"texture":"#0","tintindex":0},"south":{"uv":[5.75,9.875,6.125,10.125],"rotation":0,"texture":"#0","tintindex":0},"north":{"uv":[8.25,7.375,8.625,7.625],"rotation":0,"texture":"#0","tintindex":0},"west":{"uv":[11.125,8.5,11.375,8.75],"rotation":0,"texture":"#0","tintindex":0},"up":{"uv":[11.625,8.0,11.25,7.75],"rotation":0,"texture":"#0","tintindex":0},"down":{"uv":[9.125,12.125,8.75,12.375],"rotation":0,"texture":"#0","tintindex":0}}},{"from":[1.5191875,11.822336,8.532704],"to":[3.804902,12.3937645,9.104134],"rotation":{"angle":-45.0,"axis":"y","origin":[3.2334733,11.936622,8.475562]},"faces":{"east":{"uv":[2.625,10.25,2.75,10.375],"rotation":0,"texture":"#0","tintindex":0},"south":{"uv":[12.25,6.25,12.75,6.375],"rotation":0,"texture":"#0","tintindex":0},"north":{"uv":[12.25,1.0,12.75,1.125],"rotation":0,"texture":"#0","tintindex":0},"west":{"uv":[2.625,10.375,2.75,10.5],"rotation":0,"texture":"#0","tintindex":0},"up":{"uv":[12.75,7.875,12.25,7.75],"rotation":0,"texture":"#0","tintindex":0},"down":{"uv":[12.75,7.875,12.25,8.0],"rotation":0,"texture":"#0","tintindex":0}}},{"from":[7.117727,7.3424463,8.812531],"to":[9.40344,10.19959,11.098247],"rotation":{"angle":-22.5,"axis":"x","origin":[8.260584,7.913875,11.041103]},"faces":{"east":{"uv":[3.125,10.875,3.625,11.5],"rotation":0,"texture":"#0","tintindex":0},"south":{"uv":[3.625,10.875,4.125,11.5],"rotation":0,"texture":"#0","tintindex":0},"north":{"uv":[10.875,0.0,11.375,0.625],"rotation":0,"texture":"#0","tintindex":0},"west":{"uv":[4.125,10.875,4.625,11.5],"rotation":0,"texture":"#0","tintindex":0},"up":{"uv":[9.125,11.625,8.625,11.125],"rotation":0,"texture":"#0","tintindex":0},"down":{"uv":[10.25,11.125,9.75,11.625],"rotation":0,"texture":"#0","tintindex":0}}}],"display":{"head":{"translation":[0.0,-6.4,0.0],"scale":[4.0,4.0,4.0]}}}