{"textures":{"0":"modelengine:entity/ecnpcs_demon_lord"},"elements":[{"from":[6.857143,4.940334,7.1844525],"to":[9.142858,9.511763,9.470167],"rotation":{"angle":-45.0,"axis":"x","origin":[8.285714,7.740334,9.870167]},"faces":{"east":{"uv":[3.75,9.875,4.25,10.875],"rotation":0,"texture":"#0","tintindex":0},"south":{"uv":[4.25,9.875,4.75,10.875],"rotation":0,"texture":"#0","tintindex":0},"north":{"uv":[3.25,9.875,3.75,10.875],"rotation":0,"texture":"#0","tintindex":0},"west":{"uv":[4.75,9.875,5.25,10.875],"rotation":0,"texture":"#0","tintindex":0},"up":{"uv":[9.75,5.5,9.25,5.0],"rotation":0,"texture":"#0","tintindex":0},"down":{"uv":[7.875,11.125,7.375,11.625],"rotation":0,"texture":"#0","tintindex":0}}}],"display":{"head":{"translation":[0.0,-6.4,0.0],"scale":[4.0,4.0,4.0]}}}