{"textures":{"0":"modelengine:entity/ecnpcs_demon_lord"},"elements":[{"from":[1.7142854,-7.485715,8.0],"to":[14.285715,7.9428573,8.0],"rotation":{"angle":0.0,"axis":"y","origin":[8.0,-8.857143,-0.57142925]},"faces":{"east":{"uv":[0.0,0.0,0.0,3.375],"rotation":0,"texture":"#0","tintindex":0},"south":{"uv":[2.75,0.0,5.5,3.375],"rotation":0,"texture":"#0","tintindex":0},"north":{"uv":[0.0,0.0,2.75,3.375],"rotation":0,"texture":"#0","tintindex":0},"west":{"uv":[0.0,0.0,0.0,3.375],"rotation":0,"texture":"#0","tintindex":0},"up":{"uv":[2.75,0.0,0.0,0.0],"rotation":0,"texture":"#0","tintindex":0},"down":{"uv":[2.75,0.0,0.0,0.0],"rotation":0,"texture":"#0","tintindex":0}}}],"display":{"head":{"translation":[0.0,-6.4,0.0],"scale":[4.0,4.0,4.0]}}}