{"textures":{"0":"modelengine:entity/mso_warmm"},"elements":[{"name":"cube","from":[8.0,7.25,5.1499996],"to":[8.0,12.05,9.35],"rotation":{"angle":22.5,"axis":"x","origin":[8.051429,6.990676,6.928444]},"faces":{"down":{"uv":[0.0,0.0,0.0,1.75],"rotation":0,"texture":"#0","tintindex":0},"east":{"uv":[7.75,5.5,6.0,7.5],"rotation":0,"texture":"#0","tintindex":0},"north":{"uv":[0.0,0.0,0.0,2.0],"rotation":0,"texture":"#0","tintindex":0},"south":{"uv":[0.0,0.0,0.0,2.0],"rotation":0,"texture":"#0","tintindex":0},"up":{"uv":[0.0,1.75,0.0,0.0],"rotation":0,"texture":"#0","tintindex":0},"west":{"uv":[6.0,5.5,7.75,7.5],"rotation":0,"texture":"#0","tintindex":0}}}],"display":{"head":{"translation":[0.0,-6.4,0.0],"rotation":[0.0,0.0,0.0],"scale":[3.8095,3.8095,3.8095]}}}