{"textures":{"0":"modelengine:entity/mso_warmm"},"elements":[{"name":"cube","from":[6.212,6.312,7.412],"to":[9.788,9.8880005,12.788],"rotation":{"angle":0.0,"axis":"x","origin":[8.006429,9.207537,5.380403]},"faces":{"down":{"uv":[5.0,7.75,3.5,10.0],"rotation":0,"texture":"#0","tintindex":0},"east":{"uv":[6.5,4.0,8.75,5.5],"rotation":0,"texture":"#0","tintindex":0},"north":{"uv":[9.75,2.25,11.25,3.75],"rotation":0,"texture":"#0","tintindex":0},"south":{"uv":[1.5,10.0,3.0,11.5],"rotation":0,"texture":"#0","tintindex":0},"up":{"uv":[1.5,9.0,0.0,6.75],"rotation":0,"texture":"#0","tintindex":0},"west":{"uv":[6.0,7.5,8.25,9.0],"rotation":0,"texture":"#0","tintindex":0}}}],"display":{"head":{"translation":[0.0,-6.4,0.0],"rotation":[0.0,0.0,0.0],"scale":[3.8095,3.8095,3.8095]}}}