{"textures":{"0":"modelengine:entity/mso_overlord","1":"modelengine:entity/mso_overlord_e"},"elements":[{"name":"cube","from":[7.388,6.788,7.388],"to":[8.612,8.012,8.612],"rotation":{"angle":0.0,"axis":"x","origin":[8.0,7.4,8.0]},"faces":{"down":{"uv":[11.875,3.625,11.625,3.875],"rotation":0,"texture":"#0","tintindex":0},"east":{"uv":[2.25,11.625,2.5,11.875],"rotation":0,"texture":"#0","tintindex":0},"north":{"uv":[2.0,11.625,2.25,11.875],"rotation":0,"texture":"#0","tintindex":0},"south":{"uv":[2.5,11.625,2.75,11.875],"rotation":0,"texture":"#0","tintindex":0},"up":{"uv":[11.875,3.625,11.625,3.375],"rotation":0,"texture":"#0","tintindex":0},"west":{"uv":[11.625,3.125,11.875,3.375],"rotation":0,"texture":"#0","tintindex":0}}}],"display":{"head":{"translation":[0.0,-6.4,0.0],"rotation":[0.0,0.0,0.0],"scale":[3.8095,3.8095,3.8095]}}}