{"textures":{"0":"modelengine:entity/mso_overlord","1":"modelengine:entity/mso_overlord_e"},"elements":[{"name":"cube","from":[6.8,8.0,4.9841175],"to":[9.2,9.2,6.184118],"rotation":{"angle":0.0,"axis":"x","origin":[3.1999998,-18.400002,1.9841176]},"faces":{"down":{"uv":[11.875,8.375,11.375,8.625],"rotation":0,"texture":"#0","tintindex":0},"east":{"uv":[4.625,7.5,4.875,7.75],"rotation":0,"texture":"#0","tintindex":0},"north":{"uv":[4.875,9.25,5.375,9.5],"rotation":0,"texture":"#0","tintindex":0},"south":{"uv":[4.75,11.375,5.25,11.625],"rotation":0,"texture":"#0","tintindex":0},"up":{"uv":[6.25,11.625,5.75,11.375],"rotation":0,"texture":"#0","tintindex":0},"west":{"uv":[8.125,2.25,8.375,2.5],"rotation":0,"texture":"#0","tintindex":0}}},{"name":"cube","from":[5.6,9.2,4.9841175],"to":[10.4,13.400001,9.784119],"rotation":{"angle":0.0,"axis":"x","origin":[3.1999998,-18.400002,1.9841176]},"faces":{"down":{"uv":[6.25,1.875,5.25,2.875],"rotation":0,"texture":"#0","tintindex":0},"east":{"uv":[6.25,0.0,7.25,0.875],"rotation":0,"texture":"#0","tintindex":0},"north":{"uv":[6.125,5.75,7.125,6.625],"rotation":0,"texture":"#0","tintindex":0},"south":{"uv":[6.25,0.875,7.25,1.75],"rotation":0,"texture":"#0","tintindex":0},"up":{"uv":[6.25,1.875,5.25,0.875],"rotation":0,"texture":"#0","tintindex":0},"west":{"uv":[6.25,1.75,7.25,2.625],"rotation":0,"texture":"#0","tintindex":0}}},{"name":"cube","from":[7.85,10.940001,4.969118],"to":[8.15,11.540001,4.969118],"rotation":{"angle":0.0,"axis":"x","origin":[2.7499998,-18.46,1.9691179]},"faces":{"down":{"uv":[4.5,6.625,3.5,7.625],"rotation":0,"texture":"#0","tintindex":0},"east":{"uv":[7.375,7.25,8.375,8.125],"rotation":0,"texture":"#0","tintindex":0},"north":{"uv":[5.0,0.875,5.0625,1.0],"rotation":0,"texture":"#0","tintindex":0},"south":{"uv":[0.0,0.0,0.0,0.0],"rotation":0,"texture":"#0","tintindex":0},"up":{"uv":[3.5,7.625,2.5,6.625],"rotation":0,"texture":"#0","tintindex":0},"west":{"uv":[7.5,6.125,8.5,7.0],"rotation":0,"texture":"#0","tintindex":0}}},{"name":"cube","from":[7.925,9.740002,4.969118],"to":[8.075,10.340001,4.969118],"rotation":{"angle":0.0,"axis":"x","origin":[2.6749997,-19.66,1.9691179]},"faces":{"down":{"uv":[4.5,6.625,3.5,7.625],"rotation":0,"texture":"#0","tintindex":0},"east":{"uv":[7.375,7.25,8.375,8.125],"rotation":0,"texture":"#0","tintindex":0},"north":{"uv":[5.125,0.875,5.1875,1.0],"rotation":0,"texture":"#0","tintindex":0},"south":{"uv":[0.0,0.0,0.0,0.0],"rotation":0,"texture":"#0","tintindex":0},"up":{"uv":[3.5,7.625,2.5,6.625],"rotation":0,"texture":"#0","tintindex":0},"west":{"uv":[7.5,6.125,8.5,7.0],"rotation":0,"texture":"#0","tintindex":0}}},{"name":"cube","from":[5.6,13.400001,4.9841175],"to":[10.4,20.0,4.9841175],"rotation":{"angle":0.0,"axis":"x","origin":[3.1999998,-18.400002,1.9841176]},"faces":{"down":{"uv":[1.0,0.0,0.0,0.0],"rotation":0,"texture":"#0","tintindex":0},"east":{"uv":[0.0,0.0,0.0,1.375],"rotation":0,"texture":"#0","tintindex":0},"north":{"uv":[3.0,1.5,4.0,2.875],"rotation":0,"texture":"#0","tintindex":0},"south":{"uv":[3.0,2.875,4.0,4.25],"rotation":0,"texture":"#0","tintindex":0},"up":{"uv":[1.0,0.0,0.0,0.0],"rotation":0,"texture":"#0","tintindex":0},"west":{"uv":[0.0,0.0,0.0,1.375],"rotation":0,"texture":"#0","tintindex":0}}},{"name":"cube","from":[5.6,13.400001,4.9841175],"to":[5.6,20.0,9.784119],"rotation":{"angle":0.0,"axis":"x","origin":[3.1999998,-18.400002,1.9841176]},"faces":{"down":{"uv":[0.0,0.0,0.0,1.0],"rotation":0,"texture":"#0","tintindex":0},"east":{"uv":[0.0,1.5,1.0,2.875],"rotation":0,"texture":"#0","tintindex":0},"north":{"uv":[0.0,0.0,0.0,1.375],"rotation":0,"texture":"#0","tintindex":0},"south":{"uv":[0.0,0.0,0.0,1.375],"rotation":0,"texture":"#0","tintindex":0},"up":{"uv":[0.0,1.0,0.0,0.0],"rotation":0,"texture":"#0","tintindex":0},"west":{"uv":[1.0,1.5,2.0,2.875],"rotation":0,"texture":"#0","tintindex":0}}},{"name":"cube","from":[8.6,12.2,3.4841177],"to":[9.8,16.400002,3.4841177],"rotation":{"angle":-22.5,"axis":"x","origin":[8.0,16.7,4.9841175]},"faces":{"down":{"uv":[0.25,0.0,0.0,0.0],"rotation":0,"texture":"#0","tintindex":0},"east":{"uv":[0.0,0.0,0.0,0.875],"rotation":0,"texture":"#0","tintindex":0},"north":{"uv":[3.875,11.0,4.125,11.875],"rotation":0,"texture":"#0","tintindex":0},"south":{"uv":[7.875,11.0,8.125,11.875],"rotation":0,"texture":"#0","tintindex":0},"up":{"uv":[0.25,0.0,0.0,0.0],"rotation":0,"texture":"#0","tintindex":0},"west":{"uv":[0.0,0.0,0.0,0.875],"rotation":0,"texture":"#0","tintindex":0}}},{"name":"cube","from":[5.6,13.400001,9.784119],"to":[10.4,20.0,9.784119],"rotation":{"angle":0.0,"axis":"x","origin":[3.1999998,-18.400002,1.9841176]},"faces":{"down":{"uv":[1.0,0.0,0.0,0.0],"rotation":0,"texture":"#0","tintindex":0},"east":{"uv":[0.0,0.0,0.0,1.375],"rotation":0,"texture":"#0","tintindex":0},"north":{"uv":[1.0,2.875,2.0,4.25],"rotation":0,"texture":"#0","tintindex":0},"south":{"uv":[2.0,2.875,3.0,4.25],"rotation":0,"texture":"#0","tintindex":0},"up":{"uv":[1.0,0.0,0.0,0.0],"rotation":0,"texture":"#0","tintindex":0},"west":{"uv":[0.0,0.0,0.0,1.375],"rotation":0,"texture":"#0","tintindex":0}}},{"name":"cube","from":[6.2,12.2,3.4841177],"to":[7.4,16.400002,3.4841177],"rotation":{"angle":-22.5,"axis":"x","origin":[8.0,16.7,4.9841175]},"faces":{"down":{"uv":[0.25,0.0,0.0,0.0],"rotation":0,"texture":"#0","tintindex":0},"east":{"uv":[0.0,0.0,0.0,0.875],"rotation":0,"texture":"#0","tintindex":0},"north":{"uv":[6.5,8.25,6.75,9.125],"rotation":0,"texture":"#0","tintindex":0},"south":{"uv":[2.125,10.125,2.375,11.0],"rotation":0,"texture":"#0","tintindex":0},"up":{"uv":[0.25,0.0,0.0,0.0],"rotation":0,"texture":"#0","tintindex":0},"west":{"uv":[0.0,0.0,0.0,0.875],"rotation":0,"texture":"#0","tintindex":0}}},{"name":"cube","from":[10.4,13.400001,4.9841175],"to":[10.4,20.0,9.784119],"rotation":{"angle":0.0,"axis":"x","origin":[3.1999998,-18.400002,1.9841176]},"faces":{"down":{"uv":[0.0,0.0,0.0,1.0],"rotation":0,"texture":"#0","tintindex":0},"east":{"uv":[2.0,1.5,3.0,2.875],"rotation":0,"texture":"#0","tintindex":0},"north":{"uv":[0.0,0.0,0.0,1.375],"rotation":0,"texture":"#0","tintindex":0},"south":{"uv":[0.0,0.0,0.0,1.375],"rotation":0,"texture":"#0","tintindex":0},"up":{"uv":[0.0,1.0,0.0,0.0],"rotation":0,"texture":"#0","tintindex":0},"west":{"uv":[0.0,2.875,1.0,4.25],"rotation":0,"texture":"#0","tintindex":0}}}],"display":{"head":{"translation":[0.0,-6.4,0.0],"rotation":[0.0,0.0,0.0],"scale":[3.8095,3.8095,3.8095]}}}