{
	"credit": "Made with Blockbench",
	"texture_size": [32, 32],
	"textures": {
		"0": "item/bow0/animation-1",
		"1": "item/bow0/texture",
		"2": "block/bow0/texture2",
		"particle": "item/bow0/animation-1"
	},
	"elements": [
		{
			"from": [7.2675, 4.98, 10.05495],
			"to": [8.6675, 10.58, 11.45495],
			"rotation": {"angle": 0, "axis": "y", "origin": [8, 8, 8]},
			"faces": {
				"north": {"uv": [2.75, 4.516, 2.016, 7.25], "texture": "#0"},
				"east": {"uv": [1.75, 4.516, 1.016, 7.25], "texture": "#0"},
				"south": {"uv": [0.75, 4.516, 0.016, 7.25], "texture": "#0"},
				"west": {"uv": [1.016, 4.516, 1.75, 7.25], "texture": "#0"},
				"up": {"uv": [10.75, 3.016, 10.016, 3.75], "texture": "#0"},
				"down": {"uv": [4.75, 10.75, 4.016, 10.016], "texture": "#0"}
			}
		},
		{
			"from": [7.2675, 9.13518, 11.02498],
			"to": [8.6675, 10.25518, 12.42498],
			"rotation": {"angle": -22.5, "axis": "x", "origin": [8, 8, 8]},
			"faces": {
				"north": {"uv": [11.25, 11.016, 10.516, 11.484], "texture": "#0"},
				"east": {"uv": [11.75, 10.016, 11.016, 10.484], "texture": "#0"},
				"south": {"uv": [10.25, 11.016, 9.516, 11.484], "texture": "#0"},
				"west": {"uv": [11.75, 10.516, 11.016, 10.984], "texture": "#0"},
				"up": {"uv": [10.75, 8.016, 10.016, 8.75], "texture": "#0"},
				"down": {"uv": [9.75, 10.75, 9.016, 10.016], "texture": "#0"}
			}
		},
		{
			"from": [7.1275, 8.51961, 11.03062],
			"to": [8.8075, 12.71961, 12.71062],
			"rotation": {"angle": -45, "axis": "x", "origin": [8, 8, 8]},
			"faces": {
				"north": {"uv": [8.75, 0.016, 8.016, 1.984], "texture": "#0"},
				"east": {"uv": [8.75, 0.016, 8.016, 1.984], "texture": "#0"},
				"south": {"uv": [8.75, 0.016, 8.016, 1.984], "texture": "#0"},
				"west": {"uv": [8.75, 0.016, 8.016, 1.984], "texture": "#0"},
				"up": {"uv": [0.75, 10.516, 0.016, 11.25], "texture": "#0"},
				"down": {"uv": [1.75, 11.25, 1.016, 10.516], "texture": "#0"}
			}
		},
		{
			"from": [8.0325, 12.18767, 1.23479],
			"to": [8.0325, 20.58767, 9.17979],
			"rotation": {"angle": 22.5, "axis": "x", "origin": [8.0325, 13.98767, 5.20729]},
			"faces": {
				"north": {"uv": [0.016, 0.016, 0.016, 4.25], "texture": "#1"},
				"east": {"uv": [3.984, 0.016, 0.016, 4.25], "texture": "#1"},
				"south": {"uv": [0.016, 0.016, 0.016, 4.25], "texture": "#1"},
				"west": {"uv": [0.016, 0.016, 3.984, 4.25], "texture": "#1"},
				"up": {"uv": [0.016, 0.016, 0.016, 3.984], "texture": "#1"},
				"down": {"uv": [0.016, 3.984, 0.016, 0.016], "texture": "#1"}
			}
		},
		{
			"from": [8.0325, 18.41517, 8.70729],
			"to": [8.0325, 26.36017, 17.10729],
			"rotation": {"angle": 0, "axis": "y", "origin": [8.0325, 13.98767, 5.20729]},
			"faces": {
				"north": {"uv": [0.016, 3.984, 0.016, 0.016], "rotation": 180, "texture": "#1"},
				"east": {"uv": [0, 14.5, 3.968, 10.266], "rotation": 90, "texture": "#1"},
				"south": {"uv": [0.016, 0.016, 0.016, 3.984], "texture": "#1"},
				"west": {"uv": [0, 10.266, 3.968, 14.5], "rotation": 90, "texture": "#1"},
				"up": {"uv": [0.016, 0.016, 0.016, 4.25], "rotation": 180, "texture": "#1"},
				"down": {"uv": [0.016, 0.016, 0.016, 4.25], "texture": "#1"}
			}
		},
		{
			"from": [8.0325, -4.58483, 8.23229],
			"to": [8.0325, 19.36017, 31.525],
			"rotation": {"angle": 0, "axis": "y", "origin": [8.0325, 13.98767, 5.20729]},
			"faces": {
				"north": {"uv": [0.016, 3.984, 0.016, 0.016], "rotation": 180, "texture": "#1"},
				"east": {"uv": [0, 11.64636, 11.9725, 0], "rotation": 90, "texture": "#2"},
				"south": {"uv": [0.016, 0.016, 0.016, 3.984], "texture": "#1"},
				"west": {"uv": [0, 0, 11.9725, 11.64636], "rotation": 90, "texture": "#2"},
				"up": {"uv": [0.016, 0.016, 0.016, 4.25], "rotation": 180, "texture": "#1"},
				"down": {"uv": [0.016, 0.016, 0.016, 4.25], "texture": "#1"}
			}
		},
		{
			"from": [8.0325, -10.36017, 8.70729],
			"to": [8.0325, -2.41517, 17.10729],
			"rotation": {"angle": 0, "axis": "y", "origin": [8.0325, 2.01233, 5.20729]},
			"faces": {
				"north": {"uv": [0.016, 0.016, 0.016, 3.984], "rotation": 180, "texture": "#1"},
				"east": {"uv": [3.968, 14.5, 0, 10.266], "rotation": 90, "texture": "#1"},
				"south": {"uv": [0.016, 3.984, 0.016, 0.016], "texture": "#1"},
				"west": {"uv": [3.968, 10.266, 0, 14.5], "rotation": 90, "texture": "#1"},
				"up": {"uv": [0.016, 4.25, 0.016, 0.016], "texture": "#1"},
				"down": {"uv": [0.016, 4.25, 0.016, 0.016], "rotation": 180, "texture": "#1"}
			}
		},
		{
			"from": [8.0325, 5.81517, 5.40729],
			"to": [8.0325, 13.76017, 13.80729],
			"rotation": {"angle": -45, "axis": "x", "origin": [8.0325, 9.78767, 9.60729]},
			"faces": {
				"north": {"uv": [0.016, 3.984, 0.016, 0.016], "rotation": 180, "texture": "#1"},
				"east": {"uv": [4.016, 4.234, 7.984, 0], "rotation": 90, "texture": "#1"},
				"south": {"uv": [0.016, 0.016, 0.016, 3.984], "texture": "#1"},
				"west": {"uv": [4.016, 0, 7.984, 4.234], "rotation": 90, "texture": "#1"},
				"up": {"uv": [0.016, 0.016, 0.016, 4.25], "rotation": 180, "texture": "#1"},
				"down": {"uv": [0.016, 0.016, 0.016, 4.25], "texture": "#1"}
			}
		},
		{
			"from": [6.9875, 5.2, 9.77495],
			"to": [8.9475, 6.04, 11.73495],
			"rotation": {"angle": 0, "axis": "y", "origin": [8, 8, 8]},
			"faces": {
				"north": {"uv": [11.484, 2.016, 10.516, 2.484], "texture": "#0"},
				"east": {"uv": [2.984, 10.516, 2.016, 10.984], "texture": "#0"},
				"south": {"uv": [11.484, 1.516, 10.516, 1.984], "texture": "#0"},
				"west": {"uv": [11.484, 2.516, 10.516, 2.984], "texture": "#0"},
				"up": {"uv": [8.984, 5.516, 8.016, 6.484], "texture": "#0"},
				"down": {"uv": [6.984, 8.984, 6.016, 8.016], "texture": "#0"}
			}
		},
		{
			"from": [6.9875, 10.02, 9.77495],
			"to": [8.9475, 10.86, 11.73495],
			"rotation": {"angle": 0, "axis": "y", "origin": [8, 8, 8]},
			"faces": {
				"north": {"uv": [2.984, 11.016, 2.016, 11.484], "texture": "#0"},
				"east": {"uv": [5.984, 10.516, 5.016, 10.984], "texture": "#0"},
				"south": {"uv": [3.984, 10.516, 3.016, 10.984], "texture": "#0"},
				"west": {"uv": [3.984, 11.016, 3.016, 11.484], "texture": "#0"},
				"up": {"uv": [8.984, 6.516, 8.016, 7.484], "texture": "#0"},
				"down": {"uv": [8.984, 8.484, 8.016, 7.516], "texture": "#0"}
			}
		},
		{
			"from": [6.8475, 7.89961, 10.75062],
			"to": [9.0875, 8.73961, 12.99062],
			"rotation": {"angle": -45, "axis": "x", "origin": [8, 8, 8]},
			"faces": {
				"north": {"uv": [4.984, 11.484, 4.016, 11.016], "texture": "#0"},
				"east": {"uv": [11.984, 3.984, 11.016, 3.516], "texture": "#0"},
				"south": {"uv": [11.984, 3.484, 11.016, 3.016], "texture": "#0"},
				"west": {"uv": [11.984, 4.484, 11.016, 4.016], "texture": "#0"},
				"up": {"uv": [8.984, 8.516, 8.016, 9.484], "texture": "#0"},
				"down": {"uv": [7.984, 9.484, 7.016, 8.516], "texture": "#0"}
			}
		},
		{
			"from": [6.7075, 12.15961, 10.61062],
			"to": [9.2275, 12.99961, 13.13062],
			"rotation": {"angle": -45, "axis": "x", "origin": [8, 8, 8]},
			"faces": {
				"north": {"uv": [11.25, 0.516, 10.016, 0.984], "texture": "#0"},
				"east": {"uv": [11.25, 0.016, 10.016, 0.484], "texture": "#0"},
				"south": {"uv": [8.25, 9.516, 7.016, 9.984], "texture": "#0"},
				"west": {"uv": [11.25, 1.016, 10.016, 1.484], "texture": "#0"},
				"up": {"uv": [5.25, 6.516, 4.016, 7.75], "texture": "#0"},
				"down": {"uv": [6.75, 7.75, 5.516, 6.516], "texture": "#0"}
			}
		},
		{
			"from": [6.9875, 14.78827, 5.86721],
			"to": [8.9475, 15.62827, 8.52721],
			"rotation": {"angle": 0, "axis": "y", "origin": [8, 8, 8]},
			"faces": {
				"north": {"uv": [8.984, 0.984, 8.016, 0.516], "rotation": 180, "texture": "#1"},
				"east": {"uv": [7.484, 7.516, 7.016, 8.75], "rotation": 270, "texture": "#1"},
				"south": {"uv": [8.984, 0.016, 8.016, 0.484], "texture": "#1"},
				"west": {"uv": [7.016, 7.516, 7.484, 8.75], "rotation": 90, "texture": "#1"},
				"up": {"uv": [6.984, 6.016, 6.016, 7.25], "rotation": 180, "texture": "#1"},
				"down": {"uv": [6.984, 4.516, 6.016, 5.75], "texture": "#1"}
			}
		},
		{
			"from": [7.4075, 12.89022, 12.0595],
			"to": [8.5275, 14.57022, 17.8195],
			"rotation": {"angle": -45, "axis": "x", "origin": [8, 8, 8]},
			"faces": {
				"north": {"uv": [7.926, 9.016, 7.691, 9.981], "texture": "#1"},
				"east": {"uv": [5.016, 9.016, 7.971, 9.981], "texture": "#1"},
				"south": {"uv": [5.066, 9.981, 5.201, 9.016], "rotation": 180, "texture": "#1"},
				"west": {"uv": [5.016, 9.981, 7.971, 9.016], "rotation": 180, "texture": "#1"},
				"up": {"uv": [7.971, 9.016, 5.016, 9.131], "rotation": 90, "texture": "#1"},
				"down": {"uv": [7.971, 9.891, 5.016, 9.981], "rotation": 270, "texture": "#1"}
			}
		},
		{
			"from": [7.6075, 17.76976, 10.19081],
			"to": [8.3275, 19.24976, 14.95081],
			"rotation": {"angle": 0, "axis": "y", "origin": [7.9675, 17.80976, 12.17081]},
			"faces": {
				"north": {"uv": [7.926, 9.016, 7.691, 9.981], "texture": "#1"},
				"east": {"uv": [7.396, 10.756, 5.016, 10.016], "rotation": 180, "texture": "#1"},
				"south": {"uv": [5.016, 10.756, 5.121, 10.016], "rotation": 180, "texture": "#1"},
				"west": {"uv": [5.016, 10.756, 7.396, 10.016], "rotation": 180, "texture": "#1"},
				"up": {"uv": [7.396, 10.016, 5.016, 10.151], "rotation": 90, "texture": "#1"},
				"down": {"uv": [5.016, 10.516, 7.396, 10.651], "rotation": 90, "texture": "#1"}
			}
		},
		{
			"from": [7.6075, -3.24976, 10.19081],
			"to": [8.3275, -1.76976, 14.95081],
			"rotation": {"angle": 0, "axis": "y", "origin": [7.9675, -1.80976, 12.17081]},
			"faces": {
				"north": {"uv": [7.926, 9.981, 7.691, 9.016], "texture": "#1"},
				"east": {"uv": [7.396, 10.016, 5.016, 10.756], "rotation": 180, "texture": "#1"},
				"south": {"uv": [5.016, 10.016, 5.121, 10.756], "rotation": 180, "texture": "#1"},
				"west": {"uv": [5.016, 10.016, 7.396, 10.756], "rotation": 180, "texture": "#1"},
				"up": {"uv": [7.396, 10.516, 5.016, 10.651], "rotation": 90, "texture": "#1"},
				"down": {"uv": [5.016, 10.016, 7.396, 10.151], "rotation": 90, "texture": "#1"}
			}
		},
		{
			"from": [6.8475, 13.4322, 6.36169],
			"to": [9.0875, 15.1122, 8.04169],
			"rotation": {"angle": 0, "axis": "y", "origin": [8, 8, 8]},
			"faces": {
				"north": {"uv": [9.984, 2.016, 9.016, 2.75], "rotation": 180, "texture": "#0"},
				"east": {"uv": [10.75, 9.016, 10.016, 9.75], "rotation": 90, "texture": "#0"},
				"south": {"uv": [9.984, 3.75, 9.016, 3.016], "texture": "#0"},
				"west": {"uv": [10.016, 9.016, 10.75, 9.75], "rotation": 270, "texture": "#0"},
				"up": {"uv": [9.984, 0.016, 9.016, 0.75], "texture": "#0"},
				"down": {"uv": [9.984, 1.016, 9.016, 1.75], "rotation": 180, "texture": "#0"}
			}
		},
		{
			"from": [7.2675, 5.74482, 11.02498],
			"to": [8.6675, 6.86482, 12.42498],
			"rotation": {"angle": 22.5, "axis": "x", "origin": [8, 8, 8]},
			"faces": {
				"north": {"uv": [11.25, 11.484, 10.516, 11.016], "texture": "#0"},
				"east": {"uv": [11.75, 10.484, 11.016, 10.016], "texture": "#0"},
				"south": {"uv": [10.25, 11.484, 9.516, 11.016], "texture": "#0"},
				"west": {"uv": [11.75, 10.984, 11.016, 10.516], "texture": "#0"},
				"up": {"uv": [9.75, 10.016, 9.016, 10.75], "texture": "#0"},
				"down": {"uv": [10.75, 8.75, 10.016, 8.016], "texture": "#0"}
			}
		},
		{
			"from": [6.8475, 7.26039, 10.75062],
			"to": [9.0875, 8.10039, 12.99062],
			"rotation": {"angle": 45, "axis": "x", "origin": [8, 8, 8]},
			"faces": {
				"north": {"uv": [4.984, 11.016, 4.016, 11.484], "texture": "#0"},
				"east": {"uv": [11.984, 3.516, 11.016, 3.984], "texture": "#0"},
				"south": {"uv": [11.984, 3.016, 11.016, 3.484], "texture": "#0"},
				"west": {"uv": [11.984, 4.016, 11.016, 4.484], "texture": "#0"},
				"up": {"uv": [7.984, 8.516, 7.016, 9.484], "texture": "#0"},
				"down": {"uv": [8.984, 9.484, 8.016, 8.516], "texture": "#0"}
			}
		},
		{
			"from": [6.7075, 3.00039, 10.61062],
			"to": [9.2275, 3.84039, 13.13062],
			"rotation": {"angle": 45, "axis": "x", "origin": [8, 8, 8]},
			"faces": {
				"north": {"uv": [11.25, 0.984, 10.016, 0.516], "texture": "#0"},
				"east": {"uv": [11.25, 0.484, 10.016, 0.016], "texture": "#0"},
				"south": {"uv": [8.25, 9.984, 7.016, 9.516], "texture": "#0"},
				"west": {"uv": [11.25, 1.484, 10.016, 1.016], "texture": "#0"},
				"up": {"uv": [6.75, 6.516, 5.516, 7.75], "texture": "#0"},
				"down": {"uv": [5.25, 7.75, 4.016, 6.516], "texture": "#0"}
			}
		},
		{
			"from": [6.8475, 0.8878, 6.36169],
			"to": [9.0875, 2.5678, 8.04169],
			"rotation": {"angle": 0, "axis": "y", "origin": [8, 8, 8]},
			"faces": {
				"north": {"uv": [9.984, 2.75, 9.016, 2.016], "rotation": 180, "texture": "#0"},
				"east": {"uv": [10.016, 9.016, 10.75, 9.75], "rotation": 90, "texture": "#0"},
				"south": {"uv": [9.984, 3.016, 9.016, 3.75], "texture": "#0"},
				"west": {"uv": [10.75, 9.016, 10.016, 9.75], "rotation": 270, "texture": "#0"},
				"up": {"uv": [9.984, 1.75, 9.016, 1.016], "rotation": 180, "texture": "#0"},
				"down": {"uv": [9.984, 0.75, 9.016, 0.016], "texture": "#0"}
			}
		},
		{
			"from": [6.9875, 0.37173, 5.86721],
			"to": [8.9475, 1.21173, 8.52721],
			"rotation": {"angle": 0, "axis": "y", "origin": [8, 8, 8]},
			"faces": {
				"north": {"uv": [8.984, 0.516, 8.016, 0.984], "rotation": 180, "texture": "#1"},
				"east": {"uv": [7.016, 7.516, 7.484, 8.75], "rotation": 270, "texture": "#1"},
				"south": {"uv": [8.984, 0.484, 8.016, 0.016], "texture": "#1"},
				"west": {"uv": [7.484, 7.516, 7.016, 8.75], "rotation": 90, "texture": "#1"},
				"up": {"uv": [6.984, 5.75, 6.016, 4.516], "texture": "#1"},
				"down": {"uv": [6.984, 7.25, 6.016, 6.016], "rotation": 180, "texture": "#1"}
			}
		},
		{
			"from": [7.4075, 1.42978, 12.0595],
			"to": [8.5275, 3.10978, 17.8195],
			"rotation": {"angle": 45, "axis": "x", "origin": [8, 8, 8]},
			"faces": {
				"north": {"uv": [7.926, 9.981, 7.691, 9.016], "texture": "#1"},
				"east": {"uv": [5.016, 9.981, 7.971, 9.016], "texture": "#1"},
				"south": {"uv": [5.066, 9.016, 5.201, 9.981], "rotation": 180, "texture": "#1"},
				"west": {"uv": [5.016, 9.016, 7.971, 9.981], "rotation": 180, "texture": "#1"},
				"up": {"uv": [5.016, 9.891, 7.971, 9.981], "rotation": 270, "texture": "#1"},
				"down": {"uv": [5.016, 9.016, 7.971, 9.131], "rotation": 90, "texture": "#1"}
			}
		},
		{
			"from": [7.1275, 3.28039, 11.03062],
			"to": [8.8075, 7.48039, 12.71062],
			"rotation": {"angle": 45, "axis": "x", "origin": [8, 8, 8]},
			"faces": {
				"north": {"uv": [8.75, 1.984, 8.016, 0.016], "texture": "#0"},
				"east": {"uv": [8.75, 1.984, 8.016, 0.016], "texture": "#0"},
				"south": {"uv": [8.75, 1.984, 8.016, 0.016], "texture": "#0"},
				"west": {"uv": [8.75, 1.984, 8.016, 0.016], "texture": "#0"},
				"up": {"uv": [1.75, 10.516, 1.016, 11.25], "texture": "#0"},
				"down": {"uv": [0.75, 11.25, 0.016, 10.516], "texture": "#0"}
			}
		},
		{
			"from": [8.0325, -4.58767, 1.23479],
			"to": [8.0325, 3.81233, 9.17979],
			"rotation": {"angle": -22.5, "axis": "x", "origin": [8.0325, 2.01233, 5.20729]},
			"faces": {
				"north": {"uv": [0.016, 4.25, 0.016, 0.016], "texture": "#1"},
				"east": {"uv": [3.984, 4.25, 0.016, 0.016], "texture": "#1"},
				"south": {"uv": [0.016, 4.25, 0.016, 0.016], "texture": "#1"},
				"west": {"uv": [0.016, 4.25, 3.984, 0.016], "texture": "#1"},
				"up": {"uv": [0.016, 0.016, 0.016, 3.984], "texture": "#1"},
				"down": {"uv": [0.016, 3.984, 0.016, 0.016], "texture": "#1"}
			}
		},
		{
			"from": [8.0325, 2.23983, 5.40729],
			"to": [8.0325, 10.18483, 13.80729],
			"rotation": {"angle": 45, "axis": "x", "origin": [8.0325, 6.21233, 9.60729]},
			"faces": {
				"north": {"uv": [0.016, 0.016, 0.016, 3.984], "rotation": 180, "texture": "#1"},
				"east": {"uv": [7.984, 4.234, 4.016, 0], "rotation": 90, "texture": "#1"},
				"south": {"uv": [0.016, 3.984, 0.016, 0.016], "texture": "#1"},
				"west": {"uv": [7.984, 0, 4.016, 4.234], "rotation": 90, "texture": "#1"},
				"up": {"uv": [0.016, 4.25, 0.016, 0.016], "texture": "#1"},
				"down": {"uv": [0.016, 4.25, 0.016, 0.016], "rotation": 180, "texture": "#1"}
			}
		},
		{
			"from": [7.2675, 5.74482, 11.02498],
			"to": [8.6675, 6.86482, 12.42498],
			"rotation": {"angle": 22.5, "axis": "x", "origin": [8, 8, 8]},
			"faces": {
				"north": {"uv": [11.25, 11.484, 10.516, 11.016], "texture": "#0"},
				"east": {"uv": [11.75, 10.484, 11.016, 10.016], "texture": "#0"},
				"south": {"uv": [10.25, 11.484, 9.516, 11.016], "texture": "#0"},
				"west": {"uv": [11.75, 10.984, 11.016, 10.516], "texture": "#0"},
				"up": {"uv": [9.75, 10.016, 9.016, 10.75], "texture": "#0"},
				"down": {"uv": [10.75, 8.75, 10.016, 8.016], "texture": "#0"}
			}
		}
	],
	"gui_light": "front",
	"display": {
		"thirdperson_righthand": {
			"translation": [0, -2.25, -1.5],
			"scale": [1.08, 1.08, 1.08]
		},
		"thirdperson_lefthand": {
			"translation": [0, -2.25, -1.5],
			"scale": [1.08, 1.08, 1.08]
		},
		"firstperson_righthand": {
			"translation": [0.5, 5, 0]
		},
		"firstperson_lefthand": {
			"translation": [0.5, 5, 0]
		},
		"ground": {
			"rotation": [0, 0, 35],
			"scale": [0.5, 0.5, 0.5]
		},
		"gui": {
			"rotation": [90, 50.5, -85],
			"translation": [-1.5, 1, 0],
			"scale": [0.77, 0.77, 0.77]
		},
		"fixed": {
			"rotation": [0, -88, 0],
			"translation": [3.5, 0.75, -3.25],
			"scale": [1.73, 1.73, 1.73]
		}
	}
}