{"textures":{"0":"modelengine:entity/mso_twinkler"},"elements":[{"name":"cube","from":[6.2,7.925,2.7649996],"to":[9.8,10.325001,7.925],"rotation":{"angle":0.0,"axis":"x","origin":[5.615,4.325,4.325]},"faces":{"down":{"uv":[6.5,2.125,5.75,3.25],"rotation":0,"texture":"#0","tintindex":0},"east":{"uv":[6.25,0.0,7.375,0.5],"rotation":0,"texture":"#0","tintindex":0},"north":{"uv":[7.25,5.25,8.0,5.75],"rotation":0,"texture":"#0","tintindex":0},"south":{"uv":[7.375,0.0,8.125,0.5],"rotation":0,"texture":"#0","tintindex":0},"up":{"uv":[6.5,2.125,5.75,1.0],"rotation":0,"texture":"#0","tintindex":0},"west":{"uv":[6.25,0.5,7.375,1.0],"rotation":0,"texture":"#0","tintindex":0}}},{"name":"cube","from":[6.2,7.325,2.7649996],"to":[6.2,7.925,7.925],"rotation":{"angle":0.0,"axis":"x","origin":[5.615,4.325,4.325]},"faces":{"down":{"uv":[0.0,0.0,0.0,1.125],"rotation":0,"texture":"#0","tintindex":0},"east":{"uv":[7.5,3.875,8.625,4.0],"rotation":0,"texture":"#0","tintindex":0},"north":{"uv":[0.0,0.0,0.0,0.125],"rotation":0,"texture":"#0","tintindex":0},"south":{"uv":[0.0,0.0,0.0,0.125],"rotation":0,"texture":"#0","tintindex":0},"up":{"uv":[0.0,1.125,0.0,0.0],"rotation":0,"texture":"#0","tintindex":0},"west":{"uv":[7.25,5.875,8.375,6.0],"rotation":0,"texture":"#0","tintindex":0}}},{"name":"cube","from":[6.2,7.325,2.7649996],"to":[9.8,7.925,2.7649996],"rotation":{"angle":0.0,"axis":"x","origin":[5.615,4.325,4.325]},"faces":{"down":{"uv":[0.75,0.0,0.0,0.0],"rotation":0,"texture":"#0","tintindex":0},"east":{"uv":[0.0,0.0,0.0,0.125],"rotation":0,"texture":"#0","tintindex":0},"north":{"uv":[7.0,7.625,7.75,7.75],"rotation":0,"texture":"#0","tintindex":0},"south":{"uv":[7.0,7.625,7.75,7.75],"rotation":0,"texture":"#0","tintindex":0},"up":{"uv":[0.75,0.0,0.0,0.0],"rotation":0,"texture":"#0","tintindex":0},"west":{"uv":[0.0,0.0,0.0,0.125],"rotation":0,"texture":"#0","tintindex":0}}},{"name":"cube","from":[9.8,7.325,2.7649996],"to":[9.8,7.925,7.925],"rotation":{"angle":0.0,"axis":"x","origin":[5.615,4.325,4.325]},"faces":{"down":{"uv":[0.0,0.0,0.0,1.125],"rotation":0,"texture":"#0","tintindex":0},"east":{"uv":[7.5,3.875,8.625,4.0],"rotation":0,"texture":"#0","tintindex":0},"north":{"uv":[0.0,0.0,0.0,0.125],"rotation":0,"texture":"#0","tintindex":0},"south":{"uv":[0.0,0.0,0.0,0.125],"rotation":0,"texture":"#0","tintindex":0},"up":{"uv":[0.0,1.125,0.0,0.0],"rotation":0,"texture":"#0","tintindex":0},"west":{"uv":[8.625,3.875,7.5,4.0],"rotation":0,"texture":"#0","tintindex":0}}}],"display":{"head":{"translation":[0.0,-6.4,0.0],"rotation":[0.0,0.0,0.0],"scale":[3.8095,3.8095,3.8095]}}}