{"textures":{"0":"modelengine:entity/mso_twinkler"},"elements":[{"name":"cube","from":[6.8,3.7999997,6.8],"to":[9.2,8.6,9.2],"rotation":{"angle":0.0,"axis":"x","origin":[6.815,5.0,8.0]},"faces":{"down":{"uv":[6.0,7.5,5.5,8.0],"rotation":0,"texture":"#0","tintindex":0},"east":{"uv":[0.5,6.75,1.0,7.75],"rotation":0,"texture":"#0","tintindex":0},"north":{"uv":[0.0,6.75,0.5,7.75],"rotation":0,"texture":"#0","tintindex":0},"south":{"uv":[1.0,6.75,1.5,7.75],"rotation":0,"texture":"#0","tintindex":0},"up":{"uv":[8.0,3.875,7.5,3.375],"rotation":0,"texture":"#0","tintindex":0},"west":{"uv":[4.5,6.75,5.0,7.75],"rotation":0,"texture":"#0","tintindex":0}}}],"display":{"head":{"translation":[0.0,-6.4,0.0],"rotation":[0.0,0.0,0.0],"scale":[3.8095,3.8095,3.8095]}}}