{"textures":{"0":"modelengine:entity/mso_twinkler"},"elements":[{"name":"cube","from":[6.785,6.665,8.179999],"to":[9.185,9.065,12.98],"rotation":{"angle":0.0,"axis":"x","origin":[5.5099998,5.4649997,8.179999]},"faces":{"down":{"uv":[7.0,3.0,6.5,4.0],"rotation":0,"texture":"#0","tintindex":0},"east":{"uv":[6.5,2.0,7.5,2.5],"rotation":0,"texture":"#0","tintindex":0},"north":{"uv":[7.5,1.375,8.0,1.875],"rotation":0,"texture":"#0","tintindex":0},"south":{"uv":[7.5,1.875,8.0,2.375],"rotation":0,"texture":"#0","tintindex":0},"up":{"uv":[3.0,7.5,2.5,6.5],"rotation":0,"texture":"#0","tintindex":0},"west":{"uv":[6.5,2.5,7.5,3.0],"rotation":0,"texture":"#0","tintindex":0}}}],"display":{"head":{"translation":[0.0,-6.4,0.0],"rotation":[0.0,0.0,0.0],"scale":[3.8095,3.8095,3.8095]}}}