{"textures":{"0":"modelengine:entity/mso_twinkler"},"elements":[{"name":"cube","from":[6.9049997,7.8949995,7.13],"to":[9.065,10.055,14.09],"rotation":{"angle":-45.0,"axis":"x","origin":[7.97,8.975,9.41]},"faces":{"down":{"uv":[2.0,6.25,1.5,7.75],"rotation":0,"texture":"#0","tintindex":0},"east":{"uv":[5.5,6.0,7.0,6.5],"rotation":0,"texture":"#0","tintindex":0},"north":{"uv":[2.0,7.5,2.5,8.0],"rotation":0,"texture":"#0","tintindex":0},"south":{"uv":[7.5,2.375,8.0,2.875],"rotation":0,"texture":"#0","tintindex":0},"up":{"uv":[3.5,7.625,3.0,6.125],"rotation":0,"texture":"#0","tintindex":0},"west":{"uv":[0.0,6.25,1.5,6.75],"rotation":0,"texture":"#0","tintindex":0}}}],"display":{"head":{"translation":[0.0,-6.4,0.0],"rotation":[0.0,0.0,0.0],"scale":[3.8095,3.8095,3.8095]}}}