{"textures":{"0":"modelengine:entity/ecnpcs_demon_mage"},"elements":[{"from":[4.5714283,5.142857,5.714286],"to":[11.428572,8.571428,10.285714],"rotation":{"angle":0.0,"axis":"y","origin":[8.0,-5.714287,8.0]},"faces":{"east":{"uv":[10.625,5.375,11.125,6.125],"rotation":0,"texture":"#0","tintindex":0},"south":{"uv":[9.5,2.0,10.25,2.75],"rotation":0,"texture":"#0","tintindex":0},"north":{"uv":[8.625,3.0,9.375,3.75],"rotation":0,"texture":"#0","tintindex":0},"west":{"uv":[8.0,5.5,8.5,6.25],"rotation":0,"texture":"#0","tintindex":0},"up":{"uv":[9.625,1.0,8.875,0.0],"rotation":0,"texture":"#0","tintindex":0},"down":{"uv":[9.625,1.0,8.875,2.0],"rotation":0,"texture":"#0","tintindex":0}}},{"from":[4.0,7.5227337,3.8707128],"to":[12.0,10.379877,9.584999],"rotation":{"angle":-22.5,"axis":"x","origin":[8.0,10.951305,7.2992845]},"faces":{"east":{"uv":[10.625,0.875,11.25,1.5],"rotation":0,"texture":"#0","tintindex":0},"south":{"uv":[9.625,0.0,10.5,0.625],"rotation":0,"texture":"#0","tintindex":0},"north":{"uv":[9.375,3.0,10.25,3.625],"rotation":0,"texture":"#0","tintindex":0},"west":{"uv":[10.0,5.375,10.625,6.0],"rotation":0,"texture":"#0","tintindex":0},"up":{"uv":[8.875,1.25,8.0,0.0],"rotation":0,"texture":"#0","tintindex":0},"down":{"uv":[8.875,1.25,8.0,2.5],"rotation":0,"texture":"#0","tintindex":0}}},{"from":[5.142857,9.808449,7.2992845],"to":[10.857143,13.2370205,11.870713],"rotation":{"angle":22.5,"axis":"x","origin":[8.0,10.951305,7.2992845]},"faces":{"east":{"uv":[10.0,6.0,10.5,6.75],"rotation":0,"texture":"#0","tintindex":0},"south":{"uv":[10.125,4.625,10.75,5.375],"rotation":0,"texture":"#0","tintindex":0},"north":{"uv":[9.5,4.625,10.125,5.375],"rotation":0,"texture":"#0","tintindex":0},"west":{"uv":[10.5,6.125,11.0,6.875],"rotation":0,"texture":"#0","tintindex":0},"up":{"uv":[9.5,3.0,8.875,2.0],"rotation":0,"texture":"#0","tintindex":0},"down":{"uv":[8.625,2.5,8.0,3.5],"rotation":0,"texture":"#0","tintindex":0}}},{"from":[5.714286,2.8571424,6.285714],"to":[10.285714,5.142857,9.714286],"rotation":{"angle":0.0,"axis":"y","origin":[8.0,-5.714287,8.0]},"faces":{"east":{"uv":[8.875,8.125,9.25,8.625],"rotation":0,"texture":"#0","tintindex":0},"south":{"uv":[8.5625,7.375,9.0625,7.875],"rotation":0,"texture":"#0","tintindex":0},"north":{"uv":[11.625,0.0,12.125,0.5],"rotation":0,"texture":"#0","tintindex":0},"west":{"uv":[9.25,8.125,9.625,8.625],"rotation":0,"texture":"#0","tintindex":0},"up":{"uv":[11.25,2.25,10.75,1.5],"rotation":0,"texture":"#0","tintindex":0},"down":{"uv":[11.25,2.25,10.75,3.0],"rotation":0,"texture":"#0","tintindex":0}}},{"from":[5.714286,-1.7142859,8.0],"to":[10.285714,2.8571424,9.714286],"rotation":{"angle":-22.5,"axis":"x","origin":[8.0,4.0,8.0]},"faces":{"east":{"uv":[8.0,8.25,8.1875,9.25],"rotation":0,"texture":"#0","tintindex":0},"south":{"uv":[8.5,3.75,9.0,4.75],"rotation":0,"texture":"#0","tintindex":0},"north":{"uv":[9.375,3.625,9.875,4.625],"rotation":0,"texture":"#0","tintindex":0},"west":{"uv":[11.0625,8.25,11.25,9.25],"rotation":0,"texture":"#0","tintindex":0},"up":{"uv":[12.625,0.375,12.125,0.0],"rotation":0,"texture":"#0","tintindex":0},"down":{"uv":[12.5,8.25,12.0,8.625],"rotation":0,"texture":"#0","tintindex":0}}},{"from":[9.142858,2.9714284,6.0],"to":[13.714286,5.8285713,10.0],"rotation":{"angle":-45.0,"axis":"z","origin":[8.0,4.685714,8.0]},"faces":{"east":{"uv":[11.3125,5.625,11.75,6.25],"rotation":0,"texture":"#0","tintindex":0},"south":{"uv":[11.125,5.0,11.625,5.625],"rotation":0,"texture":"#0","tintindex":0},"north":{"uv":[11.125,0.0,11.625,0.625],"rotation":0,"texture":"#0","tintindex":0},"west":{"uv":[11.3125,6.25,11.75,6.875],"rotation":0,"texture":"#0","tintindex":0},"up":{"uv":[9.0,5.625,8.5,4.75],"rotation":0,"texture":"#0","tintindex":0},"down":{"uv":[10.875,3.625,10.375,4.5],"rotation":0,"texture":"#0","tintindex":0}}},{"from":[2.2857141,2.9714284,6.0],"to":[6.857143,5.8285713,10.0],"rotation":{"angle":45.0,"axis":"z","origin":[8.0,4.685714,8.0]},"faces":{"east":{"uv":[9.875,6.75,10.3125,7.375],"rotation":0,"texture":"#0","tintindex":0},"south":{"uv":[11.25,1.25,11.75,1.875],"rotation":0,"texture":"#0","tintindex":0},"north":{"uv":[11.25,0.625,11.75,1.25],"rotation":0,"texture":"#0","tintindex":0},"west":{"uv":[10.3125,6.875,10.75,7.5],"rotation":0,"texture":"#0","tintindex":0},"up":{"uv":[11.125,0.875,10.625,0.0],"rotation":0,"texture":"#0","tintindex":0},"down":{"uv":[10.0,5.375,9.5,6.25],"rotation":0,"texture":"#0","tintindex":0}}}],"display":{"head":{"translation":[0.0,-6.4,0.0],"scale":[4.0,4.0,4.0]}}}