{"textures":{"0":"modelengine:entity/ecnpcs_demon_mage"},"elements":[{"from":[6.5714283,6.0,7.428571],"to":[9.428572,10.0,8.571428],"rotation":{"angle":0.0,"axis":"y","origin":[7.142857,11.714286,9.142858]},"faces":{"east":{"uv":[10.75,4.5,10.875,5.375],"rotation":0,"texture":"#0","tintindex":0},"south":{"uv":[11.625,3.625,11.9375,4.5],"rotation":0,"texture":"#0","tintindex":0},"north":{"uv":[9.375,7.25,9.6875,8.125],"rotation":0,"texture":"#0","tintindex":0},"west":{"uv":[11.25,9.125,11.375,10.0],"rotation":0,"texture":"#0","tintindex":0},"up":{"uv":[13.0625,1.25,12.75,1.0],"rotation":0,"texture":"#0","tintindex":0},"down":{"uv":[13.0625,1.25,12.75,1.5],"rotation":0,"texture":"#0","tintindex":0}}}],"display":{"head":{"translation":[0.0,-6.4,0.0],"scale":[4.0,4.0,4.0]}}}