{"textures":{"0":"modelengine:entity/ecnpcs_demon_mage"},"elements":[{"from":[5.714286,2.7252865,8.275383],"to":[10.285714,7.2967153,9.989669],"rotation":{"angle":22.5,"axis":"x","origin":[8.0,8.439572,9.989669]},"faces":{"east":{"uv":[10.6875,8.125,10.875,9.125],"rotation":0,"texture":"#0","tintindex":0},"south":{"uv":[8.0,3.5,8.5,4.5],"rotation":0,"texture":"#0","tintindex":0},"north":{"uv":[9.625,0.625,10.125,1.625],"rotation":0,"texture":"#0","tintindex":0},"west":{"uv":[10.875,8.125,11.0625,9.125],"rotation":0,"texture":"#0","tintindex":0},"up":{"uv":[10.125,2.0,9.625,1.625],"rotation":0,"texture":"#0","tintindex":0},"down":{"uv":[12.5,1.125,12.0,1.5],"rotation":0,"texture":"#0","tintindex":0}}}],"display":{"head":{"translation":[0.0,-6.4,0.0],"scale":[4.0,4.0,4.0]}}}