{"textures":{"0":"modelengine:entity/mso_vfx_spiketexture"},"elements":[{"name":"cube","from":[7.094,4.694,7.094],"to":[8.906,11.306001,8.906],"rotation":{"angle":0.0,"axis":"x","origin":[7.7,-21.7,7.7]},"faces":{"down":{"uv":[8.75,0.75,8.0,1.5],"rotation":0,"texture":"#0","tintindex":0},"east":{"uv":[4.75,7.25,5.5,10.0],"rotation":0,"texture":"#0","tintindex":0},"north":{"uv":[4.0,7.25,4.75,10.0],"rotation":0,"texture":"#0","tintindex":0},"south":{"uv":[5.5,7.25,6.25,10.0],"rotation":0,"texture":"#0","tintindex":0},"up":{"uv":[8.75,0.75,8.0,0.0],"rotation":0,"texture":"#0","tintindex":0},"west":{"uv":[6.25,7.25,7.0,10.0],"rotation":0,"texture":"#0","tintindex":0}}}],"display":{"head":{"translation":[0.0,-6.4,0.0],"rotation":[0.0,0.0,0.0],"scale":[3.8095,3.8095,3.8095]}}}