{"textures":{"0":"modelengine:entity/mso_vfx_spiketexture"},"elements":[{"name":"cube","from":[7.1,4.7,7.1],"to":[8.9,11.3,8.9],"rotation":{"angle":0.0,"axis":"x","origin":[7.7,-15.100001,7.7]},"faces":{"down":{"uv":[8.5,6.5,7.75,7.25],"rotation":0,"texture":"#0","tintindex":0},"east":{"uv":[7.0,4.5,7.75,7.25],"rotation":0,"texture":"#0","tintindex":0},"north":{"uv":[2.5,6.5,3.25,9.25],"rotation":0,"texture":"#0","tintindex":0},"south":{"uv":[7.25,0.0,8.0,2.75],"rotation":0,"texture":"#0","tintindex":0},"up":{"uv":[6.75,5.25,6.0,4.5],"rotation":0,"texture":"#0","tintindex":0},"west":{"uv":[3.25,7.25,4.0,10.0],"rotation":0,"texture":"#0","tintindex":0}}}],"display":{"head":{"translation":[0.0,-6.4,0.0],"rotation":[0.0,0.0,0.0],"scale":[3.8095,3.8095,3.8095]}}}