{
	"credit": "Made with Blockbench",
	"texture_size": [32, 32],
	"textures": {
		"0": "item/pickaxe/animation-1",
		"1": "item/pickaxe/texture",
		"particle": "item/pickaxe/animation-1"
	},
	"elements": [
		{
			"from": [7.28, 1.08, 7.3],
			"to": [8.68, 6.68, 8.7],
			"rotation": {"angle": 0, "axis": "y", "origin": [7.98, 8.22, 8]},
			"faces": {
				"north": {"uv": [0.016, 4.516, 0.75, 7.25], "texture": "#0"},
				"east": {"uv": [1.016, 4.516, 1.75, 7.25], "texture": "#0"},
				"south": {"uv": [2.016, 4.516, 2.75, 7.25], "texture": "#0"},
				"west": {"uv": [1.75, 4.516, 1.016, 7.25], "texture": "#0"},
				"up": {"uv": [10.75, 3.75, 10.016, 3.016], "texture": "#0"},
				"down": {"uv": [4.75, 10.016, 4.016, 10.75], "texture": "#0"}
			}
		},
		{
			"from": [7.28, 6.82, 7.3],
			"to": [8.68, 7.94, 8.7],
			"rotation": {"angle": 0, "axis": "y", "origin": [7.98, 8.22, 8]},
			"faces": {
				"north": {"uv": [9.516, 11.016, 10.25, 11.484], "texture": "#0"},
				"east": {"uv": [11.016, 10.016, 11.75, 10.484], "texture": "#0"},
				"south": {"uv": [10.516, 11.016, 11.25, 11.484], "texture": "#0"},
				"west": {"uv": [11.016, 10.516, 11.75, 10.984], "texture": "#0"},
				"up": {"uv": [10.75, 8.75, 10.016, 8.016], "texture": "#0"},
				"down": {"uv": [9.75, 10.016, 9.016, 10.75], "texture": "#0"}
			}
		},
		{
			"from": [7.14, 8.22, 7.16],
			"to": [8.82, 12.42, 8.84],
			"rotation": {"angle": 0, "axis": "y", "origin": [7.98, 8.22, 8]},
			"faces": {
				"north": {"uv": [8.016, 0.016, 8.75, 1.984], "texture": "#0"},
				"east": {"uv": [8.016, 0.016, 8.75, 1.984], "texture": "#0"},
				"south": {"uv": [8.016, 0.016, 8.75, 1.984], "texture": "#0"},
				"west": {"uv": [8.016, 0.016, 8.75, 1.984], "texture": "#0"},
				"up": {"uv": [0.75, 11.25, 0.016, 10.516], "texture": "#0"},
				"down": {"uv": [1.75, 10.516, 1.016, 11.25], "texture": "#0"}
			}
		},
		{
			"from": [8.045, 8.31807, 7.56745],
			"to": [8.045, 16.71807, 15.51245],
			"rotation": {"angle": -22.5, "axis": "x", "origin": [8.0125, 13.0913, 12.06024]},
			"faces": {
				"north": {"uv": [0.016, 0.016, 0.016, 4.25], "texture": "#1"},
				"east": {"uv": [0.016, 0.016, 3.984, 4.25], "texture": "#1"},
				"south": {"uv": [0.016, 0.016, 0.016, 4.25], "texture": "#1"},
				"west": {"uv": [3.984, 0.016, 0.016, 4.25], "texture": "#1"},
				"up": {"uv": [0.016, 3.984, 0.016, 0.016], "texture": "#1"},
				"down": {"uv": [0.016, 0.016, 0.016, 3.984], "texture": "#1"}
			}
		},
		{
			"from": [8.045, 8.22, 0.24],
			"to": [8.045, 16.62, 8.185],
			"rotation": {"angle": 22.5, "axis": "x", "origin": [8.045, 12.42, 4.0625]},
			"faces": {
				"north": {"uv": [0.016, 0.016, 0.016, 4.25], "texture": "#1"},
				"east": {"uv": [3.984, 0.016, 0.016, 4.25], "texture": "#1"},
				"south": {"uv": [0.016, 0.016, 0.016, 4.25], "texture": "#1"},
				"west": {"uv": [0.016, 0.016, 3.984, 4.25], "texture": "#1"},
				"up": {"uv": [0.016, 0.016, 0.016, 3.984], "texture": "#1"},
				"down": {"uv": [0.016, 3.984, 0.016, 0.016], "texture": "#1"}
			}
		},
		{
			"from": [8.045, -2.1658, 7.09937],
			"to": [8.045, 4.7222, 13.61427],
			"rotation": {"angle": 22.5, "axis": "x", "origin": [8.045, 10.0982, 4.49382]},
			"faces": {
				"north": {"uv": [0.016, 0.016, 0.016, 4.25], "texture": "#1"},
				"east": {"uv": [16, 0, 12.032, 4.234], "texture": "#1"},
				"south": {"uv": [0.016, 0.016, 0.016, 4.25], "texture": "#1"},
				"west": {"uv": [12.032, 0, 16, 4.234], "texture": "#1"},
				"up": {"uv": [0.016, 0.016, 0.016, 3.984], "texture": "#1"},
				"down": {"uv": [0.016, 3.984, 0.016, 0.016], "texture": "#1"}
			}
		},
		{
			"from": [7, 1.5, 7.02],
			"to": [8.96, 2.34, 8.98],
			"rotation": {"angle": 0, "axis": "y", "origin": [7.98, 8.22, 8]},
			"faces": {
				"north": {"uv": [10.516, 1.516, 11.484, 1.984], "texture": "#0"},
				"east": {"uv": [2.016, 10.516, 2.984, 10.984], "texture": "#0"},
				"south": {"uv": [10.516, 2.016, 11.484, 2.484], "texture": "#0"},
				"west": {"uv": [10.516, 2.516, 11.484, 2.984], "texture": "#0"},
				"up": {"uv": [8.984, 6.484, 8.016, 5.516], "texture": "#0"},
				"down": {"uv": [6.984, 8.016, 6.016, 8.984], "texture": "#0"}
			}
		},
		{
			"from": [7, 6.12, 7.02],
			"to": [8.96, 6.96, 8.98],
			"rotation": {"angle": 0, "axis": "y", "origin": [7.98, 8.22, 8]},
			"faces": {
				"north": {"uv": [3.016, 10.516, 3.984, 10.984], "texture": "#0"},
				"east": {"uv": [5.016, 10.516, 5.984, 10.984], "texture": "#0"},
				"south": {"uv": [2.016, 11.016, 2.984, 11.484], "texture": "#0"},
				"west": {"uv": [3.016, 11.016, 3.984, 11.484], "texture": "#0"},
				"up": {"uv": [8.984, 7.484, 8.016, 6.516], "texture": "#0"},
				"down": {"uv": [8.984, 7.516, 8.016, 8.484], "texture": "#0"}
			}
		},
		{
			"from": [6.86, 7.6, 6.88],
			"to": [9.1, 8.44, 9.12],
			"rotation": {"angle": 0, "axis": "y", "origin": [7.98, 7.78, 8]},
			"faces": {
				"north": {"uv": [11.016, 3.484, 11.984, 3.016], "texture": "#0"},
				"east": {"uv": [11.016, 3.984, 11.984, 3.516], "texture": "#0"},
				"south": {"uv": [4.016, 11.484, 4.984, 11.016], "texture": "#0"},
				"west": {"uv": [11.016, 4.484, 11.984, 4.016], "texture": "#0"},
				"up": {"uv": [8.984, 9.484, 8.016, 8.516], "texture": "#0"},
				"down": {"uv": [7.984, 8.516, 7.016, 9.484], "texture": "#0"}
			}
		},
		{
			"from": [6.72, 11.86, 6.74],
			"to": [9.24, 12.7, 9.26],
			"rotation": {"angle": 0, "axis": "y", "origin": [7.98, 6.82, 8]},
			"faces": {
				"north": {"uv": [7.016, 9.516, 8.25, 9.984], "texture": "#0"},
				"east": {"uv": [10.016, 0.016, 11.25, 0.484], "texture": "#0"},
				"south": {"uv": [10.016, 0.516, 11.25, 0.984], "texture": "#0"},
				"west": {"uv": [10.016, 1.016, 11.25, 1.484], "texture": "#0"},
				"up": {"uv": [5.25, 7.75, 4.016, 6.516], "texture": "#0"},
				"down": {"uv": [6.75, 6.516, 5.516, 7.75], "texture": "#0"}
			}
		},
		{
			"from": [7, 12.42, 7.58],
			"to": [8.96, 15.08, 8.42],
			"rotation": {"angle": 0, "axis": "y", "origin": [7.98, 4.72, 8]},
			"faces": {
				"north": {"uv": [6.016, 4.516, 6.984, 5.75], "texture": "#1"},
				"east": {"uv": [7.016, 7.516, 7.484, 8.75], "texture": "#1"},
				"south": {"uv": [6.016, 6.016, 6.984, 7.25], "texture": "#1"},
				"west": {"uv": [7.484, 7.516, 7.016, 8.75], "texture": "#1"},
				"up": {"uv": [8.984, 0.484, 8.016, 0.016], "texture": "#1"},
				"down": {"uv": [8.984, 0.516, 8.016, 0.984], "texture": "#1"}
			}
		},
		{
			"from": [7.14, 12.7, 4.78],
			"to": [8.82, 14.94, 5.48],
			"rotation": {"angle": 0, "axis": "y", "origin": [7.98, 4.72, 8]},
			"faces": {
				"north": {"uv": [1.016, 7.516, 1.75, 8.484], "texture": "#1"},
				"east": {"uv": [8.516, 2.016, 8.75, 2.984], "texture": "#1"},
				"south": {"uv": [2.016, 7.516, 2.75, 8.484], "texture": "#1"},
				"west": {"uv": [8.75, 2.016, 8.516, 2.984], "texture": "#1"},
				"up": {"uv": [5.75, 8.75, 5.016, 8.516], "texture": "#1"},
				"down": {"uv": [9.25, 5.016, 8.516, 5.25], "texture": "#1"}
			}
		},
		{
			"from": [7.14, 12.7, 10.52],
			"to": [8.82, 14.94, 11.22],
			"rotation": {"angle": 0, "axis": "y", "origin": [7.98388, 13.36059, 12.06024]},
			"faces": {
				"north": {"uv": [3.016, 7.516, 3.75, 8.484], "texture": "#1"},
				"east": {"uv": [3.016, 8.516, 3.25, 9.484], "texture": "#1"},
				"south": {"uv": [4.016, 7.516, 4.75, 8.484], "texture": "#1"},
				"west": {"uv": [3.25, 8.516, 3.016, 9.484], "texture": "#1"},
				"up": {"uv": [9.25, 5.75, 8.516, 5.516], "texture": "#1"},
				"down": {"uv": [6.75, 8.516, 6.016, 8.75], "texture": "#1"}
			}
		},
		{
			"from": [7.28, 12.84, 3.52],
			"to": [8.68, 14.8, 7.72],
			"rotation": {"angle": 0, "axis": "y", "origin": [7.98, 4.72, 8]},
			"faces": {
				"north": {"uv": [1.841, 4.516, 1.984, 5.484], "texture": "#1"},
				"east": {"uv": [0.016, 4.516, 1.984, 5.484], "texture": "#1"},
				"south": {"uv": [1.016, 6.516, 1.75, 7.484], "texture": "#1"},
				"west": {"uv": [1.984, 4.516, 0.016, 5.484], "texture": "#1"},
				"up": {"uv": [1.98475, 4.516, 0.016, 4.666], "rotation": 90, "texture": "#1"},
				"down": {"uv": [0.016, 5.316, 1.98475, 5.466], "rotation": 90, "texture": "#1"}
			}
		},
		{
			"from": [7.42, 12.86256, 2.2805],
			"to": [8.54, 14.54256, 4.2405],
			"rotation": {"angle": -22.5, "axis": "x", "origin": [7.98, 13.56256, 3.4705]},
			"faces": {
				"north": {"uv": [7.891, 4.516, 7.984, 5.25], "texture": "#1"},
				"east": {"uv": [7.016, 4.516, 7.984, 5.25], "texture": "#1"},
				"south": {"uv": [8.516, 1.016, 8.984, 1.75], "texture": "#1"},
				"west": {"uv": [7.984, 4.516, 7.016, 5.25], "texture": "#1"},
				"up": {"uv": [7.9835, 4.516, 7.016, 4.626], "rotation": 90, "texture": "#1"},
				"down": {"uv": [7.016, 5.016, 7.9835, 5.126], "rotation": 90, "texture": "#1"}
			}
		},
		{
			"from": [7.58812, 11.84594, 1.02868],
			"to": [8.42812, 13.66594, 2.14868],
			"rotation": {"angle": 22.5, "axis": "x", "origin": [8.00812, 11.14594, 2.28868]},
			"faces": {
				"north": {"uv": [8.976, 3.15475, 8.016, 3.016], "rotation": 270, "texture": "#1"},
				"east": {"uv": [8.016, 3.016, 8.984, 3.484], "rotation": 90, "texture": "#1"},
				"south": {"uv": [8.016, 3.40475, 8.976, 3.291], "rotation": 90, "texture": "#1"},
				"west": {"uv": [8.984, 3.016, 8.016, 3.484], "rotation": 270, "texture": "#1"},
				"up": {"uv": [8.516, 4.016, 8.984, 4.484], "texture": "#1"},
				"down": {"uv": [8.841, 3.016, 8.984, 3.484], "rotation": 180, "texture": "#1"}
			}
		},
		{
			"from": [7.42, 13.02677, 11.64648],
			"to": [8.54, 14.70677, 13.60648],
			"rotation": {"angle": 22.5, "axis": "x", "origin": [7.98388, 13.36059, 12.06024]},
			"faces": {
				"north": {"uv": [1.516, 8.516, 1.984, 9.25], "texture": "#1"},
				"east": {"uv": [5.016, 7.516, 5.984, 8.25], "texture": "#1"},
				"south": {"uv": [5.016, 7.516, 5.134, 8.25], "texture": "#1"},
				"west": {"uv": [5.984, 7.516, 5.016, 8.25], "texture": "#1"},
				"up": {"uv": [5.9835, 7.566, 5.016, 7.69475], "rotation": 90, "texture": "#1"},
				"down": {"uv": [5.016, 8.066, 5.9835, 8.19475], "rotation": 90, "texture": "#1"}
			}
		},
		{
			"from": [7.52032, 11.38222, 12.87537],
			"to": [8.36032, 13.20222, 13.99537],
			"rotation": {"angle": -22.5, "axis": "x", "origin": [7.98388, 13.36059, 12.06024]},
			"faces": {
				"north": {"uv": [8.016, 6.266, 8.98225, 6.45475], "rotation": 270, "texture": "#1"},
				"east": {"uv": [8.016, 6.016, 8.984, 6.484], "rotation": 270, "texture": "#1"},
				"south": {"uv": [8.98225, 6.016, 8.016, 6.20475], "rotation": 90, "texture": "#1"},
				"west": {"uv": [8.984, 6.016, 8.016, 6.484], "rotation": 90, "texture": "#1"},
				"up": {"uv": [4.516, 8.516, 4.984, 8.984], "rotation": 180, "texture": "#1"},
				"down": {"uv": [8.016, 6.016, 8.134, 6.484], "texture": "#1"}
			}
		},
		{
			"from": [7.28, 12.84, 8.28],
			"to": [8.68, 14.8, 12.48],
			"rotation": {"angle": 0, "axis": "y", "origin": [7.98388, 13.36059, 12.06024]},
			"faces": {
				"north": {"uv": [7.016, 6.516, 7.75, 7.484], "texture": "#1"},
				"east": {"uv": [4.016, 4.516, 5.984, 5.484], "texture": "#1"},
				"south": {"uv": [4.016, 4.516, 4.134, 5.484], "texture": "#1"},
				"west": {"uv": [5.984, 4.516, 4.016, 5.484], "texture": "#1"},
				"up": {"uv": [4.016, 4.516, 5.98475, 4.6785], "rotation": 90, "texture": "#1"},
				"down": {"uv": [5.98475, 5.4285, 4.016, 5.316], "rotation": 90, "texture": "#1"}
			}
		},
		{
			"from": [7.14, 0.24, 7.16],
			"to": [8.82, 1.92, 8.84],
			"rotation": {"angle": 45, "axis": "x", "origin": [7.98, 1.08, 8]},
			"faces": {
				"north": {"uv": [10.016, 4.016, 10.75, 4.75], "texture": "#0"},
				"east": {"uv": [10.016, 5.016, 10.75, 5.75], "texture": "#0"},
				"south": {"uv": [6.016, 10.016, 6.75, 10.75], "texture": "#0"},
				"west": {"uv": [10.75, 5.016, 10.016, 5.75], "texture": "#0"},
				"up": {"uv": [7.75, 10.75, 7.016, 10.016], "texture": "#0"},
				"down": {"uv": [10.75, 7.016, 10.016, 7.75], "texture": "#0"}
			}
		},
		{
			"from": [6.86, 11.86, 7.16],
			"to": [9.1, 13.54, 8.84],
			"rotation": {"angle": 45, "axis": "x", "origin": [7.98, 12.7, 8]},
			"faces": {
				"north": {"uv": [9.016, 0.016, 9.984, 0.75], "texture": "#0"},
				"east": {"uv": [10.016, 9.016, 10.75, 9.75], "texture": "#0"},
				"south": {"uv": [9.016, 1.016, 9.984, 1.75], "texture": "#0"},
				"west": {"uv": [10.75, 9.016, 10.016, 9.75], "texture": "#0"},
				"up": {"uv": [9.984, 2.75, 9.016, 2.016], "texture": "#0"},
				"down": {"uv": [9.984, 3.016, 9.016, 3.75], "texture": "#0"}
			}
		}
	],
	"gui_light": "front",
	"display": {
		"thirdperson_righthand": {
			"translation": [0, 2, 1.75],
			"scale": [1.08, 1.08, 1.08]
		},
		"thirdperson_lefthand": {
			"translation": [0, 2, 1.75],
			"scale": [1.08, 1.08, 1.08]
		},
		"firstperson_righthand": {
			"translation": [3.5, 7.25, 0]
		},
		"firstperson_lefthand": {
			"translation": [3.5, 7.25, 0]
		},
		"ground": {
			"rotation": [0, 0, 35],
			"scale": [0.5, 0.5, 0.5]
		},
		"gui": {
			"rotation": [90, 50.5, -85],
			"translation": [-0.75, -1.25, 0],
			"scale": [0.88, 0.88, 0.88]
		},
		"fixed": {
			"rotation": [0, -88, 0],
			"translation": [0, 0.75, -3.25],
			"scale": [1.73, 1.73, 1.73]
		}
	}
}