{"textures":{"0":"modelengine:entity/ecnpcs_demon_warrior"},"elements":[{"from":[4.5714283,8.014708,4.003068],"to":[11.428572,11.443279,8.574497],"rotation":{"angle":0.0,"axis":"y","origin":[8.0,-2.8424358,6.2887826]},"faces":{"east":{"uv":[11.0,4.375,11.5,5.125],"rotation":0,"texture":"#0","tintindex":0},"south":{"uv":[8.0,3.25,8.75,4.0],"rotation":0,"texture":"#0","tintindex":0},"north":{"uv":[9.5,2.75,10.25,3.5],"rotation":0,"texture":"#0","tintindex":0},"west":{"uv":[8.25,6.125,8.75,6.875],"rotation":0,"texture":"#0","tintindex":0},"up":{"uv":[9.625,1.0,8.875,0.0],"rotation":0,"texture":"#0","tintindex":0},"down":{"uv":[9.625,1.0,8.875,2.0],"rotation":0,"texture":"#0","tintindex":0}}},{"from":[4.0,10.394585,2.1594954],"to":[12.0,13.251728,7.8737817],"rotation":{"angle":-22.5,"axis":"x","origin":[8.0,13.823156,5.588067]},"faces":{"east":{"uv":[10.625,1.125,11.25,1.75],"rotation":0,"texture":"#0","tintindex":0},"south":{"uv":[9.625,0.625,10.5,1.25],"rotation":0,"texture":"#0","tintindex":0},"north":{"uv":[9.625,0.0,10.5,0.625],"rotation":0,"texture":"#0","tintindex":0},"west":{"uv":[8.75,5.25,9.375,5.875],"rotation":0,"texture":"#0","tintindex":0},"up":{"uv":[8.875,1.25,8.0,0.0],"rotation":0,"texture":"#0","tintindex":0},"down":{"uv":[8.875,1.25,8.0,2.5],"rotation":0,"texture":"#0","tintindex":0}}}],"display":{"head":{"translation":[0.0,-6.4,0.0],"scale":[4.0,4.0,4.0]}}}