{"textures":{"0":"modelengine:entity/ecnpcs_demon_warrior"},"elements":[{"from":[6.5714283,3.6760974,6.542653],"to":[9.428572,8.247526,8.828367],"rotation":{"angle":22.5,"axis":"x","origin":[8.285714,5.3332405,8.6569395]},"faces":{"east":{"uv":[9.5,8.125,9.75,9.125],"rotation":0,"texture":"#0","tintindex":0},"south":{"uv":[9.5625,7.125,9.875,8.125],"rotation":0,"texture":"#0","tintindex":0},"north":{"uv":[10.9375,6.875,11.25,7.875],"rotation":0,"texture":"#0","tintindex":0},"west":{"uv":[9.75,8.125,10.0,9.125],"rotation":0,"texture":"#0","tintindex":0},"up":{"uv":[11.4375,9.625,11.125,9.125],"rotation":0,"texture":"#0","tintindex":0},"down":{"uv":[11.75,9.125,11.4375,9.625],"rotation":0,"texture":"#0","tintindex":0}}}],"display":{"head":{"translation":[0.0,-6.4,0.0],"scale":[4.0,4.0,4.0]}}}