{"textures":{"0":"modelengine:entity/mso_magma_imp","1":"modelengine:entity/mso_impbomb"},"elements":[{"name":"cube","from":[8.0,6.2,8.0],"to":[12.2,8.0,12.2],"rotation":{"angle":0.0,"axis":"x","origin":[8.0,7.1,8.0]},"faces":{"down":{"uv":[5.875,1.0,5.0,1.875],"rotation":0,"texture":"#0","tintindex":0},"east":{"uv":[2.375,6.25,3.25,6.625],"rotation":0,"texture":"#0","tintindex":0},"north":{"uv":[6.125,3.625,7.0,4.0],"rotation":0,"texture":"#0","tintindex":0},"south":{"uv":[6.25,4.5,7.125,4.875],"rotation":0,"texture":"#0","tintindex":0},"up":{"uv":[0.875,5.75,0.0,4.875],"rotation":0,"texture":"#0","tintindex":0},"west":{"uv":[6.25,4.875,7.125,5.25],"rotation":0,"texture":"#0","tintindex":0}}},{"name":"cube","from":[7.7060003,8.0060005,7.7060003],"to":[12.494,10.9939995,12.494],"rotation":{"angle":0.0,"axis":"x","origin":[8.0,8.0,8.0]},"faces":{"down":{"uv":[2.0,2.625,1.0,3.625],"rotation":0,"texture":"#0","tintindex":0},"east":{"uv":[5.0,1.875,6.0,2.5],"rotation":0,"texture":"#0","tintindex":0},"north":{"uv":[4.875,4.0,5.875,4.625],"rotation":0,"texture":"#0","tintindex":0},"south":{"uv":[2.375,5.0,3.375,5.625],"rotation":0,"texture":"#0","tintindex":0},"up":{"uv":[3.25,1.0,2.25,0.0],"rotation":0,"texture":"#0","tintindex":0},"west":{"uv":[5.125,0.0,6.125,0.625],"rotation":0,"texture":"#0","tintindex":0}}},{"name":"cube","from":[8.9,7.1,6.8],"to":[11.3,10.1,8.0],"rotation":{"angle":0.0,"axis":"x","origin":[8.0,8.0,8.0]},"faces":{"down":{"uv":[4.875,7.125,4.375,7.375],"rotation":0,"texture":"#0","tintindex":0},"east":{"uv":[2.0,7.125,2.25,7.75],"rotation":0,"texture":"#0","tintindex":0},"north":{"uv":[3.25,6.25,3.75,6.875],"rotation":0,"texture":"#0","tintindex":0},"south":{"uv":[1.75,6.5,2.25,7.125],"rotation":0,"texture":"#0","tintindex":0},"up":{"uv":[2.75,1.25,2.25,1.0],"rotation":0,"texture":"#0","tintindex":0},"west":{"uv":[7.125,3.375,7.375,4.0],"rotation":0,"texture":"#0","tintindex":0}}}],"display":{"head":{"translation":[0.0,-6.4,0.0],"rotation":[0.0,0.0,0.0],"scale":[3.8095,3.8095,3.8095]}}}