{"textures":{"0":"modelengine:entity/mso_magma_imp","1":"modelengine:entity/mso_impbomb"},"elements":[{"name":"cube","from":[6.6499996,5.0,6.8],"to":[9.05,5.6,9.2],"rotation":{"angle":0.0,"axis":"x","origin":[3.0499997,5.0,3.1999998]},"faces":{"down":{"uv":[2.0,7.5,0.0,9.5],"rotation":0,"texture":"#1","tintindex":0},"east":{"uv":[7.0,5.0,9.0,5.5],"rotation":0,"texture":"#1","tintindex":0},"north":{"uv":[7.0,4.5,9.0,5.0],"rotation":0,"texture":"#1","tintindex":0},"south":{"uv":[7.0,5.5,9.0,6.0],"rotation":0,"texture":"#1","tintindex":0},"up":{"uv":[0.0,0.0,0.0,0.0],"rotation":0,"texture":"#1","tintindex":0},"west":{"uv":[6.0,8.5,8.0,9.0],"rotation":0,"texture":"#1","tintindex":0}}},{"name":"cube","from":[6.6499996,8.6,6.8],"to":[9.05,9.2,9.2],"rotation":{"angle":0.0,"axis":"x","origin":[3.0499997,5.0,3.1999998]},"faces":{"down":{"uv":[0.0,0.0,0.0,0.0],"rotation":0,"texture":"#1","tintindex":0},"east":{"uv":[9.0,2.5,11.0,3.0],"rotation":0,"texture":"#1","tintindex":0},"north":{"uv":[8.0,8.5,10.0,9.0],"rotation":0,"texture":"#1","tintindex":0},"south":{"uv":[9.0,3.0,11.0,3.5],"rotation":0,"texture":"#1","tintindex":0},"up":{"uv":[4.0,10.5,2.0,8.5],"rotation":0,"texture":"#1","tintindex":0},"west":{"uv":[9.0,3.5,11.0,4.0],"rotation":0,"texture":"#1","tintindex":0}}},{"name":"cube","from":[6.95,9.2,8.0],"to":[9.950001,12.2,8.0],"rotation":{"angle":0.0,"axis":"x","origin":[3.0499997,5.0,3.1999998]},"faces":{"down":{"uv":[0.0,0.0,0.0,0.0],"rotation":0,"texture":"#1","tintindex":0},"east":{"uv":[0.0,0.0,0.0,0.0],"rotation":0,"texture":"#1","tintindex":0},"north":{"uv":[2.5,2.5,0.0,5.0],"rotation":0,"texture":"#1","tintindex":0},"south":{"uv":[0.0,2.5,2.5,5.0],"rotation":0,"texture":"#1","tintindex":0},"up":{"uv":[0.0,0.0,0.0,0.0],"rotation":0,"texture":"#1","tintindex":0},"west":{"uv":[0.0,0.0,0.0,0.0],"rotation":0,"texture":"#1","tintindex":0}}},{"name":"cube","from":[6.05,5.6,6.2],"to":[9.65,8.6,9.8],"rotation":{"angle":0.0,"axis":"x","origin":[3.0499997,5.0,3.1999998]},"faces":{"down":{"uv":[7.0,3.0,4.0,6.0],"rotation":0,"texture":"#1","tintindex":0},"east":{"uv":[7.0,0.0,10.0,2.5],"rotation":0,"texture":"#1","tintindex":0},"north":{"uv":[7.0,0.0,10.0,2.5],"rotation":0,"texture":"#1","tintindex":0},"south":{"uv":[7.0,0.0,10.0,2.5],"rotation":0,"texture":"#1","tintindex":0},"up":{"uv":[7.0,3.0,4.0,0.0],"rotation":0,"texture":"#1","tintindex":0},"west":{"uv":[7.0,0.0,10.0,2.5],"rotation":0,"texture":"#1","tintindex":0}}}],"display":{"head":{"translation":[0.0,-6.4,0.0],"rotation":[0.0,0.0,0.0],"scale":[3.8095,3.8095,3.8095]}}}