{"textures":{"0":"modelengine:entity/mso_magma_imp","1":"modelengine:entity/mso_impbomb"},"elements":[{"name":"cube","from":[5.6,7.5654974,7.492593],"to":[10.4,8.165498,12.292593],"rotation":{"angle":-45.0,"axis":"x","origin":[8.0,8.0,8.0]},"faces":{"down":{"uv":[2.0,3.625,1.0,4.625],"rotation":0,"texture":"#0","tintindex":0},"east":{"uv":[6.75,5.75,7.75,5.875],"rotation":0,"texture":"#0","tintindex":0},"north":{"uv":[6.5,0.875,7.5,1.0],"rotation":0,"texture":"#0","tintindex":0},"south":{"uv":[7.125,4.5,8.125,4.625],"rotation":0,"texture":"#0","tintindex":0},"up":{"uv":[4.25,1.0,3.25,0.0],"rotation":0,"texture":"#0","tintindex":0},"west":{"uv":[7.125,4.625,8.125,4.75],"rotation":0,"texture":"#0","tintindex":0}}}],"display":{"head":{"translation":[0.0,-6.4,0.0],"rotation":[0.0,0.0,0.0],"scale":[3.8095,3.8095,3.8095]}}}