{"textures":{"0":"modelengine:entity/mso_magma_imp","1":"modelengine:entity/mso_impbomb"},"elements":[{"name":"cube","from":[5.7935,7.2222505,4.406],"to":[9.981501,10.210251,9.194],"rotation":{"angle":0.0,"axis":"x","origin":[5.0375,5.7162504,5.8999996]},"faces":{"down":{"uv":[3.875,4.0,3.0,5.0],"rotation":0,"texture":"#0","tintindex":0},"east":{"uv":[6.25,4.625,5.25,5.25],"rotation":0,"texture":"#0","tintindex":0},"north":{"uv":[4.375,5.375,5.25,6.0],"rotation":0,"texture":"#0","tintindex":0},"south":{"uv":[0.0,5.75,0.875,6.375],"rotation":0,"texture":"#0","tintindex":0},"up":{"uv":[4.875,3.75,4.0,2.75],"rotation":0,"texture":"#0","tintindex":0},"west":{"uv":[5.25,4.625,6.25,5.25],"rotation":0,"texture":"#0","tintindex":0}}},{"name":"cube","from":[6.6875,7.8162503,2.2999997],"to":[9.0875,13.816251,4.7],"rotation":{"angle":22.5,"axis":"x","origin":[5.0375,7.8162503,3.7999997]},"faces":{"down":{"uv":[6.375,6.75,5.875,7.25],"rotation":0,"texture":"#0","tintindex":0},"east":{"uv":[4.375,5.375,3.875,6.625],"rotation":0,"texture":"#0","tintindex":0},"north":{"uv":[3.375,5.0,3.875,6.25],"rotation":0,"texture":"#0","tintindex":0},"south":{"uv":[5.25,5.25,5.75,6.5],"rotation":0,"texture":"#0","tintindex":0},"up":{"uv":[5.875,7.25,5.375,6.75],"rotation":0,"texture":"#0","tintindex":0},"west":{"uv":[3.875,5.375,4.375,6.625],"rotation":0,"texture":"#0","tintindex":0}}}],"display":{"head":{"translation":[0.0,-6.4,0.0],"rotation":[0.0,0.0,0.0],"scale":[3.8095,3.8095,3.8095]}}}