{"textures":{"0":"modelengine:entity/mso_magma_imp","1":"modelengine:entity/mso_impbomb"},"elements":[{"name":"cube","from":[6.6,8.799999,3.6999996],"to":[6.6,11.2,6.7],"rotation":{"angle":22.5,"axis":"z","origin":[6.6,8.799999,4.7499995]},"faces":{"down":{"uv":[0.0,0.0,0.0,0.625],"rotation":0,"texture":"#0","tintindex":0},"east":{"uv":[7.125,5.875,6.5,6.375],"rotation":0,"texture":"#0","tintindex":0},"north":{"uv":[0.0,0.0,0.0,0.5],"rotation":0,"texture":"#0","tintindex":0},"south":{"uv":[0.0,0.0,0.0,0.5],"rotation":0,"texture":"#0","tintindex":0},"up":{"uv":[0.0,0.625,0.0,0.0],"rotation":0,"texture":"#0","tintindex":0},"west":{"uv":[6.5,5.875,7.125,6.375],"rotation":0,"texture":"#0","tintindex":0}}},{"name":"cube","from":[10.799999,8.799999,3.6999996],"to":[10.799999,11.2,6.7],"rotation":{"angle":-22.5,"axis":"z","origin":[10.799999,8.799999,4.7499995]},"faces":{"down":{"uv":[0.0,0.0,0.0,0.625],"rotation":0,"texture":"#0","tintindex":0},"east":{"uv":[7.125,5.875,6.5,6.375],"rotation":0,"texture":"#0","tintindex":0},"north":{"uv":[0.0,0.0,0.0,0.5],"rotation":0,"texture":"#0","tintindex":0},"south":{"uv":[0.0,0.0,0.0,0.5],"rotation":0,"texture":"#0","tintindex":0},"up":{"uv":[0.0,0.625,0.0,0.0],"rotation":0,"texture":"#0","tintindex":0},"west":{"uv":[6.5,5.875,7.125,6.375],"rotation":0,"texture":"#0","tintindex":0}}},{"name":"cube","from":[6.6,8.799999,3.6999996],"to":[10.799999,10.6,3.6999996],"rotation":{"angle":-22.5,"axis":"x","origin":[8.85,8.799999,3.6999996]},"faces":{"down":{"uv":[0.875,0.0,0.0,0.0],"rotation":0,"texture":"#0","tintindex":0},"east":{"uv":[0.0,0.0,0.0,0.375],"rotation":0,"texture":"#0","tintindex":0},"north":{"uv":[5.75,6.375,6.625,6.75],"rotation":0,"texture":"#0","tintindex":0},"south":{"uv":[5.75,6.375,6.625,6.75],"rotation":0,"texture":"#0","tintindex":0},"up":{"uv":[0.875,0.0,0.0,0.0],"rotation":0,"texture":"#0","tintindex":0},"west":{"uv":[0.0,0.0,0.0,0.375],"rotation":0,"texture":"#0","tintindex":0}}},{"name":"cube","from":[6.6,7.0,3.6999996],"to":[10.799999,8.799999,8.5],"rotation":{"angle":0.0,"axis":"x","origin":[8.700001,8.049999,6.5499997]},"faces":{"down":{"uv":[5.125,0.0,4.25,1.0],"rotation":0,"texture":"#0","tintindex":0},"east":{"uv":[7.125,3.25,6.125,3.625],"rotation":0,"texture":"#0","tintindex":0},"north":{"uv":[0.0,6.375,0.875,6.75],"rotation":0,"texture":"#0","tintindex":0},"south":{"uv":[0.875,6.375,1.75,6.75],"rotation":0,"texture":"#0","tintindex":0},"up":{"uv":[4.875,4.75,4.0,3.75],"rotation":0,"texture":"#0","tintindex":0},"west":{"uv":[6.125,3.25,7.125,3.625],"rotation":0,"texture":"#0","tintindex":0}}}],"display":{"head":{"translation":[0.0,-6.4,0.0],"rotation":[0.0,0.0,0.0],"scale":[3.8095,3.8095,3.8095]}}}