{"textures":{"0":"modelengine:entity/mso_magma_imp","1":"modelengine:entity/mso_impbomb"},"elements":[{"name":"cube","from":[4.3939996,6.7939997,6.7939997],"to":[8.0060005,9.206,9.206],"rotation":{"angle":0.0,"axis":"x","origin":[1.3999997,6.5,6.2]},"faces":{"down":{"uv":[6.875,2.375,6.125,2.875],"rotation":0,"texture":"#0","tintindex":0},"east":{"uv":[6.75,1.875,7.25,2.375],"rotation":0,"texture":"#0","tintindex":0},"north":{"uv":[6.0,1.875,6.75,2.375],"rotation":0,"texture":"#0","tintindex":0},"south":{"uv":[4.375,6.0,5.125,6.5],"rotation":0,"texture":"#0","tintindex":0},"up":{"uv":[6.875,0.5,6.125,0.0],"rotation":0,"texture":"#0","tintindex":0},"west":{"uv":[6.75,5.25,7.25,5.75],"rotation":0,"texture":"#0","tintindex":0}}}],"display":{"head":{"translation":[0.0,-6.4,0.0],"rotation":[0.0,0.0,0.0],"scale":[3.8095,3.8095,3.8095]}}}