{"textures":{"0":"modelengine:entity/mso_magma_imp","1":"modelengine:entity/mso_impbomb"},"elements":[{"name":"cube","from":[7.094,5.0014997,6.7939997],"to":[8.906,8.0135,9.206],"rotation":{"angle":0.0,"axis":"x","origin":[4.3999996,4.4375,6.2]},"faces":{"down":{"uv":[7.5,2.875,7.125,3.375],"rotation":0,"texture":"#0","tintindex":0},"east":{"uv":[2.25,6.625,2.75,7.25],"rotation":0,"texture":"#0","tintindex":0},"north":{"uv":[6.75,6.875,7.125,7.5],"rotation":0,"texture":"#0","tintindex":0},"south":{"uv":[0.0,7.0,0.375,7.625],"rotation":0,"texture":"#0","tintindex":0},"up":{"uv":[2.0,7.625,1.625,7.125],"rotation":0,"texture":"#0","tintindex":0},"west":{"uv":[2.75,6.625,3.25,7.25],"rotation":0,"texture":"#0","tintindex":0}}},{"name":"cube","from":[7.094,4.9865,5.594],"to":[8.906,6.1984997,6.8059998],"rotation":{"angle":0.0,"axis":"x","origin":[4.3999996,4.4375,5.3]},"faces":{"down":{"uv":[7.5,5.0,7.125,5.25],"rotation":0,"texture":"#0","tintindex":0},"east":{"uv":[2.75,1.0,3.0,1.25],"rotation":0,"texture":"#0","tintindex":0},"north":{"uv":[5.375,6.5,5.75,6.75],"rotation":0,"texture":"#0","tintindex":0},"south":{"uv":[7.125,4.75,7.5,5.0],"rotation":0,"texture":"#0","tintindex":0},"up":{"uv":[5.25,7.375,4.875,7.125],"rotation":0,"texture":"#0","tintindex":0},"west":{"uv":[7.25,0.0,7.5,0.25],"rotation":0,"texture":"#0","tintindex":0}}}],"display":{"head":{"translation":[0.0,-6.4,0.0],"rotation":[0.0,0.0,0.0],"scale":[3.8095,3.8095,3.8095]}}}