{"textures":{"0":"modelengine:entity/mso_magma_imp","1":"modelengine:entity/mso_impbomb"},"elements":[{"name":"cube","from":[5.0,6.8,6.8],"to":[8.6,9.2,9.2],"rotation":{"angle":0.0,"axis":"x","origin":[3.7999997,6.5,6.2]},"faces":{"down":{"uv":[6.5,5.875,5.75,6.375],"rotation":0,"texture":"#0","tintindex":0},"east":{"uv":[3.75,6.625,4.25,7.125],"rotation":0,"texture":"#0","tintindex":0},"north":{"uv":[0.875,5.875,1.625,6.375],"rotation":0,"texture":"#0","tintindex":0},"south":{"uv":[5.875,1.375,6.625,1.875],"rotation":0,"texture":"#0","tintindex":0},"up":{"uv":[6.625,4.5,5.875,4.0],"rotation":0,"texture":"#0","tintindex":0},"west":{"uv":[1.125,6.75,1.625,7.25],"rotation":0,"texture":"#0","tintindex":0}}}],"display":{"head":{"translation":[0.0,-6.4,0.0],"rotation":[0.0,0.0,0.0],"scale":[3.8095,3.8095,3.8095]}}}