{"textures":{"0":"modelengine:entity/mso_magma_imp","1":"modelengine:entity/mso_impbomb"},"elements":[{"name":"cube","from":[7.1,6.4049997,6.8],"to":[8.9,9.405001,9.2],"rotation":{"angle":0.0,"axis":"x","origin":[11.6,6.135,6.2]},"faces":{"down":{"uv":[6.875,2.375,7.25,2.875],"rotation":0,"texture":"#0","tintindex":0},"east":{"uv":[5.375,6.5,4.875,7.125],"rotation":0,"texture":"#0","tintindex":0},"north":{"uv":[3.625,6.875,3.25,7.5],"rotation":0,"texture":"#0","tintindex":0},"south":{"uv":[6.75,6.875,6.375,7.5],"rotation":0,"texture":"#0","tintindex":0},"up":{"uv":[6.875,0.5,7.25,0.0],"rotation":0,"texture":"#0","tintindex":0},"west":{"uv":[4.875,6.5,4.375,7.125],"rotation":0,"texture":"#0","tintindex":0}}}],"display":{"head":{"translation":[0.0,-6.4,0.0],"rotation":[0.0,0.0,0.0],"scale":[3.8095,3.8095,3.8095]}}}