{"textures":{"0":"modelengine:entity/mso_magma_imp","1":"modelengine:entity/mso_impbomb"},"elements":[{"name":"cube","from":[9.35,6.8,8.0],"to":[15.35,9.8,8.0],"rotation":{"angle":22.5,"axis":"z","origin":[9.35,4.1,7.4]},"faces":{"down":{"uv":[0.0,0.0,1.25,0.0],"rotation":0,"texture":"#0","tintindex":0},"east":{"uv":[0.0,0.0,0.0,0.625],"rotation":0,"texture":"#0","tintindex":0},"north":{"uv":[6.125,2.75,4.875,3.375],"rotation":0,"texture":"#0","tintindex":0},"south":{"uv":[6.125,3.375,4.875,4.0],"rotation":0,"texture":"#0","tintindex":0},"up":{"uv":[0.0,0.0,1.25,0.0],"rotation":0,"texture":"#0","tintindex":0},"west":{"uv":[0.0,0.0,0.0,0.625],"rotation":0,"texture":"#0","tintindex":0}}}],"display":{"head":{"translation":[0.0,-6.4,0.0],"rotation":[0.0,0.0,0.0],"scale":[3.8095,3.8095,3.8095]}}}