{"textures":{"0":"modelengine:entity/lr_healthbar"},"elements":[{"from":[-1.1428576,5.428571,8.0],"to":[17.142857,10.571428,8.0],"rotation":{"angle":0.0,"axis":"y","origin":[8.0,5.428571,8.0]},"faces":{"east":{"uv":[0.0,0.0,0.0,4.5],"rotation":0,"texture":"#0","tintindex":0},"south":{"uv":[5.0,1.5,9.5,3.0],"rotation":0,"texture":"#0","tintindex":0},"north":{"uv":[5.0,1.5,9.5,3.0],"rotation":0,"texture":"#0","tintindex":0},"west":{"uv":[0.0,0.0,0.0,4.5],"rotation":0,"texture":"#0","tintindex":0},"up":{"uv":[16.0,0.0,0.0,0.0],"rotation":0,"texture":"#0","tintindex":0},"down":{"uv":[16.0,0.0,0.0,0.0],"rotation":0,"texture":"#0","tintindex":0}}}],"display":{"head":{"translation":[0.0,-6.4,0.0],"scale":[4.0,4.0,4.0]}}}