{"textures":{"4":"modelengine:entity/mega_warden"},"elements":[{"from":[2.8719025,3.4285712,8.088184],"to":[10.871902,8.0,8.088184],"rotation":{"angle":0.0,"axis":"y","origin":[7.3004737,8.0,8.088184]},"faces":{"east":{"uv":[0.002,0.002,0.002,0.498],"rotation":0,"texture":"#4","tintindex":0},"south":{"uv":[9.623,0.002,8.752,0.498],"rotation":0,"texture":"#4","tintindex":0},"north":{"uv":[8.752,0.002,9.623,0.498],"rotation":0,"texture":"#4","tintindex":0},"west":{"uv":[0.002,0.002,0.002,0.498],"rotation":0,"texture":"#4","tintindex":0},"up":{"uv":[0.002,0.002,0.873,0.002],"rotation":0,"texture":"#4","tintindex":0},"down":{"uv":[0.002,0.002,0.873,0.002],"rotation":0,"texture":"#4","tintindex":0}}}],"display":{"head":{"translation":[0.0,-6.4,0.0],"scale":[4.0,4.0,4.0]}}}