{"textures":{"4":"modelengine:entity/mega_warden"},"elements":[{"from":[6.0,2.8571424,8.0],"to":[10.0,8.0,8.0],"rotation":{"angle":0.0,"axis":"y","origin":[8.0,7.142857,6.857143]},"faces":{"east":{"uv":[0.002,0.002,0.002,0.5605],"rotation":0,"texture":"#4","tintindex":0},"south":{"uv":[4.123,7.5645,3.6895,8.123],"rotation":0,"texture":"#4","tintindex":0},"north":{"uv":[3.6895,7.5645,4.123,8.123],"rotation":0,"texture":"#4","tintindex":0},"west":{"uv":[0.002,0.002,0.002,0.5605],"rotation":0,"texture":"#4","tintindex":0},"up":{"uv":[0.4355,0.002,0.002,0.002],"rotation":0,"texture":"#4","tintindex":0},"down":{"uv":[0.4355,0.002,0.002,0.002],"rotation":0,"texture":"#4","tintindex":0}}}],"display":{"head":{"translation":[0.0,-6.4,0.0],"scale":[4.0,4.0,4.0]}}}