{"textures":{"7":"modelengine:entity/mega_warden_rocks"},"elements":[{"from":[8.428572,6.5714283,5.428571],"to":[12.428572,9.428572,11.142858],"rotation":{"angle":0.0,"axis":"y","origin":[5.5714283,8.285714,10.571428]},"faces":{"east":{"uv":[3.25,6.75,4.5,7.375],"rotation":0,"texture":"#7","tintindex":0},"south":{"uv":[3.375,7.375,4.25,8.0],"rotation":0,"texture":"#7","tintindex":0},"north":{"uv":[2.5,7.375,3.375,8.0],"rotation":0,"texture":"#7","tintindex":0},"west":{"uv":[7.0,6.875,8.25,7.5],"rotation":0,"texture":"#7","tintindex":0},"up":{"uv":[0.875,7.25,0.0,6.0],"rotation":0,"texture":"#7","tintindex":0},"down":{"uv":[1.75,6.0,0.875,7.25],"rotation":0,"texture":"#7","tintindex":0}}},{"from":[2.7142854,6.5714283,4.285714],"to":[8.428572,9.428572,11.142858],"rotation":{"angle":0.0,"axis":"y","origin":[5.5714283,8.285714,10.571428]},"faces":{"east":{"uv":[6.875,4.375,8.375,5.0],"rotation":0,"texture":"#7","tintindex":0},"south":{"uv":[4.5,7.25,5.75,7.875],"rotation":0,"texture":"#7","tintindex":0},"north":{"uv":[0.0,7.25,1.25,7.875],"rotation":0,"texture":"#7","tintindex":0},"west":{"uv":[7.0,5.0,8.5,5.625],"rotation":0,"texture":"#7","tintindex":0},"up":{"uv":[6.0,5.375,4.75,3.875],"rotation":0,"texture":"#7","tintindex":0},"down":{"uv":[6.25,1.625,5.0,3.125],"rotation":0,"texture":"#7","tintindex":0}}}],"display":{"head":{"translation":[0.0,-6.4,0.0],"scale":[4.0,4.0,4.0]}}}