{"textures":{"1":"modelengine:entity/ghost_anim_warden_2"},"elements":[{"from":[8.0,4.285714,-1.7142859],"to":[8.0,11.714286,8.0],"rotation":{"angle":0.0,"axis":"y","origin":[8.571428,4.285714,22.285715]},"faces":{"east":{"uv":[0.0,0.0,4.25,3.25],"rotation":0,"texture":"#1","tintindex":0},"south":{"uv":[0.0,3.25,0.0,6.5],"rotation":0,"texture":"#1","tintindex":0},"north":{"uv":[0.0,3.25,0.0,6.5],"rotation":0,"texture":"#1","tintindex":0},"west":{"uv":[4.25,0.0,0.0,3.25],"rotation":0,"texture":"#1","tintindex":0},"up":{"uv":[0.0,7.5,0.0,3.25],"rotation":0,"texture":"#1","tintindex":0},"down":{"uv":[0.0,3.25,0.0,7.5],"rotation":0,"texture":"#1","tintindex":0}}}],"display":{"head":{"translation":[0.0,-6.4,0.0],"scale":[4.0,4.0,4.0]}}}