{"textures":{"6":"modelengine:entity/warden_fx"},"elements":[{"from":[-12.4,-5.200001,2.4],"to":[13.200001,20.4,2.4],"rotation":{"angle":45.0,"axis":"z","origin":[-3.1999998,10.0,7.6]},"faces":{"east":{"uv":[0.0,0.0,16.0,0.0],"rotation":90,"texture":"#6","tintindex":0},"south":{"uv":[1.7763568E-15,0.0,7.4375,7.4375],"rotation":0,"texture":"#6","tintindex":0},"north":{"uv":[7.4375,0.0,1.7763568E-15,7.4375],"rotation":0,"texture":"#6","tintindex":0},"west":{"uv":[0.0,0.0,16.0,0.0],"rotation":90,"texture":"#6","tintindex":0},"up":{"uv":[0.0,0.0,0.0,16.0],"rotation":90,"texture":"#6","tintindex":0},"down":{"uv":[0.0,0.0,0.0,16.0],"rotation":90,"texture":"#6","tintindex":0}}},{"from":[-13.200001,-6.4000006,6.8],"to":[25.2,32.0,6.8],"rotation":{"angle":22.5,"axis":"z","origin":[-3.1999998,10.0,7.6]},"faces":{"east":{"uv":[0.0,0.0,16.0,0.0],"rotation":90,"texture":"#6","tintindex":0},"south":{"uv":[1.7763568E-15,0.0,7.4375,7.4375],"rotation":0,"texture":"#6","tintindex":0},"north":{"uv":[7.4375,0.0,1.7763568E-15,7.4375],"rotation":0,"texture":"#6","tintindex":0},"west":{"uv":[0.0,0.0,16.0,0.0],"rotation":90,"texture":"#6","tintindex":0},"up":{"uv":[0.0,0.0,0.0,16.0],"rotation":90,"texture":"#6","tintindex":0},"down":{"uv":[0.0,0.0,0.0,16.0],"rotation":90,"texture":"#6","tintindex":0}}},{"from":[-12.4,-5.200001,10.0],"to":[13.200001,20.4,10.0],"rotation":{"angle":45.0,"axis":"z","origin":[-3.1999998,10.0,7.6]},"faces":{"east":{"uv":[0.0,0.0,16.0,0.0],"rotation":90,"texture":"#6","tintindex":0},"south":{"uv":[1.7763568E-15,0.0,7.4375,7.4375],"rotation":0,"texture":"#6","tintindex":0},"north":{"uv":[7.4375,0.0,1.7763568E-15,7.4375],"rotation":0,"texture":"#6","tintindex":0},"west":{"uv":[0.0,0.0,16.0,0.0],"rotation":90,"texture":"#6","tintindex":0},"up":{"uv":[0.0,0.0,0.0,16.0],"rotation":90,"texture":"#6","tintindex":0},"down":{"uv":[0.0,0.0,0.0,16.0],"rotation":90,"texture":"#6","tintindex":0}}}],"display":{"head":{"translation":[0.0,17.6,0.0],"scale":[4.0,4.0,4.0]}}}