{"textures":{"0":"modelengine:entity/mso_overlord_stage1"},"elements":[{"name":"cube","from":[5.594,7.9440017,6.093998],"to":[10.406,10.956002,9.705998],"rotation":{"angle":0.0,"axis":"x","origin":[3.1999998,-10.049999,1.8999978]},"faces":{"down":{"uv":[1.875,7.375,0.875,8.125],"rotation":0,"texture":"#0","tintindex":0},"east":{"uv":[4.25,5.125,5.0,5.75],"rotation":0,"texture":"#0","tintindex":0},"north":{"uv":[8.75,0.75,9.75,1.375],"rotation":0,"texture":"#0","tintindex":0},"south":{"uv":[1.375,8.75,2.375,9.375],"rotation":0,"texture":"#0","tintindex":0},"up":{"uv":[8.25,5.5,7.25,4.75],"rotation":0,"texture":"#0","tintindex":0},"west":{"uv":[9.25,3.125,10.0,3.75],"rotation":0,"texture":"#0","tintindex":0}}},{"name":"cube","from":[5.0,9.150002,5.499998],"to":[11.0,10.950003,10.299998],"rotation":{"angle":0.0,"axis":"x","origin":[3.1999998,-10.049999,1.8999978]},"faces":{"down":{"uv":[5.25,3.0,4.0,4.0],"rotation":0,"texture":"#0","tintindex":0},"east":{"uv":[10.125,5.75,11.125,6.125],"rotation":0,"texture":"#0","tintindex":0},"north":{"uv":[9.5,8.125,10.75,8.5],"rotation":0,"texture":"#0","tintindex":0},"south":{"uv":[8.375,9.5,9.625,9.875],"rotation":0,"texture":"#0","tintindex":0},"up":{"uv":[5.25,3.0,4.0,2.0],"rotation":0,"texture":"#0","tintindex":0},"west":{"uv":[10.125,6.5,11.125,6.875],"rotation":0,"texture":"#0","tintindex":0}}},{"name":"cube","from":[4.9939995,10.944002,5.4939976],"to":[11.0060005,15.156002,10.305998],"rotation":{"angle":0.0,"axis":"x","origin":[3.1999998,-10.049999,1.8999978]},"faces":{"down":{"uv":[5.25,1.0,4.0,2.0],"rotation":0,"texture":"#0","tintindex":0},"east":{"uv":[3.0,4.25,4.0,5.125],"rotation":0,"texture":"#0","tintindex":0},"north":{"uv":[5.0,0.0,6.25,0.875],"rotation":0,"texture":"#0","tintindex":0},"south":{"uv":[5.0,4.0,6.25,4.875],"rotation":0,"texture":"#0","tintindex":0},"up":{"uv":[5.0,1.0,3.75,0.0],"rotation":0,"texture":"#0","tintindex":0},"west":{"uv":[4.25,5.75,5.25,6.625],"rotation":0,"texture":"#0","tintindex":0}}},{"name":"cube","from":[6.8,13.050002,4.8999977],"to":[9.2,15.450003,6.099998],"rotation":{"angle":0.0,"axis":"x","origin":[3.1999998,-10.049999,1.8999978]},"faces":{"down":{"uv":[11.875,10.0,11.375,10.25],"rotation":0,"texture":"#0","tintindex":0},"east":{"uv":[3.75,1.0,4.0,1.5],"rotation":0,"texture":"#0","tintindex":0},"north":{"uv":[10.375,9.125,10.875,9.625],"rotation":0,"texture":"#0","tintindex":0},"south":{"uv":[1.0,10.5,1.5,11.0],"rotation":0,"texture":"#0","tintindex":0},"up":{"uv":[11.875,10.0,11.375,9.75],"rotation":0,"texture":"#0","tintindex":0},"west":{"uv":[2.75,6.375,3.0,6.875],"rotation":0,"texture":"#0","tintindex":0}}},{"name":"cube","from":[6.8,14.850002,6.699998],"to":[9.2,16.050003,9.099998],"rotation":{"angle":0.0,"axis":"x","origin":[3.1999998,-10.049999,1.8999978]},"faces":{"down":{"uv":[3.875,10.5,3.375,11.0],"rotation":0,"texture":"#0","tintindex":0},"east":{"uv":[11.375,10.625,11.875,10.875],"rotation":0,"texture":"#0","tintindex":0},"north":{"uv":[10.25,11.375,10.75,11.625],"rotation":0,"texture":"#0","tintindex":0},"south":{"uv":[10.75,11.375,11.25,11.625],"rotation":0,"texture":"#0","tintindex":0},"up":{"uv":[3.375,11.0,2.875,10.5],"rotation":0,"texture":"#0","tintindex":0},"west":{"uv":[11.375,10.875,11.875,11.125],"rotation":0,"texture":"#0","tintindex":0}}}],"display":{"head":{"translation":[0.0,-6.4,0.0],"rotation":[0.0,0.0,0.0],"scale":[3.8095,3.8095,3.8095]}}}