{"textures":{"0":"modelengine:entity/mso_overlord_stage1"},"elements":[{"name":"cube","from":[7.388,6.788,7.388],"to":[8.612,8.012,8.612],"rotation":{"angle":0.0,"axis":"x","origin":[8.0,7.4,8.0]},"faces":{"down":{"uv":[11.875,10.25,11.625,10.5],"rotation":0,"texture":"#0","tintindex":0},"east":{"uv":[11.625,8.875,11.875,9.125],"rotation":0,"texture":"#0","tintindex":0},"north":{"uv":[8.875,11.625,9.125,11.875],"rotation":0,"texture":"#0","tintindex":0},"south":{"uv":[9.625,11.625,9.875,11.875],"rotation":0,"texture":"#0","tintindex":0},"up":{"uv":[10.375,11.875,10.125,11.625],"rotation":0,"texture":"#0","tintindex":0},"west":{"uv":[9.875,11.625,10.125,11.875],"rotation":0,"texture":"#0","tintindex":0}}}],"display":{"head":{"translation":[0.0,-6.4,0.0],"rotation":[0.0,0.0,0.0],"scale":[3.8095,3.8095,3.8095]}}}