{"textures":{"0":"modelengine:entity/mso_overlord_stage1"},"elements":[{"name":"cube","from":[6.74,7.34,6.14],"to":[9.26,8.66,8.06],"rotation":{"angle":0.0,"axis":"x","origin":[4.7,7.4,3.4999998]},"faces":{"down":{"uv":[11.625,5.25,11.125,5.625],"rotation":0,"texture":"#0","tintindex":0},"east":{"uv":[7.125,7.875,6.75,8.125],"rotation":0,"texture":"#0","tintindex":0},"north":{"uv":[8.625,11.375,9.125,11.625],"rotation":0,"texture":"#0","tintindex":0},"south":{"uv":[9.75,11.375,10.25,11.625],"rotation":0,"texture":"#0","tintindex":0},"up":{"uv":[5.75,11.5,5.25,11.125],"rotation":0,"texture":"#0","tintindex":0},"west":{"uv":[6.75,7.875,7.125,8.125],"rotation":0,"texture":"#0","tintindex":0}}}],"display":{"head":{"translation":[0.0,-6.4,0.0],"rotation":[0.0,0.0,0.0],"scale":[3.8095,3.8095,3.8095]}}}