{"textures":{"0":"modelengine:entity/mso_warmm"},"elements":[{"name":"cube","from":[5.6,5.6375,6.6125],"to":[10.4,10.4375,10.2125],"rotation":{"angle":0.0,"axis":"x","origin":[8.006429,8.545036,12.392903]},"faces":{"down":{"uv":[10.75,3.75,8.75,5.25],"rotation":0,"texture":"#0","tintindex":0},"east":{"uv":[9.75,1.75,8.25,3.75],"rotation":0,"texture":"#0","tintindex":0},"north":{"uv":[2.25,0.0,4.25,2.0],"rotation":0,"texture":"#0","tintindex":0},"south":{"uv":[2.25,2.0,4.25,4.0],"rotation":0,"texture":"#0","tintindex":0},"up":{"uv":[10.25,8.75,8.25,7.25],"rotation":0,"texture":"#0","tintindex":0},"west":{"uv":[8.25,1.75,9.75,3.75],"rotation":0,"texture":"#0","tintindex":0}}},{"name":"cube","from":[5.6,10.4375,3.0124998],"to":[10.4,10.4375,5.4125],"rotation":{"angle":0.0,"axis":"x","origin":[8.006429,8.545036,12.392903]},"faces":{"down":{"uv":[12.75,3.75,10.75,4.75],"rotation":0,"texture":"#0","tintindex":0},"east":{"uv":[0.0,0.0,1.0,0.0],"rotation":0,"texture":"#0","tintindex":0},"north":{"uv":[0.0,0.0,2.0,0.0],"rotation":0,"texture":"#0","tintindex":0},"south":{"uv":[0.0,0.0,2.0,0.0],"rotation":0,"texture":"#0","tintindex":0},"up":{"uv":[12.75,4.75,10.75,3.75],"rotation":0,"texture":"#0","tintindex":0},"west":{"uv":[0.0,0.0,1.0,0.0],"rotation":0,"texture":"#0","tintindex":0}}},{"name":"cube","from":[5.6,5.6375,3.0124998],"to":[10.4,5.6375,5.4125],"rotation":{"angle":0.0,"axis":"x","origin":[8.006429,8.545036,12.392903]},"faces":{"down":{"uv":[10.5,11.0,8.5,12.0],"rotation":0,"texture":"#0","tintindex":0},"east":{"uv":[0.0,0.0,1.0,0.0],"rotation":0,"texture":"#0","tintindex":0},"north":{"uv":[0.0,0.0,2.0,0.0],"rotation":0,"texture":"#0","tintindex":0},"south":{"uv":[0.0,0.0,2.0,0.0],"rotation":0,"texture":"#0","tintindex":0},"up":{"uv":[10.5,12.0,8.5,11.0],"rotation":0,"texture":"#0","tintindex":0},"west":{"uv":[0.0,0.0,1.0,0.0],"rotation":0,"texture":"#0","tintindex":0}}},{"name":"cube","from":[5.6,5.6375,3.0124998],"to":[5.6,10.4375,5.4125],"rotation":{"angle":0.0,"axis":"x","origin":[8.006429,8.545036,12.392903]},"faces":{"down":{"uv":[0.0,0.0,0.0,1.0],"rotation":0,"texture":"#0","tintindex":0},"east":{"uv":[12.0,8.75,11.0,10.75],"rotation":0,"texture":"#0","tintindex":0},"north":{"uv":[0.0,0.0,0.0,2.0],"rotation":0,"texture":"#0","tintindex":0},"south":{"uv":[0.0,0.0,0.0,2.0],"rotation":0,"texture":"#0","tintindex":0},"up":{"uv":[0.0,1.0,0.0,0.0],"rotation":0,"texture":"#0","tintindex":0},"west":{"uv":[11.0,8.75,12.0,10.75],"rotation":0,"texture":"#0","tintindex":0}}},{"name":"cube","from":[10.4,5.6375,3.0124998],"to":[10.4,10.4375,5.4125],"rotation":{"angle":0.0,"axis":"x","origin":[8.006429,8.545036,12.392903]},"faces":{"down":{"uv":[0.0,0.0,0.0,1.0],"rotation":0,"texture":"#0","tintindex":0},"east":{"uv":[10.5,11.0,11.5,13.0],"rotation":0,"texture":"#0","tintindex":0},"north":{"uv":[0.0,0.0,0.0,2.0],"rotation":0,"texture":"#0","tintindex":0},"south":{"uv":[0.0,0.0,0.0,2.0],"rotation":0,"texture":"#0","tintindex":0},"up":{"uv":[0.0,1.0,0.0,0.0],"rotation":0,"texture":"#0","tintindex":0},"west":{"uv":[11.5,11.0,10.5,13.0],"rotation":0,"texture":"#0","tintindex":0}}},{"name":"cube","from":[5.3,5.3374996,5.4125],"to":[10.700001,10.7375,7.2125],"rotation":{"angle":0.0,"axis":"x","origin":[8.006429,8.545036,12.392903]},"faces":{"down":{"uv":[13.5,2.75,11.25,3.5],"rotation":0,"texture":"#0","tintindex":0},"east":{"uv":[4.0,11.25,4.75,13.5],"rotation":0,"texture":"#0","tintindex":0},"north":{"uv":[0.0,0.0,2.25,2.25],"rotation":0,"texture":"#0","tintindex":0},"south":{"uv":[0.0,2.25,2.25,4.5],"rotation":0,"texture":"#0","tintindex":0},"up":{"uv":[13.5,2.75,11.25,2.0],"rotation":0,"texture":"#0","tintindex":0},"west":{"uv":[4.75,11.25,5.5,13.5],"rotation":0,"texture":"#0","tintindex":0}}}],"display":{"head":{"translation":[0.0,-6.4,0.0],"rotation":[0.0,0.0,0.0],"scale":[3.8095,3.8095,3.8095]}}}