{"textures":{"0":"modelengine:entity/mso_warmm"},"elements":[{"name":"cube","from":[8.0,9.2,5.3],"to":[8.0,14.0,9.5],"rotation":{"angle":22.5,"axis":"x","origin":[7.9764285,7.74562,2.507857]},"faces":{"down":{"uv":[0.0,0.0,0.0,1.75],"rotation":0,"texture":"#0","tintindex":0},"east":{"uv":[8.25,2.0,6.5,4.0],"rotation":0,"texture":"#0","tintindex":0},"north":{"uv":[0.0,0.0,0.0,2.0],"rotation":0,"texture":"#0","tintindex":0},"south":{"uv":[0.0,0.0,0.0,2.0],"rotation":0,"texture":"#0","tintindex":0},"up":{"uv":[0.0,1.75,0.0,0.0],"rotation":0,"texture":"#0","tintindex":0},"west":{"uv":[6.5,2.0,8.25,4.0],"rotation":0,"texture":"#0","tintindex":0}}}],"display":{"head":{"translation":[0.0,-6.4,0.0],"rotation":[0.0,0.0,0.0],"scale":[3.8095,3.8095,3.8095]}}}