{"textures":{"0":"modelengine:entity/mso_warmm"},"elements":[{"name":"cube","from":[6.5179996,6.418,7.618],"to":[9.482,9.382,12.982],"rotation":{"angle":0.0,"axis":"x","origin":[8.006429,9.307537,0.7804029]},"faces":{"down":{"uv":[11.0,8.75,9.75,11.0],"rotation":0,"texture":"#0","tintindex":0},"east":{"uv":[5.0,9.0,7.25,10.25],"rotation":0,"texture":"#0","tintindex":0},"north":{"uv":[5.5,11.25,6.75,12.5],"rotation":0,"texture":"#0","tintindex":0},"south":{"uv":[11.25,6.5,12.5,7.75],"rotation":0,"texture":"#0","tintindex":0},"up":{"uv":[11.0,2.25,9.75,0.0],"rotation":0,"texture":"#0","tintindex":0},"west":{"uv":[9.5,5.25,11.75,6.5],"rotation":0,"texture":"#0","tintindex":0}}}],"display":{"head":{"translation":[0.0,-6.4,0.0],"rotation":[0.0,0.0,0.0],"scale":[3.8095,3.8095,3.8095]}}}