{"textures":{"0":"modelengine:entity/mso_warmm"},"elements":[{"name":"cube","from":[6.824,6.824,7.724],"to":[9.176001,9.176001,13.075999],"rotation":{"angle":0.0,"axis":"x","origin":[8.006429,9.707537,-3.9195976]},"faces":{"down":{"uv":[8.5,10.75,7.5,13.0],"rotation":0,"texture":"#0","tintindex":0},"east":{"uv":[3.0,10.25,5.25,11.25],"rotation":0,"texture":"#0","tintindex":0},"north":{"uv":[5.0,7.75,6.0,8.75],"rotation":0,"texture":"#0","tintindex":0},"south":{"uv":[7.25,9.0,8.25,10.0],"rotation":0,"texture":"#0","tintindex":0},"up":{"uv":[11.25,8.75,10.25,6.5],"rotation":0,"texture":"#0","tintindex":0},"west":{"uv":[5.25,10.25,7.5,11.25],"rotation":0,"texture":"#0","tintindex":0}}}],"display":{"head":{"translation":[0.0,-6.4,0.0],"rotation":[0.0,0.0,0.0],"scale":[3.8095,3.8095,3.8095]}}}