{"textures":{"0":"modelengine:entity/mso_warmm"},"elements":[{"name":"cube","from":[5.906,5.606,7.5060005],"to":[10.094,9.794001,12.894],"rotation":{"angle":0.0,"axis":"x","origin":[8.006429,8.507536,10.280403]},"faces":{"down":{"uv":[6.0,5.5,4.25,7.75],"rotation":0,"texture":"#0","tintindex":0},"east":{"uv":[4.25,2.0,6.5,3.75],"rotation":0,"texture":"#0","tintindex":0},"north":{"uv":[7.75,5.5,9.5,7.25],"rotation":0,"texture":"#0","tintindex":0},"south":{"uv":[8.0,0.0,9.75,1.75],"rotation":0,"texture":"#0","tintindex":0},"up":{"uv":[1.75,6.75,0.0,4.5],"rotation":0,"texture":"#0","tintindex":0},"west":{"uv":[4.25,3.75,6.5,5.5],"rotation":0,"texture":"#0","tintindex":0}}}],"display":{"head":{"translation":[0.0,-6.4,0.0],"rotation":[0.0,0.0,0.0],"scale":[3.8095,3.8095,3.8095]}}}