{"textures":{"0":"modelengine:entity/ecnpcs_demon_archer"},"elements":[{"from":[6.493086,5.810864,8.536856],"to":[9.350229,9.810864,9.679713],"rotation":{"angle":0.0,"axis":"y","origin":[7.142857,11.714286,9.142858]},"faces":{"east":{"uv":[7.25,4.125,7.5,5.0],"rotation":0,"texture":"#0","tintindex":0},"south":{"uv":[4.5,0.0,5.125,0.875],"rotation":0,"texture":"#0","tintindex":0},"north":{"uv":[4.375,4.375,5.0,5.25],"rotation":0,"texture":"#0","tintindex":0},"west":{"uv":[7.375,5.0,7.625,5.875],"rotation":0,"texture":"#0","tintindex":0},"up":{"uv":[8.125,4.625,7.5,4.375],"rotation":0,"texture":"#0","tintindex":0},"down":{"uv":[8.125,4.625,7.5,4.875],"rotation":0,"texture":"#0","tintindex":0}}}],"display":{"head":{"translation":[0.0,-6.4,0.0],"scale":[4.0,4.0,4.0]}}}