{"textures":{"0":"modelengine:entity/ecnpcs_demon_archer"},"elements":[{"from":[7.142857,6.1714287,7.8285713],"to":[8.857143,9.6,9.542857],"rotation":{"angle":-45.0,"axis":"x","origin":[8.0,8.971429,9.942858]},"faces":{"east":{"uv":[6.875,2.25,7.25,3.0],"rotation":0,"texture":"#0","tintindex":0},"south":{"uv":[3.0,6.875,3.375,7.625],"rotation":0,"texture":"#0","tintindex":0},"north":{"uv":[6.75,6.75,7.125,7.5],"rotation":0,"texture":"#0","tintindex":0},"west":{"uv":[3.375,6.875,3.75,7.625],"rotation":0,"texture":"#0","tintindex":0},"up":{"uv":[6.75,1.0,6.375,0.625],"rotation":0,"texture":"#0","tintindex":0},"down":{"uv":[5.25,7.75,4.875,8.125],"rotation":0,"texture":"#0","tintindex":0}}},{"from":[7.428571,4.342857,10.4],"to":[8.571428,6.6285715,12.114286],"rotation":{"angle":22.5,"axis":"x","origin":[8.0,8.971429,10.228572]},"faces":{"east":{"uv":[6.5,2.25,6.875,2.75],"rotation":0,"texture":"#0","tintindex":0},"south":{"uv":[1.125,8.25,1.375,8.75],"rotation":0,"texture":"#0","tintindex":0},"north":{"uv":[6.0,8.125,6.25,8.625],"rotation":0,"texture":"#0","tintindex":0},"west":{"uv":[7.25,6.125,7.625,6.625],"rotation":0,"texture":"#0","tintindex":0},"up":{"uv":[6.5,2.0,6.25,1.625],"rotation":0,"texture":"#0","tintindex":0},"down":{"uv":[7.0,1.25,6.75,1.625],"rotation":0,"texture":"#0","tintindex":0}}},{"from":[7.142857,3.885714,8.171429],"to":[8.857143,5.028571,9.885715],"rotation":{"angle":0.0,"axis":"y","origin":[8.0,4.457143,8.4]},"faces":{"east":{"uv":[8.25,2.5,8.625,2.75],"rotation":0,"texture":"#0","tintindex":0},"south":{"uv":[8.25,2.75,8.625,3.0],"rotation":0,"texture":"#0","tintindex":0},"north":{"uv":[8.25,2.25,8.625,2.5],"rotation":0,"texture":"#0","tintindex":0},"west":{"uv":[3.0,8.25,3.375,8.5],"rotation":0,"texture":"#0","tintindex":0},"up":{"uv":[6.25,8.125,5.875,7.75],"rotation":0,"texture":"#0","tintindex":0},"down":{"uv":[1.25,7.875,0.875,8.25],"rotation":0,"texture":"#0","tintindex":0}}}],"display":{"head":{"translation":[0.0,-6.4,0.0],"scale":[4.0,4.0,4.0]}}}