{"textures":{"0":"modelengine:entity/ecnpcs_demon_archer"},"elements":[{"from":[6.649771,6.3822927,8.536856],"to":[9.506914,9.810864,9.679713],"rotation":{"angle":0.0,"axis":"y","origin":[8.857143,11.714286,9.142858]},"faces":{"east":{"uv":[5.125,1.0,5.375,1.75],"rotation":0,"texture":"#0","tintindex":0},"south":{"uv":[5.375,2.0,6.0,2.75],"rotation":0,"texture":"#0","tintindex":0},"north":{"uv":[5.125,3.25,5.75,4.0],"rotation":0,"texture":"#0","tintindex":0},"west":{"uv":[5.625,7.375,5.875,8.125],"rotation":0,"texture":"#0","tintindex":0},"up":{"uv":[7.375,7.75,6.75,7.5],"rotation":0,"texture":"#0","tintindex":0},"down":{"uv":[8.125,6.75,7.5,7.0],"rotation":0,"texture":"#0","tintindex":0}}}],"display":{"head":{"translation":[0.0,-6.4,0.0],"scale":[4.0,4.0,4.0]}}}