{"textures":{"0":"modelengine:entity/mso_overlord","1":"modelengine:entity/mso_overlord_e"},"elements":[{"name":"cube","from":[6.7939997,2.5511415,7.136858],"to":[9.206,7.363142,9.548859],"rotation":{"angle":0.0,"axis":"x","origin":[4.7,-5.242859,2.3428578]},"faces":{"down":{"uv":[11.125,3.75,10.625,4.25],"rotation":0,"texture":"#0","tintindex":0},"east":{"uv":[0.5,9.25,1.0,10.25],"rotation":0,"texture":"#0","tintindex":0},"north":{"uv":[3.875,9.0,4.375,10.0],"rotation":0,"texture":"#0","tintindex":0},"south":{"uv":[7.875,9.0,8.375,10.0],"rotation":0,"texture":"#0","tintindex":0},"up":{"uv":[1.0,11.125,0.5,10.625],"rotation":0,"texture":"#0","tintindex":0},"west":{"uv":[0.0,9.125,0.5,10.125],"rotation":0,"texture":"#0","tintindex":0}}}],"display":{"head":{"translation":[0.0,-6.4,0.0],"rotation":[0.0,0.0,0.0],"scale":[3.8095,3.8095,3.8095]}}}