{
	"credit": "Made with Blockbench",
	"texture_size": [24, 24],
	"textures": {
		"0": "item/sword/animation-1",
		"1": "item/sword/texture",
		"particle": "item/sword/animation-1"
	},
	"elements": [
		{
			"from": [7.28, 1.08, 7.3],
			"to": [8.68, 6.68, 8.7],
			"rotation": {"angle": 0, "axis": "y", "origin": [7.98, 8.22, 8]},
			"faces": {
				"north": {"uv": [2.75, 4.516, 2.016, 7.25], "texture": "#0"},
				"east": {"uv": [1.75, 4.516, 1.016, 7.25], "texture": "#0"},
				"south": {"uv": [0.75, 4.516, 0.016, 7.25], "texture": "#0"},
				"west": {"uv": [1.016, 4.516, 1.75, 7.25], "texture": "#0"},
				"up": {"uv": [10.75, 3.016, 10.016, 3.75], "texture": "#0"},
				"down": {"uv": [4.75, 10.75, 4.016, 10.016], "texture": "#0"}
			}
		},
		{
			"from": [7.28, 6.82, 7.3],
			"to": [8.68, 7.94, 8.7],
			"rotation": {"angle": 0, "axis": "y", "origin": [7.98, 8.22, 8]},
			"faces": {
				"north": {"uv": [11.25, 11.016, 10.516, 11.484], "texture": "#0"},
				"east": {"uv": [11.75, 10.016, 11.016, 10.484], "texture": "#0"},
				"south": {"uv": [10.25, 11.016, 9.516, 11.484], "texture": "#0"},
				"west": {"uv": [11.75, 10.516, 11.016, 10.984], "texture": "#0"},
				"up": {"uv": [10.75, 8.016, 10.016, 8.75], "texture": "#0"},
				"down": {"uv": [9.75, 10.75, 9.016, 10.016], "texture": "#0"}
			}
		},
		{
			"from": [8.045, -2.1658, 2.38573],
			"to": [8.045, 4.7222, 8.90063],
			"rotation": {"angle": -22.5, "axis": "x", "origin": [8.045, 10.0982, 11.50618]},
			"faces": {
				"north": {"uv": [0.016, 0.016, -0.02133, 4.25], "texture": "#0"},
				"east": {"uv": [12.032, 0.02133, 15.97867, 4.234], "texture": "#0"},
				"south": {"uv": [0.016, 0.016, -0.02133, 4.25], "texture": "#0"},
				"west": {"uv": [15.97867, 0.02133, 12.032, 4.234], "texture": "#0"},
				"up": {"uv": [0.016, 3.984, -0.02133, 0.016], "texture": "#0"},
				"down": {"uv": [0.016, 0.016, -0.02133, 3.984], "texture": "#0"}
			}
		},
		{
			"from": [8.045, 9.3842, 2.48573],
			"to": [8.045, 16.2722, 9.00063],
			"rotation": {"angle": -22.5, "axis": "x", "origin": [8.045, 10.0982, 11.50618]},
			"faces": {
				"north": {"uv": [0.016, 0.016, -0.02133, 4.25], "texture": "#1"},
				"east": {"uv": [12.032, 0.02133, 15.97867, 4.234], "texture": "#1"},
				"south": {"uv": [0.016, 0.016, -0.02133, 4.25], "texture": "#1"},
				"west": {"uv": [15.97867, 0.02133, 12.032, 4.234], "texture": "#1"},
				"up": {"uv": [0.016, 3.984, -0.02133, 0.016], "texture": "#1"},
				"down": {"uv": [0.016, 0.016, -0.02133, 3.984], "texture": "#1"}
			}
		},
		{
			"from": [8.045, 18.3842, 7.58573],
			"to": [8.045, 25.2722, 14.10063],
			"rotation": {"angle": -22.5, "axis": "x", "origin": [8.045, 10.0982, 11.50618]},
			"faces": {
				"north": {"uv": [0.016, 0.016, -0.02133, 4.25], "texture": "#1"},
				"east": {"uv": [12.05333, 5.02133, 16, 9.234], "texture": "#1"},
				"south": {"uv": [0.016, 0.016, -0.02133, 4.25], "texture": "#1"},
				"west": {"uv": [16, 5.02133, 12.05333, 9.234], "texture": "#1"},
				"up": {"uv": [0.016, 3.984, -0.02133, 0.016], "texture": "#1"},
				"down": {"uv": [0.016, 0.016, -0.02133, 3.984], "texture": "#1"}
			}
		},
		{
			"from": [8.045, 18.3842, 1.89937],
			"to": [8.045, 25.2722, 8.41427],
			"rotation": {"angle": 22.5, "axis": "x", "origin": [8.045, 10.0982, 4.49382]},
			"faces": {
				"north": {"uv": [-0.02133, 0.016, 0.016, 4.25], "texture": "#1"},
				"east": {"uv": [16, 5.02133, 12.05333, 9.234], "texture": "#1"},
				"south": {"uv": [-0.02133, 0.016, 0.016, 4.25], "texture": "#1"},
				"west": {"uv": [12.05333, 5.02133, 16, 9.234], "texture": "#1"},
				"up": {"uv": [0.016, 0.016, -0.02133, 3.984], "texture": "#1"},
				"down": {"uv": [0.016, 3.984, -0.02133, 0.016], "texture": "#1"}
			}
		},
		{
			"from": [8.045, 9.3842, 6.99937],
			"to": [8.045, 16.2722, 13.51427],
			"rotation": {"angle": 22.5, "axis": "x", "origin": [8.045, 10.0982, 4.49382]},
			"faces": {
				"north": {"uv": [-0.02133, 0.016, 0.016, 4.25], "texture": "#1"},
				"east": {"uv": [15.97867, 0.02133, 12.032, 4.234], "texture": "#1"},
				"south": {"uv": [-0.02133, 0.016, 0.016, 4.25], "texture": "#1"},
				"west": {"uv": [12.032, 0.02133, 15.97867, 4.234], "texture": "#1"},
				"up": {"uv": [0.016, 0.016, -0.02133, 3.984], "texture": "#1"},
				"down": {"uv": [0.016, 3.984, -0.02133, 0.016], "texture": "#1"}
			}
		},
		{
			"from": [7, 1.5, 7.02],
			"to": [8.96, 2.34, 8.98],
			"rotation": {"angle": 0, "axis": "y", "origin": [7.98, 8.22, 8]},
			"faces": {
				"north": {"uv": [11.484, 2.016, 10.516, 2.484], "texture": "#0"},
				"east": {"uv": [2.984, 10.516, 2.016, 10.984], "texture": "#0"},
				"south": {"uv": [11.484, 1.516, 10.516, 1.984], "texture": "#0"},
				"west": {"uv": [11.484, 2.516, 10.516, 2.984], "texture": "#0"},
				"up": {"uv": [8.984, 5.516, 8.016, 6.484], "texture": "#0"},
				"down": {"uv": [6.984, 8.984, 6.016, 8.016], "texture": "#0"}
			}
		},
		{
			"from": [7, 6.12, 7.02],
			"to": [8.96, 6.96, 8.98],
			"rotation": {"angle": 0, "axis": "y", "origin": [7.98, 8.22, 8]},
			"faces": {
				"north": {"uv": [2.984, 11.016, 2.016, 11.484], "texture": "#0"},
				"east": {"uv": [5.984, 10.516, 5.016, 10.984], "texture": "#0"},
				"south": {"uv": [3.984, 10.516, 3.016, 10.984], "texture": "#0"},
				"west": {"uv": [3.984, 11.016, 3.016, 11.484], "texture": "#0"},
				"up": {"uv": [8.984, 6.516, 8.016, 7.484], "texture": "#0"},
				"down": {"uv": [8.984, 8.484, 8.016, 7.516], "texture": "#0"}
			}
		},
		{
			"from": [6.86, 7.6, 6.88],
			"to": [9.1, 8.44, 9.12],
			"rotation": {"angle": 0, "axis": "y", "origin": [7.98, 7.78, 8]},
			"faces": {
				"north": {"uv": [4.984, 11.484, 4.016, 11.016], "texture": "#0"},
				"east": {"uv": [11.984, 3.984, 11.016, 3.516], "texture": "#0"},
				"south": {"uv": [11.984, 3.484, 11.016, 3.016], "texture": "#0"},
				"west": {"uv": [11.984, 4.484, 11.016, 4.016], "texture": "#0"},
				"up": {"uv": [8.984, 8.516, 8.016, 9.484], "texture": "#0"},
				"down": {"uv": [7.984, 9.484, 7.016, 8.516], "texture": "#0"}
			}
		},
		{
			"from": [7.14, 0.24, 7.16],
			"to": [8.82, 1.92, 8.84],
			"rotation": {"angle": -45, "axis": "x", "origin": [7.98, 1.08, 8]},
			"faces": {
				"north": {"uv": [6.75, 10.016, 6.016, 10.75], "texture": "#0"},
				"east": {"uv": [10.75, 5.016, 10.016, 5.75], "texture": "#0"},
				"south": {"uv": [10.75, 4.016, 10.016, 4.75], "texture": "#0"},
				"west": {"uv": [10.016, 5.016, 10.75, 5.75], "texture": "#0"},
				"up": {"uv": [7.75, 10.016, 7.016, 10.75], "texture": "#0"},
				"down": {"uv": [10.75, 7.75, 10.016, 7.016], "texture": "#0"}
			}
		},
		{
			"from": [7.5, 7.06298, 4.00981],
			"to": [8.5, 8.36298, 7.00981],
			"rotation": {"angle": -22.5, "axis": "x", "origin": [8, 10.01298, 7.30981]},
			"faces": {
				"north": {"uv": [6.688, 5.35467, 6.84533, 6.33333], "texture": "#1"},
				"east": {"uv": [8.64533, 5.35467, 6.688, 6.33333], "texture": "#1"},
				"south": {"uv": [3.35467, 9.35467, 3.97867, 10.33333], "texture": "#1"},
				"west": {"uv": [6.688, 5.35467, 8.64533, 6.33333], "texture": "#1"},
				"up": {"uv": [6.688, 5.388, 8.64633, 5.52967], "rotation": 90, "texture": "#1"},
				"down": {"uv": [8.64633, 6.05467, 6.688, 6.19633], "rotation": 90, "texture": "#1"}
			}
		},
		{
			"from": [7.6, 7.55, 6],
			"to": [8.4, 20.85, 10],
			"rotation": {"angle": 0, "axis": "y", "origin": [8, 8, 8]},
			"faces": {
				"north": {"uv": [2.688, 0.02133, 2.9, 9], "texture": "#1"},
				"east": {"uv": [5.312, 0.02133, 2.688, 9], "texture": "#1"},
				"south": {"uv": [5.06667, 0.02133, 5.312, 9], "texture": "#1"},
				"west": {"uv": [2.688, 0.02133, 5.312, 9], "texture": "#1"},
				"up": {"uv": [2.688, 0.02133, 5.33333, 0.2], "rotation": 90, "texture": "#1"},
				"down": {"uv": [7.97867, 6.688, 7.35467, 9.312], "texture": "#1"}
			}
		},
		{
			"from": [7.65, 17.48805, 3.05853],
			"to": [8.35, 20.31305, 5.88353],
			"rotation": {"angle": -45, "axis": "x", "origin": [8, 24.13805, 3.88353]},
			"faces": {
				"north": {"uv": [9.35467, 0.02133, 9.66667, 1.97867], "texture": "#1"},
				"east": {"uv": [8.64533, 2.02133, 6.688, 3.97867], "texture": "#1"},
				"south": {"uv": [8.53333, 2.02133, 8.64533, 3.97867], "texture": "#1"},
				"west": {"uv": [6.688, 2.02133, 8.64533, 3.97867], "texture": "#1"},
				"up": {"uv": [6.688, 2.02133, 8.64533, 2.15], "rotation": 90, "texture": "#1"},
				"down": {"uv": [9.66667, 2.02133, 9.35467, 3.97867], "texture": "#1"}
			}
		},
		{
			"from": [7.3, 6.86298, 4.95981],
			"to": [8.7, 8.56298, 5.53481],
			"rotation": {"angle": -22.5, "axis": "x", "origin": [8, 10.01298, 7.30981]},
			"faces": {
				"north": {"uv": [9.35467, 6.688, 9.63333, 7.66667], "texture": "#1"},
				"east": {"uv": [9.66667, 6.688, 9.35467, 7.66667], "texture": "#1"},
				"south": {"uv": [9.35467, 6.688, 9.63333, 7.66667], "texture": "#1"},
				"west": {"uv": [9.35467, 6.688, 9.63333, 7.66667], "texture": "#1"},
				"up": {"uv": [9.35467, 6.72133, 9.63333, 6.76667], "texture": "#1"},
				"down": {"uv": [9.35467, 7.42133, 9.63333, 7.53333], "texture": "#1"}
			}
		},
		{
			"from": [7.172, 11.923, 7.244],
			"to": [8.788, 13.435, 8.756],
			"rotation": {"angle": -45, "axis": "x", "origin": [7.98, 12.679, 8]},
			"faces": {
				"north": {"uv": [9.984, 1.016, 9.016, 1.75], "texture": "#0"},
				"east": {"uv": [10.75, 9.016, 10.016, 9.75], "texture": "#0"},
				"south": {"uv": [9.984, 0.016, 9.016, 0.75], "texture": "#0"},
				"west": {"uv": [10.016, 9.016, 10.75, 9.75], "texture": "#0"},
				"up": {"uv": [9.984, 2.016, 9.016, 2.75], "texture": "#0"},
				"down": {"uv": [9.984, 3.75, 9.016, 3.016], "texture": "#0"}
			}
		},
		{
			"from": [7.046, 11.923, 6.866],
			"to": [8.914, 12.679, 9.134],
			"rotation": {"angle": 0, "axis": "y", "origin": [7.98, 7.387, 8]},
			"faces": {
				"north": {"uv": [11.25, 0.516, 10.016, 0.984], "texture": "#0"},
				"east": {"uv": [11.25, 0.016, 10.016, 0.484], "texture": "#0"},
				"south": {"uv": [8.25, 9.516, 7.016, 9.984], "texture": "#0"},
				"west": {"uv": [11.25, 1.016, 10.016, 1.484], "texture": "#0"},
				"up": {"uv": [5.25, 6.516, 4.016, 7.75], "texture": "#0"},
				"down": {"uv": [6.75, 7.75, 5.516, 6.516], "texture": "#0"}
			}
		},
		{
			"from": [7.6, 5.34206, 3.95267],
			"to": [8.4, 8.14206, 5.05267],
			"rotation": {"angle": -22.5, "axis": "x", "origin": [8, 8.44206, 2.60267]},
			"faces": {
				"north": {"uv": [8.02133, 8.688, 8.17867, 10.64533], "texture": "#1"},
				"east": {"uv": [8.64533, 8.688, 8.02133, 10.64533], "texture": "#1"},
				"south": {"uv": [8.55467, 8.688, 8.64533, 10.64533], "texture": "#1"},
				"west": {"uv": [8.02133, 8.688, 8.64533, 10.64533], "texture": "#1"},
				"up": {"uv": [4.64533, 9.97867, 4.02133, 9.35467], "texture": "#1"},
				"down": {"uv": [8.088, 10.488, 8.24533, 10.57867], "texture": "#1"}
			}
		},
		{
			"from": [7.6, 8.36447, 4.4586],
			"to": [8.4, 9.13947, 5.5586],
			"rotation": {"angle": 22.5, "axis": "x", "origin": [8, 9.76447, 5.0086]},
			"faces": {
				"north": {"uv": [9.35467, 5.35467, 9.97867, 5.97867], "texture": "#1"},
				"east": {"uv": [9.35467, 5.35467, 9.97867, 5.97867], "texture": "#1"},
				"south": {"uv": [9.35467, 5.35467, 9.97867, 5.97867], "texture": "#1"},
				"west": {"uv": [9.35467, 5.35467, 9.97867, 5.97867], "texture": "#1"},
				"up": {"uv": [9.35467, 5.35467, 9.97867, 5.97867], "texture": "#1"},
				"down": {"uv": [9.35467, 5.35467, 9.97867, 5.97867], "texture": "#1"}
			}
		},
		{
			"from": [7.6, 8.36447, 10.4414],
			"to": [8.4, 9.13947, 11.5414],
			"rotation": {"angle": -22.5, "axis": "x", "origin": [8, 9.76447, 10.9914]},
			"faces": {
				"north": {"uv": [9.97867, 5.35467, 9.35467, 5.97867], "texture": "#1"},
				"east": {"uv": [9.97867, 5.35467, 9.35467, 5.97867], "texture": "#1"},
				"south": {"uv": [9.97867, 5.35467, 9.35467, 5.97867], "texture": "#1"},
				"west": {"uv": [9.97867, 5.35467, 9.35467, 5.97867], "texture": "#1"},
				"up": {"uv": [9.35467, 5.97867, 9.97867, 5.35467], "texture": "#1"},
				"down": {"uv": [9.35467, 5.97867, 9.97867, 5.35467], "texture": "#1"}
			}
		},
		{
			"from": [7.6, 5.34206, 10.94733],
			"to": [8.4, 8.14206, 12.04733],
			"rotation": {"angle": 22.5, "axis": "x", "origin": [8, 8.44206, 13.39733]},
			"faces": {
				"north": {"uv": [8.64533, 8.688, 8.55467, 10.64533], "texture": "#1"},
				"east": {"uv": [8.02133, 8.688, 8.64533, 10.64533], "texture": "#1"},
				"south": {"uv": [8.17867, 8.688, 8.02133, 10.64533], "texture": "#1"},
				"west": {"uv": [8.64533, 8.688, 8.02133, 10.64533], "texture": "#1"},
				"up": {"uv": [4.64533, 9.35467, 4.02133, 9.97867], "texture": "#1"},
				"down": {"uv": [8.088, 10.57867, 8.24533, 10.488], "texture": "#1"}
			}
		},
		{
			"from": [7.3, 6.86298, 10.46519],
			"to": [8.7, 8.56298, 11.04019],
			"rotation": {"angle": 22.5, "axis": "x", "origin": [8, 10.01298, 8.69019]},
			"faces": {
				"north": {"uv": [9.63333, 6.688, 9.35467, 7.66667], "texture": "#1"},
				"east": {"uv": [9.35467, 6.688, 9.66667, 7.66667], "texture": "#1"},
				"south": {"uv": [9.63333, 6.688, 9.35467, 7.66667], "texture": "#1"},
				"west": {"uv": [9.63333, 6.688, 9.35467, 7.66667], "texture": "#1"},
				"up": {"uv": [9.35467, 6.76667, 9.63333, 6.72133], "texture": "#1"},
				"down": {"uv": [9.35467, 7.53333, 9.63333, 7.42133], "texture": "#1"}
			}
		},
		{
			"from": [7.5, 7.06298, 8.99019],
			"to": [8.5, 8.36298, 11.99019],
			"rotation": {"angle": 22.5, "axis": "x", "origin": [8, 10.01298, 8.69019]},
			"faces": {
				"north": {"uv": [3.97867, 9.35467, 3.35467, 10.33333], "texture": "#1"},
				"east": {"uv": [6.688, 5.35467, 8.64533, 6.33333], "texture": "#1"},
				"south": {"uv": [6.84533, 5.35467, 6.688, 6.33333], "texture": "#1"},
				"west": {"uv": [8.64533, 5.35467, 6.688, 6.33333], "texture": "#1"},
				"up": {"uv": [8.64633, 5.388, 6.688, 5.52967], "rotation": 90, "texture": "#1"},
				"down": {"uv": [6.688, 6.05467, 8.64633, 6.19633], "rotation": 90, "texture": "#1"}
			}
		},
		{
			"from": [7.14, 8.22, 7.16],
			"to": [8.82, 12.42, 8.84],
			"rotation": {"angle": 0, "axis": "y", "origin": [7.98, 8.22, 8]},
			"faces": {
				"north": {"uv": [8.75, 0.016, 8.016, 1.984], "texture": "#0"},
				"east": {"uv": [8.75, 0.016, 8.016, 1.984], "texture": "#0"},
				"south": {"uv": [8.75, 0.016, 8.016, 1.984], "texture": "#0"},
				"west": {"uv": [8.75, 0.016, 8.016, 1.984], "texture": "#0"},
				"up": {"uv": [0.75, 10.516, 0.016, 11.25], "texture": "#0"},
				"down": {"uv": [1.75, 11.25, 1.016, 10.516], "texture": "#0"}
			}
		}
	],
	"gui_light": "front",
	"display": {
		"thirdperson_righthand": {
			"translation": [0, 2, 1.75],
			"scale": [1.08, 1.08, 1.08]
		},
		"thirdperson_lefthand": {
			"translation": [0, 2, 1.75],
			"scale": [1.08, 1.08, 1.08]
		},
		"firstperson_righthand": {
			"translation": [2.5, 1.75, 0],
			"scale": [0.94, 0.94, 0.94]
		},
		"firstperson_lefthand": {
			"translation": [2.5, 1.75, 0],
			"scale": [0.94, 0.94, 0.94]
		},
		"ground": {
			"rotation": [0, 0, 35],
			"scale": [0.5, 0.5, 0.5]
		},
		"gui": {
			"rotation": [90, 41, -85],
			"translation": [-2, -1.25, 0],
			"scale": [0.77, 0.77, 0.77]
		},
		"fixed": {
			"rotation": [0, -88, 0],
			"translation": [0, -0.25, -3.25],
			"scale": [1.73, 1.73, 1.73]
		}
	}
}