{"textures":{"0":"modelengine:entity/kur"},"elements":[{"from":[6.5714283,7.044538,7.4554853],"to":[9.428572,9.901681,10.884057],"rotation":{"angle":-45.0,"axis":"x","origin":[6.857143,9.615967,10.026914]},"faces":{"east":{"uv":[8.625,1.0,9.375,1.625],"rotation":0,"texture":"#0","tintindex":0},"south":{"uv":[9.0,3.375,9.625,4.0],"rotation":0,"texture":"#0","tintindex":0},"north":{"uv":[6.375,8.75,7.0,9.375],"rotation":0,"texture":"#0","tintindex":0},"west":{"uv":[8.625,1.625,9.375,2.25],"rotation":0,"texture":"#0","tintindex":0},"up":{"uv":[4.125,9.375,3.5,8.625],"rotation":0,"texture":"#0","tintindex":0},"down":{"uv":[4.75,8.625,4.125,9.375],"rotation":0,"texture":"#0","tintindex":0}}},{"from":[7.142857,4.187395,7.4554853],"to":[8.857143,7.044538,9.7411995],"rotation":{"angle":-45.0,"axis":"x","origin":[6.285714,9.615967,10.026914]},"faces":{"east":{"uv":[9.25,8.0,9.75,8.625],"rotation":0,"texture":"#0","tintindex":0},"south":{"uv":[6.0,9.5,6.375,10.125],"rotation":0,"texture":"#0","tintindex":0},"north":{"uv":[6.625,9.375,7.0,10.0],"rotation":0,"texture":"#0","tintindex":0},"west":{"uv":[0.5,9.375,1.0,10.0],"rotation":0,"texture":"#0","tintindex":0},"up":{"uv":[8.125,10.375,7.75,9.875],"rotation":0,"texture":"#0","tintindex":0},"down":{"uv":[8.5,9.875,8.125,10.375],"rotation":0,"texture":"#0","tintindex":0}}}],"display":{"head":{"translation":[0.0,-6.4,0.0],"scale":[4.0,4.0,4.0]}}}