{"textures":{"0":"modelengine:entity/kur"},"elements":[{"from":[6.285714,7.198863,-4.474473],"to":[9.714286,12.341721,0.09695673],"rotation":{"angle":-22.5,"axis":"x","origin":[6.285714,8.341721,-3.0459013]},"faces":{"east":{"uv":[0.0,6.0,1.0,7.125],"rotation":0,"texture":"#0","tintindex":0},"south":{"uv":[0.0,7.125,0.75,8.25],"rotation":0,"texture":"#0","tintindex":0},"north":{"uv":[6.875,1.5,7.625,2.625],"rotation":0,"texture":"#0","tintindex":0},"west":{"uv":[1.0,6.0,2.0,7.125],"rotation":0,"texture":"#0","tintindex":0},"up":{"uv":[5.625,8.125,4.875,7.125],"rotation":0,"texture":"#0","tintindex":0},"down":{"uv":[6.375,7.125,5.625,8.125],"rotation":0,"texture":"#0","tintindex":0}}},{"from":[8.057143,13.198863,-3.9030437],"to":[8.057143,15.484577,1.2398138],"rotation":{"angle":0.0,"axis":"y","origin":[6.285714,8.341721,-3.0459013]},"faces":{"east":{"uv":[8.125,4.0,9.25,4.5],"rotation":0,"texture":"#0","tintindex":0},"south":{"uv":[0.0,0.0,0.0,0.5],"rotation":0,"texture":"#0","tintindex":0},"north":{"uv":[0.0,0.0,0.0,0.5],"rotation":0,"texture":"#0","tintindex":0},"west":{"uv":[9.25,4.0,8.125,4.5],"rotation":0,"texture":"#0","tintindex":0},"up":{"uv":[0.0,1.125,0.0,0.0],"rotation":0,"texture":"#0","tintindex":0},"down":{"uv":[0.0,0.0,0.0,1.125],"rotation":0,"texture":"#0","tintindex":0}}},{"from":[4.5714283,4.0971165,-3.4028406],"to":[11.428572,13.239974,3.4543037],"rotation":{"angle":0.0,"axis":"y","origin":[8.0,7.239974,7.740018]},"faces":{"east":{"uv":[3.0,2.0,1.5,4.0],"rotation":0,"texture":"#0","tintindex":0},"south":{"uv":[0.0,2.0,1.5,4.0],"rotation":0,"texture":"#0","tintindex":0},"north":{"uv":[0.0,0.0,1.5,2.0],"rotation":0,"texture":"#0","tintindex":0},"west":{"uv":[1.5,2.0,3.0,4.0],"rotation":0,"texture":"#0","tintindex":0},"up":{"uv":[6.5,1.5,5.0,0.0],"rotation":0,"texture":"#0","tintindex":0},"down":{"uv":[4.0,5.0,2.5,6.5],"rotation":0,"texture":"#0","tintindex":0}}},{"from":[8.0,2.3828306,-4.545697],"to":[8.0,7.525688,6.311446],"rotation":{"angle":0.0,"axis":"y","origin":[8.0,7.239974,7.740018]},"faces":{"east":{"uv":[5.375,3.875,3.0,5.0],"rotation":0,"texture":"#0","tintindex":0},"south":{"uv":[0.0,0.0,0.0,1.125],"rotation":0,"texture":"#0","tintindex":0},"north":{"uv":[0.0,0.0,0.0,1.125],"rotation":0,"texture":"#0","tintindex":0},"west":{"uv":[3.0,3.875,5.375,5.0],"rotation":0,"texture":"#0","tintindex":0},"up":{"uv":[0.0,2.375,0.0,0.0],"rotation":0,"texture":"#0","tintindex":0},"down":{"uv":[0.0,0.0,0.0,2.375],"rotation":0,"texture":"#0","tintindex":0}}},{"from":[5.142857,5.0230975,2.2745218],"to":[10.857143,11.308812,11.417379],"rotation":{"angle":22.5,"axis":"x","origin":[8.0,8.737384,4.8459506]},"faces":{"east":{"uv":[5.0,1.375,3.0,2.75],"rotation":0,"texture":"#0","tintindex":0},"south":{"uv":[5.25,5.0,6.5,6.375],"rotation":0,"texture":"#0","tintindex":0},"north":{"uv":[4.0,5.0,5.25,6.375],"rotation":0,"texture":"#0","tintindex":0},"west":{"uv":[3.0,1.375,5.0,2.75],"rotation":0,"texture":"#0","tintindex":0},"up":{"uv":[1.25,6.0,0.0,4.0],"rotation":0,"texture":"#0","tintindex":0},"down":{"uv":[2.5,4.0,1.25,6.0],"rotation":0,"texture":"#0","tintindex":0}}},{"from":[8.0,11.308812,6.2745223],"to":[8.0,13.023098,11.988808],"rotation":{"angle":22.5,"axis":"x","origin":[8.0,8.737384,4.8459506]},"faces":{"east":{"uv":[9.625,0.0,8.375,0.375],"rotation":0,"texture":"#0","tintindex":0},"south":{"uv":[0.0,0.0,0.0,0.375],"rotation":0,"texture":"#0","tintindex":0},"north":{"uv":[0.0,0.0,0.0,0.375],"rotation":0,"texture":"#0","tintindex":0},"west":{"uv":[8.375,0.0,9.625,0.375],"rotation":0,"texture":"#0","tintindex":0},"up":{"uv":[0.0,1.25,0.0,0.0],"rotation":0,"texture":"#0","tintindex":0},"down":{"uv":[0.0,0.0,0.0,1.25],"rotation":0,"texture":"#0","tintindex":0}}},{"from":[5.142857,10.123386,-6.1378183],"to":[10.857143,12.98053,-2.7092466],"rotation":{"angle":0.0,"axis":"y","origin":[8.0,8.551958,8.147897]},"faces":{"east":{"uv":[7.125,8.5,7.875,9.125],"rotation":0,"texture":"#0","tintindex":0},"south":{"uv":[0.75,7.125,2.0,7.75],"rotation":0,"texture":"#0","tintindex":0},"north":{"uv":[6.5,5.75,7.75,6.375],"rotation":0,"texture":"#0","tintindex":0},"west":{"uv":[8.5,8.0,9.25,8.625],"rotation":0,"texture":"#0","tintindex":0},"up":{"uv":[7.75,0.75,6.5,0.0],"rotation":0,"texture":"#0","tintindex":0},"down":{"uv":[7.75,0.75,6.5,1.5],"rotation":0,"texture":"#0","tintindex":0}}},{"from":[3.4285712,9.123386,-0.9949608],"to":[5.142857,15.4091015,1.2907534],"rotation":{"angle":0.0,"axis":"y","origin":[8.0,8.551958,8.147897]},"faces":{"east":{"uv":[2.0,7.75,2.5,9.125],"rotation":0,"texture":"#0","tintindex":0},"south":{"uv":[8.25,1.125,8.625,2.5],"rotation":0,"texture":"#0","tintindex":0},"north":{"uv":[6.0,8.125,6.375,9.5],"rotation":0,"texture":"#0","tintindex":0},"west":{"uv":[2.5,7.75,3.0,9.125],"rotation":0,"texture":"#0","tintindex":0},"up":{"uv":[10.125,7.5,9.75,7.0],"rotation":0,"texture":"#0","tintindex":0},"down":{"uv":[10.125,8.0,9.75,8.5],"rotation":0,"texture":"#0","tintindex":0}}},{"from":[5.142857,13.694815,-0.4235325],"to":[10.857143,14.837672,0.7193246],"rotation":{"angle":0.0,"axis":"y","origin":[8.0,8.551958,8.147897]},"faces":{"east":{"uv":[10.5,0.75,10.75,1.0],"rotation":0,"texture":"#0","tintindex":0},"south":{"uv":[10.5,0.5,11.75,0.75],"rotation":0,"texture":"#0","tintindex":0},"north":{"uv":[10.5,1.0,11.75,1.25],"rotation":0,"texture":"#0","tintindex":0},"west":{"uv":[10.75,0.75,11.0,1.0],"rotation":0,"texture":"#0","tintindex":0},"up":{"uv":[11.75,0.25,10.5,0.0],"rotation":0,"texture":"#0","tintindex":0},"down":{"uv":[11.75,0.25,10.5,0.5],"rotation":0,"texture":"#0","tintindex":0}}},{"from":[10.857143,9.123386,-0.9949608],"to":[12.571428,15.4091015,1.2907534],"rotation":{"angle":0.0,"axis":"y","origin":[8.0,8.551958,8.147897]},"faces":{"east":{"uv":[3.0,7.75,2.5,9.125],"rotation":0,"texture":"#0","tintindex":0},"south":{"uv":[8.625,1.125,8.25,2.5],"rotation":0,"texture":"#0","tintindex":0},"north":{"uv":[6.375,8.125,6.0,9.5],"rotation":0,"texture":"#0","tintindex":0},"west":{"uv":[2.5,7.75,2.0,9.125],"rotation":0,"texture":"#0","tintindex":0},"up":{"uv":[9.75,7.5,10.125,7.0],"rotation":0,"texture":"#0","tintindex":0},"down":{"uv":[9.75,8.0,10.125,8.5],"rotation":0,"texture":"#0","tintindex":0}}}],"display":{"head":{"translation":[0.0,-6.4,0.0],"scale":[4.0,4.0,4.0]}}}