{"textures":{"0":"modelengine:entity/kur"},"elements":[{"from":[7.142857,5.7227335,5.700715],"to":[8.857143,8.008449,7.9864297],"rotation":{"angle":0.0,"axis":"y","origin":[4.5714283,6.579877,7.7007155]},"faces":{"east":{"uv":[9.875,8.625,9.375,9.125],"rotation":0,"texture":"#0","tintindex":0},"south":{"uv":[10.25,3.75,9.875,4.25],"rotation":0,"texture":"#0","tintindex":0},"north":{"uv":[2.75,9.875,2.375,10.375],"rotation":0,"texture":"#0","tintindex":0},"west":{"uv":[2.5,6.0,2.0,6.5],"rotation":0,"texture":"#0","tintindex":0},"up":{"uv":[7.0,10.375,7.375,9.875],"rotation":0,"texture":"#0","tintindex":0},"down":{"uv":[7.375,9.875,7.75,10.375],"rotation":0,"texture":"#0","tintindex":0}}}],"display":{"head":{"translation":[0.0,-6.4,0.0],"scale":[4.0,4.0,4.0]}}}