{"textures":{"0":"modelengine:entity/kur"},"elements":[{"from":[6.285714,5.8571424,1.8571424],"to":[9.714286,7.5714283,4.714286],"rotation":{"angle":-22.5,"axis":"x","origin":[8.0,7.857143,2.5714283]},"faces":{"east":{"uv":[9.125,9.125,8.5,9.5],"rotation":0,"texture":"#0","tintindex":0},"south":{"uv":[9.375,0.75,10.125,1.125],"rotation":0,"texture":"#0","tintindex":0},"north":{"uv":[9.25,4.5,10.0,4.875],"rotation":0,"texture":"#0","tintindex":0},"west":{"uv":[8.5,9.125,9.125,9.5],"rotation":0,"texture":"#0","tintindex":0},"up":{"uv":[8.5,6.125,7.75,5.5],"rotation":0,"texture":"#0","tintindex":0},"down":{"uv":[7.125,7.875,6.375,8.5],"rotation":0,"texture":"#0","tintindex":0}}},{"from":[7.142857,6.285714,2.4285712],"to":[8.857143,6.857143,2.4285712],"rotation":{"angle":0.0,"axis":"x","origin":[8.0,6.285714,2.2857141]},"faces":{"east":{"uv":[0.0,0.0,0.0,0.125],"rotation":0,"texture":"#0","tintindex":0},"south":{"uv":[6.125,4.875,6.5,5.0],"rotation":0,"texture":"#0","tintindex":0},"north":{"uv":[6.0,2.625,6.375,2.75],"rotation":0,"texture":"#0","tintindex":0},"west":{"uv":[0.0,0.0,0.0,0.125],"rotation":0,"texture":"#0","tintindex":0},"up":{"uv":[0.375,0.0,0.0,0.0],"rotation":0,"texture":"#0","tintindex":0},"down":{"uv":[0.375,0.0,0.0,0.0],"rotation":0,"texture":"#0","tintindex":0}}},{"from":[5.714286,6.9441376,5.008781],"to":[10.285714,9.801281,8.437352],"rotation":{"angle":-22.5,"axis":"x","origin":[8.285714,8.086995,6.723067]},"faces":{"east":{"uv":[8.375,0.375,9.125,1.0],"rotation":0,"texture":"#0","tintindex":0},"south":{"uv":[8.0,7.375,9.0,8.0],"rotation":0,"texture":"#0","tintindex":0},"north":{"uv":[8.0,3.375,9.0,4.0],"rotation":0,"texture":"#0","tintindex":0},"west":{"uv":[9.125,0.375,8.375,1.0],"rotation":0,"texture":"#0","tintindex":0},"up":{"uv":[7.375,7.875,6.375,7.125],"rotation":0,"texture":"#0","tintindex":0},"down":{"uv":[8.25,2.625,7.25,3.375],"rotation":0,"texture":"#0","tintindex":0}}},{"from":[3.372003,4.482055,7.7973113],"to":[6.229146,9.624912,7.7973113],"rotation":{"angle":22.5,"axis":"y","origin":[3.91541,7.3096485,8.682476]},"faces":{"east":{"uv":[0.0,0.0,0.0,1.125],"rotation":0,"texture":"#0","tintindex":0},"south":{"uv":[3.5,7.5,4.125,8.625],"rotation":0,"texture":"#0","tintindex":0},"north":{"uv":[7.375,7.375,8.0,8.5],"rotation":0,"texture":"#0","tintindex":0},"west":{"uv":[0.0,0.0,0.0,1.125],"rotation":0,"texture":"#0","tintindex":0},"up":{"uv":[0.625,0.0,0.0,0.0],"rotation":0,"texture":"#0","tintindex":0},"down":{"uv":[0.625,0.0,0.0,0.0],"rotation":0,"texture":"#0","tintindex":0}}},{"from":[9.770854,4.482055,7.7973113],"to":[12.627996,9.624912,7.7973113],"rotation":{"angle":-22.5,"axis":"y","origin":[12.08459,7.3096485,8.682476]},"faces":{"east":{"uv":[0.0,0.0,0.0,1.125],"rotation":0,"texture":"#0","tintindex":0},"south":{"uv":[4.125,7.5,3.5,8.625],"rotation":0,"texture":"#0","tintindex":0},"north":{"uv":[8.0,7.375,7.375,8.5],"rotation":0,"texture":"#0","tintindex":0},"west":{"uv":[0.0,0.0,0.0,1.125],"rotation":0,"texture":"#0","tintindex":0},"up":{"uv":[0.0,0.0,0.625,0.0],"rotation":0,"texture":"#0","tintindex":0},"down":{"uv":[0.0,0.0,0.625,0.0],"rotation":0,"texture":"#0","tintindex":0}}},{"from":[8.0,8.658423,2.7230663],"to":[8.0,12.086995,8.437352],"rotation":{"angle":0.0,"axis":"y","origin":[8.285714,8.086995,6.723067]},"faces":{"east":{"uv":[4.875,6.375,6.125,7.125],"rotation":0,"texture":"#0","tintindex":0},"south":{"uv":[0.0,0.0,0.0,0.75],"rotation":0,"texture":"#0","tintindex":0},"north":{"uv":[0.0,0.0,0.0,0.75],"rotation":0,"texture":"#0","tintindex":0},"west":{"uv":[6.125,6.375,4.875,7.125],"rotation":0,"texture":"#0","tintindex":0},"up":{"uv":[0.0,1.25,0.0,0.0],"rotation":0,"texture":"#0","tintindex":0},"down":{"uv":[0.0,0.0,0.0,1.25],"rotation":0,"texture":"#0","tintindex":0}}},{"from":[5.428571,8.571428,4.428571],"to":[7.142857,10.285714,7.857143],"rotation":{"angle":-22.5,"axis":"x","origin":[8.0,9.142858,6.285714]},"faces":{"east":{"uv":[9.375,1.125,10.125,1.5],"rotation":0,"texture":"#0","tintindex":0},"south":{"uv":[9.875,8.875,10.25,9.25],"rotation":0,"texture":"#0","tintindex":0},"north":{"uv":[9.875,8.5,10.25,8.875],"rotation":0,"texture":"#0","tintindex":0},"west":{"uv":[9.375,1.5,10.125,1.875],"rotation":0,"texture":"#0","tintindex":0},"up":{"uv":[1.375,10.125,1.0,9.375],"rotation":0,"texture":"#0","tintindex":0},"down":{"uv":[3.875,9.375,3.5,10.125],"rotation":0,"texture":"#0","tintindex":0}}},{"from":[8.857143,8.571428,4.428571],"to":[10.571428,10.285714,7.857143],"rotation":{"angle":-22.5,"axis":"x","origin":[8.0,9.142858,6.285714]},"faces":{"east":{"uv":[10.125,1.5,9.375,1.875],"rotation":0,"texture":"#0","tintindex":0},"south":{"uv":[10.25,8.875,9.875,9.25],"rotation":0,"texture":"#0","tintindex":0},"north":{"uv":[10.25,8.5,9.875,8.875],"rotation":0,"texture":"#0","tintindex":0},"west":{"uv":[10.125,1.125,9.375,1.5],"rotation":0,"texture":"#0","tintindex":0},"up":{"uv":[1.0,10.125,1.375,9.375],"rotation":0,"texture":"#0","tintindex":0},"down":{"uv":[3.5,9.375,3.875,10.125],"rotation":0,"texture":"#0","tintindex":0}}},{"from":[5.714286,4.8759103,6.6735907],"to":[10.285714,7.161625,10.673591],"rotation":{"angle":-22.5,"axis":"x","origin":[8.285714,5.447339,7.816448]},"faces":{"east":{"uv":[8.5,8.625,9.375,9.125],"rotation":0,"texture":"#0","tintindex":0},"south":{"uv":[8.25,2.5,9.25,3.0],"rotation":0,"texture":"#0","tintindex":0},"north":{"uv":[8.125,5.0,9.125,5.5],"rotation":0,"texture":"#0","tintindex":0},"west":{"uv":[8.75,6.125,9.625,6.625],"rotation":0,"texture":"#0","tintindex":0},"up":{"uv":[6.375,4.875,5.375,4.0],"rotation":0,"texture":"#0","tintindex":0},"down":{"uv":[7.5,4.875,6.5,5.75],"rotation":0,"texture":"#0","tintindex":0}}},{"from":[6.285714,5.8571424,1.2857141],"to":[9.714286,8.142858,1.8571424],"rotation":{"angle":-22.5,"axis":"x","origin":[8.0,7.857143,2.5714283]},"faces":{"east":{"uv":[4.75,7.5,4.875,8.0],"rotation":0,"texture":"#0","tintindex":0},"south":{"uv":[9.0,7.125,9.75,7.625],"rotation":0,"texture":"#0","tintindex":0},"north":{"uv":[4.75,9.0,5.5,9.5],"rotation":0,"texture":"#0","tintindex":0},"west":{"uv":[0.625,8.25,0.75,8.75],"rotation":0,"texture":"#0","tintindex":0},"up":{"uv":[6.125,5.0,5.375,4.875],"rotation":0,"texture":"#0","tintindex":0},"down":{"uv":[8.875,7.25,8.125,7.375],"rotation":0,"texture":"#0","tintindex":0}}}],"display":{"head":{"translation":[0.0,-6.4,0.0],"scale":[4.0,4.0,4.0]}}}