{"textures":{"0":"modelengine:entity/kur"},"elements":[{"from":[6.742857,6.28027,3.414153],"to":[9.028571,7.994556,7.9855824],"rotation":{"angle":0.0,"axis":"y","origin":[7.3142858,1.7088413,20.55701]},"faces":{"east":{"uv":[10.125,0.375,9.125,0.75],"rotation":0,"texture":"#0","tintindex":0},"south":{"uv":[9.75,5.375,10.25,5.75],"rotation":0,"texture":"#0","tintindex":0},"north":{"uv":[7.75,1.125,8.25,1.5],"rotation":0,"texture":"#0","tintindex":0},"west":{"uv":[9.125,0.375,10.125,0.75],"rotation":0,"texture":"#0","tintindex":0},"up":{"uv":[3.0,5.0,2.5,4.0],"rotation":0,"texture":"#0","tintindex":0},"down":{"uv":[4.0,6.5,3.5,7.5],"rotation":0,"texture":"#0","tintindex":0}}},{"from":[6.1367655,7.7435045,5.6998677],"to":[6.1367655,9.45779,6.2712965],"rotation":{"angle":45.0,"axis":"z","origin":[6.1367655,8.600648,3.9855819]},"faces":{"east":{"uv":[8.0,4.0,8.125,4.375],"rotation":0,"texture":"#0","tintindex":0},"south":{"uv":[0.0,0.0,0.0,0.375],"rotation":0,"texture":"#0","tintindex":0},"north":{"uv":[0.0,0.0,0.0,0.375],"rotation":0,"texture":"#0","tintindex":0},"west":{"uv":[7.875,8.5,8.0,8.875],"rotation":0,"texture":"#0","tintindex":0},"up":{"uv":[0.0,0.125,0.0,0.0],"rotation":0,"texture":"#0","tintindex":0},"down":{"uv":[0.0,0.0,0.0,0.125],"rotation":0,"texture":"#0","tintindex":0}}},{"from":[7.885714,3.994556,3.9855819],"to":[7.885714,6.28027,7.9855824],"rotation":{"angle":0.0,"axis":"y","origin":[7.3142858,1.7088413,20.55701]},"faces":{"east":{"uv":[8.75,6.625,9.625,7.125],"rotation":0,"texture":"#0","tintindex":0},"south":{"uv":[0.0,0.0,0.0,0.5],"rotation":0,"texture":"#0","tintindex":0},"north":{"uv":[0.0,0.0,0.0,0.5],"rotation":0,"texture":"#0","tintindex":0},"west":{"uv":[0.625,8.875,1.5,9.375],"rotation":0,"texture":"#0","tintindex":0},"up":{"uv":[0.0,0.875,0.0,0.0],"rotation":0,"texture":"#0","tintindex":0},"down":{"uv":[0.0,0.0,0.0,0.875],"rotation":0,"texture":"#0","tintindex":0}}},{"from":[5.6,6.28027,3.9855819],"to":[6.1714287,11.423128,5.128439],"rotation":{"angle":22.5,"axis":"z","origin":[6.1714287,9.137413,4.5570107]},"faces":{"east":{"uv":[3.875,9.375,4.125,10.5],"rotation":0,"texture":"#0","tintindex":0},"south":{"uv":[2.75,9.875,2.875,11.0],"rotation":0,"texture":"#0","tintindex":0},"north":{"uv":[5.875,9.75,6.0,10.875],"rotation":0,"texture":"#0","tintindex":0},"west":{"uv":[4.125,9.375,4.375,10.5],"rotation":0,"texture":"#0","tintindex":0},"up":{"uv":[7.625,5.75,7.5,5.5],"rotation":0,"texture":"#0","tintindex":0},"down":{"uv":[7.75,5.5,7.625,5.75],"rotation":0,"texture":"#0","tintindex":0}}},{"from":[9.6,6.28027,3.9855819],"to":[10.171429,11.423128,5.128439],"rotation":{"angle":-22.5,"axis":"z","origin":[9.6,9.137413,4.5570107]},"faces":{"east":{"uv":[4.375,9.375,4.125,10.5],"rotation":0,"texture":"#0","tintindex":0},"south":{"uv":[2.875,9.875,2.75,11.0],"rotation":0,"texture":"#0","tintindex":0},"north":{"uv":[6.0,9.75,5.875,10.875],"rotation":0,"texture":"#0","tintindex":0},"west":{"uv":[4.125,9.375,3.875,10.5],"rotation":0,"texture":"#0","tintindex":0},"up":{"uv":[7.5,5.75,7.625,5.5],"rotation":0,"texture":"#0","tintindex":0},"down":{"uv":[7.625,5.5,7.75,5.75],"rotation":0,"texture":"#0","tintindex":0}}},{"from":[9.634663,7.7435045,5.6998677],"to":[9.634663,9.45779,6.2712965],"rotation":{"angle":-45.0,"axis":"z","origin":[9.634663,8.600648,3.9855819]},"faces":{"east":{"uv":[8.0,8.5,7.875,8.875],"rotation":0,"texture":"#0","tintindex":0},"south":{"uv":[0.0,0.0,0.0,0.375],"rotation":0,"texture":"#0","tintindex":0},"north":{"uv":[0.0,0.0,0.0,0.375],"rotation":0,"texture":"#0","tintindex":0},"west":{"uv":[8.125,4.0,8.0,4.375],"rotation":0,"texture":"#0","tintindex":0},"up":{"uv":[0.0,0.125,0.0,0.0],"rotation":0,"texture":"#0","tintindex":0},"down":{"uv":[0.0,0.0,0.0,0.125],"rotation":0,"texture":"#0","tintindex":0}}}],"display":{"head":{"translation":[0.0,-6.4,0.0],"scale":[4.0,4.0,4.0]}}}