{"textures":{"0":"modelengine:entity/mega_warden_invis"},"elements":[{"from":[1.7142854,3.142857,4.5714283],"to":[14.285715,15.142858,12.0],"rotation":{"angle":0.0,"axis":"y","origin":[8.0,12.0,8.0]},"faces":{"east":{"uv":[3.248,3.502,2.4395,4.8105],"rotation":0,"texture":"#0","tintindex":0},"south":{"uv":[2.0645,1.3145,3.4355,2.623],"rotation":0,"texture":"#0","tintindex":0},"north":{"uv":[2.0645,0.002,3.4355,1.3105],"rotation":0,"texture":"#0","tintindex":0},"west":{"uv":[2.4395,3.502,3.248,4.8105],"rotation":0,"texture":"#0","tintindex":0},"up":{"uv":[4.8105,0.8105,3.4395,0.002],"rotation":0,"texture":"#0","tintindex":0},"down":{"uv":[4.8105,0.8145,3.4395,1.623],"rotation":0,"texture":"#0","tintindex":0}}},{"from":[8.0,3.142857,12.0],"to":[8.0,15.142858,16.57143],"rotation":{"angle":0.0,"axis":"y","origin":[8.0,12.0,8.0]},"faces":{"east":{"uv":[5.627,1.0645,6.123,2.373],"rotation":0,"texture":"#0","tintindex":0},"south":{"uv":[0.002,0.002,0.002,1.3105],"rotation":0,"texture":"#0","tintindex":0},"north":{"uv":[0.002,0.002,0.002,1.3105],"rotation":0,"texture":"#0","tintindex":0},"west":{"uv":[6.123,1.0645,5.627,2.373],"rotation":0,"texture":"#0","tintindex":0},"up":{"uv":[0.002,0.498,0.002,0.002],"rotation":0,"texture":"#0","tintindex":0},"down":{"uv":[0.002,0.002,0.002,0.498],"rotation":0,"texture":"#0","tintindex":0}}}],"display":{"head":{"translation":[0.0,-6.4,0.0],"scale":[4.0,4.0,4.0]}}}