{"textures":{"0":"modelengine:entity/mso_vfx_fireball"},"elements":[{"name":"cube","from":[5.6,5.6,5.6],"to":[10.4,10.4,10.4],"rotation":{"angle":0.0,"axis":"x","origin":[8.0,5.6,8.0]},"faces":{"down":{"uv":[0.0,0.0,16.0,16.0],"rotation":0,"texture":"#0","tintindex":0},"east":{"uv":[0.0,0.0,16.0,16.0],"rotation":0,"texture":"#0","tintindex":0},"north":{"uv":[0.0,0.0,16.0,16.0],"rotation":0,"texture":"#0","tintindex":0},"south":{"uv":[0.0,0.0,16.0,16.0],"rotation":0,"texture":"#0","tintindex":0},"up":{"uv":[0.0,0.0,16.0,16.0],"rotation":0,"texture":"#0","tintindex":0},"west":{"uv":[0.0,0.0,16.0,16.0],"rotation":0,"texture":"#0","tintindex":0}}}],"display":{"head":{"translation":[0.0,-6.4,0.0],"rotation":[0.0,0.0,0.0],"scale":[3.8095,3.8095,3.8095]}}}