{"textures":{"0":"modelengine:entity/kurrot_groundbreak"},"elements":[{"from":[1.1428566,5.142857,6.857143],"to":[8.0,6.285714,10.857143],"rotation":{"angle":0.0,"axis":"y","origin":[0.0,5.714286,11.428572]},"faces":{"east":{"uv":[6.5,4.25,7.375,4.5],"rotation":0,"texture":"#0","tintindex":0},"south":{"uv":[7.875,7.5,9.375,7.75],"rotation":0,"texture":"#0","tintindex":0},"north":{"uv":[7.875,7.25,9.375,7.5],"rotation":0,"texture":"#0","tintindex":0},"west":{"uv":[8.875,4.625,9.75,4.875],"rotation":0,"texture":"#0","tintindex":0},"up":{"uv":[7.5,3.125,6.0,2.25],"rotation":0,"texture":"#0","tintindex":0},"down":{"uv":[3.0,6.25,1.5,7.125],"rotation":0,"texture":"#0","tintindex":0}}},{"from":[0.0,6.285714,5.714286],"to":[8.0,8.0,10.857143],"rotation":{"angle":0.0,"axis":"y","origin":[0.0,5.714286,11.428572]},"faces":{"east":{"uv":[7.75,6.875,8.875,7.25],"rotation":0,"texture":"#0","tintindex":0},"south":{"uv":[7.625,3.375,9.375,3.75],"rotation":0,"texture":"#0","tintindex":0},"north":{"uv":[7.625,3.0,9.375,3.375],"rotation":0,"texture":"#0","tintindex":0},"west":{"uv":[7.0,7.75,8.125,8.125],"rotation":0,"texture":"#0","tintindex":0},"up":{"uv":[6.0,3.375,4.25,2.25],"rotation":0,"texture":"#0","tintindex":0},"down":{"uv":[6.5,3.375,4.75,4.5],"rotation":0,"texture":"#0","tintindex":0}}},{"from":[-2.285715,6.285714,8.0],"to":[0.0,8.0,10.857143],"rotation":{"angle":0.0,"axis":"y","origin":[0.0,5.714286,11.428572]},"faces":{"east":{"uv":[3.25,8.875,3.875,9.25],"rotation":0,"texture":"#0","tintindex":0},"south":{"uv":[7.25,8.875,7.75,9.25],"rotation":0,"texture":"#0","tintindex":0},"north":{"uv":[8.875,6.875,9.375,7.25],"rotation":0,"texture":"#0","tintindex":0},"west":{"uv":[8.875,3.75,9.5,4.125],"rotation":0,"texture":"#0","tintindex":0},"up":{"uv":[4.75,4.0,4.25,3.375],"rotation":0,"texture":"#0","tintindex":0},"down":{"uv":[8.5,8.375,8.0,9.0],"rotation":0,"texture":"#0","tintindex":0}}}],"display":{"head":{"translation":[0.0,-6.4,0.0],"scale":[4.0,4.0,4.0]}}}