{"textures":{"0":"modelengine:entity/kurrot_groundbreak"},"elements":[{"from":[2.2857141,5.714286,5.142857],"to":[8.0,6.857143,9.142858],"rotation":{"angle":0.0,"axis":"y","origin":[2.8571424,5.714286,10.285714]},"faces":{"east":{"uv":[8.875,5.375,9.75,5.625],"rotation":0,"texture":"#0","tintindex":0},"south":{"uv":[4.5,8.5,5.75,8.75],"rotation":0,"texture":"#0","tintindex":0},"north":{"uv":[1.0,8.5,2.25,8.75],"rotation":0,"texture":"#0","tintindex":0},"west":{"uv":[8.875,5.625,9.75,5.875],"rotation":0,"texture":"#0","tintindex":0},"up":{"uv":[7.75,6.5,6.5,5.625],"rotation":0,"texture":"#0","tintindex":0},"down":{"uv":[7.75,6.5,6.5,7.375],"rotation":0,"texture":"#0","tintindex":0}}},{"from":[1.1428566,6.857143,5.142857],"to":[8.0,8.0,10.285714],"rotation":{"angle":0.0,"axis":"y","origin":[2.8571424,5.714286,10.285714]},"faces":{"east":{"uv":[8.875,1.0,10.0,1.25],"rotation":0,"texture":"#0","tintindex":0},"south":{"uv":[7.0,8.125,8.5,8.375],"rotation":0,"texture":"#0","tintindex":0},"north":{"uv":[2.375,8.0,3.875,8.25],"rotation":0,"texture":"#0","tintindex":0},"west":{"uv":[8.875,1.25,10.0,1.5],"rotation":0,"texture":"#0","tintindex":0},"up":{"uv":[6.25,5.625,4.75,4.5],"rotation":0,"texture":"#0","tintindex":0},"down":{"uv":[1.5,4.875,0.0,6.0],"rotation":0,"texture":"#0","tintindex":0}}},{"from":[-1.1428576,6.857143,5.142857],"to":[1.1428566,8.0,8.0],"rotation":{"angle":0.0,"axis":"y","origin":[2.8571424,5.714286,10.285714]},"faces":{"east":{"uv":[9.0,6.125,9.625,6.375],"rotation":0,"texture":"#0","tintindex":0},"south":{"uv":[2.25,9.25,2.75,9.5],"rotation":0,"texture":"#0","tintindex":0},"north":{"uv":[2.75,9.125,3.25,9.375],"rotation":0,"texture":"#0","tintindex":0},"west":{"uv":[9.0,6.375,9.625,6.625],"rotation":0,"texture":"#0","tintindex":0},"up":{"uv":[0.5,9.125,0.0,8.5],"rotation":0,"texture":"#0","tintindex":0},"down":{"uv":[1.0,8.5,0.5,9.125],"rotation":0,"texture":"#0","tintindex":0}}}],"display":{"head":{"translation":[0.0,-6.4,0.0],"scale":[4.0,4.0,4.0]}}}