{"textures":{"0":"modelengine:entity/kurrot_groundbreak"},"elements":[{"from":[8.009523,7.4190474,5.2380953],"to":[19.438095,7.990476,10.380953],"rotation":{"angle":0.0,"axis":"y","origin":[22.295238,5.7047615,5.8095236]},"faces":{"east":{"uv":[0.0,9.25,1.125,9.375],"rotation":0,"texture":"#0","tintindex":0},"south":{"uv":[5.5,8.375,8.0,8.5],"rotation":0,"texture":"#0","tintindex":0},"north":{"uv":[8.125,8.0,10.625,8.125],"rotation":0,"texture":"#0","tintindex":0},"west":{"uv":[1.125,9.25,2.25,9.375],"rotation":0,"texture":"#0","tintindex":0},"up":{"uv":[5.375,1.125,2.875,0.0],"rotation":0,"texture":"#0","tintindex":0},"down":{"uv":[5.375,1.125,2.875,2.25],"rotation":0,"texture":"#0","tintindex":0}}},{"from":[8.009523,5.7047615,10.952381],"to":[17.152382,7.4190474,13.238096],"rotation":{"angle":0.0,"axis":"y","origin":[22.295238,5.7047615,5.8095236]},"faces":{"east":{"uv":[3.875,8.875,4.375,9.25],"rotation":0,"texture":"#0","tintindex":0},"south":{"uv":[7.5,2.25,9.5,2.625],"rotation":0,"texture":"#0","tintindex":0},"north":{"uv":[5.875,7.375,7.875,7.75],"rotation":0,"texture":"#0","tintindex":0},"west":{"uv":[6.75,8.875,7.25,9.25],"rotation":0,"texture":"#0","tintindex":0},"up":{"uv":[8.75,2.25,6.75,1.75],"rotation":0,"texture":"#0","tintindex":0},"down":{"uv":[5.0,6.75,3.0,7.25],"rotation":0,"texture":"#0","tintindex":0}}},{"from":[8.009523,5.7047615,5.2380953],"to":[21.152382,7.4190474,10.952381],"rotation":{"angle":0.0,"axis":"y","origin":[22.295238,5.7047615,5.8095236]},"faces":{"east":{"uv":[7.75,6.125,9.0,6.5],"rotation":0,"texture":"#0","tintindex":0},"south":{"uv":[6.75,0.375,9.625,0.75],"rotation":0,"texture":"#0","tintindex":0},"north":{"uv":[6.75,0.0,9.625,0.375],"rotation":0,"texture":"#0","tintindex":0},"west":{"uv":[7.75,6.5,9.0,6.875],"rotation":0,"texture":"#0","tintindex":0},"up":{"uv":[2.875,1.25,0.0,0.0],"rotation":0,"texture":"#0","tintindex":0},"down":{"uv":[2.875,1.25,0.0,2.5],"rotation":0,"texture":"#0","tintindex":0}}}],"display":{"head":{"translation":[0.0,-6.4,0.0],"scale":[4.0,4.0,4.0]}}}