{"textures":{"0":"modelengine:entity/ecnpcs_demon_lord"},"elements":[{"from":[4.5714283,6.5142856,5.714286],"to":[11.428572,12.228572,10.285714],"rotation":{"angle":0.0,"axis":"y","origin":[8.0,-5.714287,8.0]},"faces":{"east":{"uv":[4.5,4.625,5.5,5.875],"rotation":0,"texture":"#0","tintindex":0},"south":{"uv":[0.0,4.625,1.5,5.875],"rotation":0,"texture":"#0","tintindex":0},"north":{"uv":[3.5,3.375,5.0,4.625],"rotation":0,"texture":"#0","tintindex":0},"west":{"uv":[5.0,3.375,6.0,4.625],"rotation":0,"texture":"#0","tintindex":0},"up":{"uv":[3.0,5.625,1.5,4.625],"rotation":0,"texture":"#0","tintindex":0},"down":{"uv":[4.5,4.625,3.0,5.625],"rotation":0,"texture":"#0","tintindex":0}}},{"from":[3.2571425,8.571428,5.942857],"to":[6.1142855,14.285715,9.942858],"rotation":{"angle":22.5,"axis":"z","origin":[8.0,9.3714285,8.0]},"faces":{"east":{"uv":[5.5,1.25,6.375,2.5],"rotation":0,"texture":"#0","tintindex":0},"south":{"uv":[6.25,7.125,6.875,8.375],"rotation":0,"texture":"#0","tintindex":0},"north":{"uv":[7.125,4.375,7.75,5.625],"rotation":0,"texture":"#0","tintindex":0},"west":{"uv":[5.5,4.625,6.375,5.875],"rotation":0,"texture":"#0","tintindex":0},"up":{"uv":[8.25,10.5,7.625,9.625],"rotation":0,"texture":"#0","tintindex":0},"down":{"uv":[10.375,5.0,9.75,5.875],"rotation":0,"texture":"#0","tintindex":0}}},{"from":[9.885715,8.571428,5.942857],"to":[12.742857,14.285715,9.942858],"rotation":{"angle":-22.5,"axis":"z","origin":[8.0,9.3714285,8.0]},"faces":{"east":{"uv":[1.5,5.625,2.375,6.875],"rotation":0,"texture":"#0","tintindex":0},"south":{"uv":[0.0,7.625,0.625,8.875],"rotation":0,"texture":"#0","tintindex":0},"north":{"uv":[7.25,0.0,7.875,1.25],"rotation":0,"texture":"#0","tintindex":0},"west":{"uv":[2.375,5.625,3.25,6.875],"rotation":0,"texture":"#0","tintindex":0},"up":{"uv":[10.375,6.75,9.75,5.875],"rotation":0,"texture":"#0","tintindex":0},"down":{"uv":[10.5,0.75,9.875,1.625],"rotation":0,"texture":"#0","tintindex":0}}},{"from":[4.0,10.951305,5.01357],"to":[12.0,13.808449,10.727856],"rotation":{"angle":-22.5,"axis":"x","origin":[8.0,10.951305,7.2992845]},"faces":{"east":{"uv":[7.125,1.25,8.375,1.875],"rotation":0,"texture":"#0","tintindex":0},"south":{"uv":[5.5,0.625,7.25,1.25],"rotation":0,"texture":"#0","tintindex":0},"north":{"uv":[5.5,0.0,7.25,0.625],"rotation":0,"texture":"#0","tintindex":0},"west":{"uv":[7.125,1.875,8.375,2.5],"rotation":0,"texture":"#0","tintindex":0},"up":{"uv":[1.75,4.625,0.0,3.375],"rotation":0,"texture":"#0","tintindex":0},"down":{"uv":[3.5,3.375,1.75,4.625],"rotation":0,"texture":"#0","tintindex":0}}},{"from":[4.5714283,12.187025,9.811438],"to":[11.428572,15.0441675,12.668581],"rotation":{"angle":45.0,"axis":"x","origin":[8.0,14.129881,11.240009]},"faces":{"east":{"uv":[10.625,6.75,11.25,7.375],"rotation":0,"texture":"#0","tintindex":0},"south":{"uv":[7.0,3.125,8.5,3.75],"rotation":0,"texture":"#0","tintindex":0},"north":{"uv":[7.0,2.5,8.5,3.125],"rotation":0,"texture":"#0","tintindex":0},"west":{"uv":[10.625,7.375,11.25,8.0],"rotation":0,"texture":"#0","tintindex":0},"up":{"uv":[8.5,4.375,7.0,3.75],"rotation":0,"texture":"#0","tintindex":0},"down":{"uv":[8.5,5.75,7.0,6.375],"rotation":0,"texture":"#0","tintindex":0}}},{"from":[5.142857,3.6571426,6.285714],"to":[10.857143,6.5142856,9.714286],"rotation":{"angle":0.0,"axis":"y","origin":[8.0,-5.714287,8.0]},"faces":{"east":{"uv":[10.125,0.0,10.875,0.625],"rotation":0,"texture":"#0","tintindex":0},"south":{"uv":[7.0,7.0,8.25,7.625],"rotation":0,"texture":"#0","tintindex":0},"north":{"uv":[7.0,6.375,8.25,7.0],"rotation":0,"texture":"#0","tintindex":0},"west":{"uv":[10.125,8.75,10.875,9.375],"rotation":0,"texture":"#0","tintindex":0},"up":{"uv":[1.25,7.625,0.0,6.875],"rotation":0,"texture":"#0","tintindex":0},"down":{"uv":[2.5,6.875,1.25,7.625],"rotation":0,"texture":"#0","tintindex":0}}}],"display":{"head":{"translation":[0.0,-6.4,0.0],"scale":[4.0,4.0,4.0]}}}