{"textures":{"0":"modelengine:entity/ecnpcs_demon_lord"},"elements":[{"from":[6.857143,4.940334,7.1844525],"to":[9.142858,9.511763,9.470167],"rotation":{"angle":-45.0,"axis":"x","origin":[7.714286,7.740334,9.870167]},"faces":{"east":{"uv":[5.75,10.125,6.25,11.125],"rotation":0,"texture":"#0","tintindex":0},"south":{"uv":[6.25,10.125,6.75,11.125],"rotation":0,"texture":"#0","tintindex":0},"north":{"uv":[0.5,10.125,1.0,11.125],"rotation":0,"texture":"#0","tintindex":0},"west":{"uv":[6.75,10.125,7.25,11.125],"rotation":0,"texture":"#0","tintindex":0},"up":{"uv":[1.5,11.875,1.0,11.375],"rotation":0,"texture":"#0","tintindex":0},"down":{"uv":[2.0,11.375,1.5,11.875],"rotation":0,"texture":"#0","tintindex":0}}}],"display":{"head":{"translation":[0.0,-6.4,0.0],"scale":[4.0,4.0,4.0]}}}