{"textures":{"0":"modelengine:entity/ecnpcs_demon_lord"},"elements":[{"from":[6.5714283,6.5714283,7.428571],"to":[9.428572,10.0,8.571428],"rotation":{"angle":0.0,"axis":"y","origin":[8.857143,11.714286,9.142858]},"faces":{"east":{"uv":[9.625,11.625,9.875,12.375],"rotation":0,"texture":"#0","tintindex":0},"south":{"uv":[2.0,10.25,2.625,11.0],"rotation":0,"texture":"#0","tintindex":0},"north":{"uv":[10.25,1.625,10.875,2.375],"rotation":0,"texture":"#0","tintindex":0},"west":{"uv":[9.875,11.625,10.125,12.375],"rotation":0,"texture":"#0","tintindex":0},"up":{"uv":[12.375,12.0,11.75,11.75],"rotation":0,"texture":"#0","tintindex":0},"down":{"uv":[12.5,0.0,11.875,0.25],"rotation":0,"texture":"#0","tintindex":0}}}],"display":{"head":{"translation":[0.0,-6.4,0.0],"scale":[4.0,4.0,4.0]}}}