{"textures":{"0":"modelengine:entity/ecnpcs_demon_lord"},"elements":[{"from":[6.5714283,4.8571424,7.428571],"to":[9.428572,10.0,8.571428],"rotation":{"angle":0.0,"axis":"y","origin":[7.142857,11.714286,9.142858]},"faces":{"east":{"uv":[6.125,11.125,6.375,12.25],"rotation":0,"texture":"#0","tintindex":0},"south":{"uv":[2.125,9.125,2.75,10.25],"rotation":0,"texture":"#0","tintindex":0},"north":{"uv":[0.0,8.875,0.625,10.0],"rotation":0,"texture":"#0","tintindex":0},"west":{"uv":[6.375,11.125,6.625,12.25],"rotation":0,"texture":"#0","tintindex":0},"up":{"uv":[12.375,7.625,11.75,7.375],"rotation":0,"texture":"#0","tintindex":0},"down":{"uv":[12.375,11.5,11.75,11.75],"rotation":0,"texture":"#0","tintindex":0}}}],"display":{"head":{"translation":[0.0,-6.4,0.0],"scale":[4.0,4.0,4.0]}}}