{"textures":{"0":"modelengine:entity/ecnpcs_demon_lord"},"elements":[{"from":[6.5714283,6.0,7.428571],"to":[9.428572,10.0,8.571428],"rotation":{"angle":0.0,"axis":"y","origin":[7.142857,11.714286,9.142858]},"faces":{"east":{"uv":[5.375,11.5,5.625,12.375],"rotation":0,"texture":"#0","tintindex":0},"south":{"uv":[1.375,9.625,2.0,10.5],"rotation":0,"texture":"#0","tintindex":0},"north":{"uv":[9.25,9.5,9.875,10.375],"rotation":0,"texture":"#0","tintindex":0},"west":{"uv":[2.875,11.625,3.125,12.5],"rotation":0,"texture":"#0","tintindex":0},"up":{"uv":[12.375,7.125,11.75,6.875],"rotation":0,"texture":"#0","tintindex":0},"down":{"uv":[12.375,7.125,11.75,7.375],"rotation":0,"texture":"#0","tintindex":0}}}],"display":{"head":{"translation":[0.0,-6.4,0.0],"scale":[4.0,4.0,4.0]}}}